<?xml version = '1.0' encoding = 'UTF-8'?>
<FKIndexAssociation class="oracle.dbtools.crest.model.design.relational.FKIndexAssociation" directorySegmentName="seg_0" id="01BD6F65-6416-C2C9-40B5-4C854C4E85D8" containerWithKeyObject="CAD14DFD-F503-5A22-1293-9E48F1879007" localFKIndex="88EB5304-5BA1-8113-8DDF-5BF46C8C8188" name="INGRESO_VEHICULO_NIVEL_COMBUSTIBLE_FK">
<createdBy>Benjamin</createdBy>
<createdTime>2025-10-05 23:13:21 UTC</createdTime>
<generatorID>3E376DB0-D236-04EB-3ECE-163F6576B8C5</generatorID>
<ownerDesignName>mec-im_DB</ownerDesignName>
<referredTableLongName>NIVEL_COMBUSTIBLE</referredTableLongName>
<deleteRule>NO ACTION</deleteRule>
<referredTableID>AF972B4A-C02B-15B2-B665-A4A0EDDC2CC4</referredTableID>
<keyObject>E89DA8EE-E25C-8285-6C57-0C11AD44C0FC</keyObject>
<referredKeyID>E89DA8EE-E25C-8285-6C57-0C11AD44C0FC</referredKeyID>
<mandatory>true</mandatory>
<refColNames>id_nivel_comb</refColNames>
<transferable>true</transferable>
<rely>false</rely>
<columnDependencyConstraintGenerateInDDL>true</columnDependencyConstraintGenerateInDDL>
</FKIndexAssociation>