<?xml version = '1.0' encoding = 'UTF-8'?>
<FKIndexAssociation class="oracle.dbtools.crest.model.design.relational.FKIndexAssociation" directorySegmentName="seg_0" id="03F62CB1-B506-114B-5B6F-4B640283DE6F" containerWithKeyObject="E7B11B3D-ADB6-A77A-29A9-5A6C95677CFE" localFKIndex="CE327DDC-18E0-C4B9-F99A-2FC5BF1BE096" name="ORDEN_TRABAJO_USUARIO_FK">
<createdBy>Benjamin</createdBy>
<createdTime>2025-10-04 22:46:42 UTC</createdTime>
<generatorID>74D61301-E5B8-3E83-E7E0-3628FF6F9B8D</generatorID>
<ownerDesignName>mec-im_DB</ownerDesignName>
<referredTableLongName>USUARIO</referredTableLongName>
<deleteRule>NO ACTION</deleteRule>
<referredTableID>070285EB-AE72-3CE9-138B-D3D76FFBA226</referredTableID>
<keyObject>82A7F012-CED2-0097-F1AD-85F8A6E53AE5</keyObject>
<referredKeyID>82A7F012-CED2-0097-F1AD-85F8A6E53AE5</referredKeyID>
<mandatory>true</mandatory>
<refColNames>id_usuario</refColNames>
<transferable>true</transferable>
<rely>false</rely>
<columnDependencyConstraintGenerateInDDL>true</columnDependencyConstraintGenerateInDDL>
</FKIndexAssociation>