<?xml version = '1.0' encoding = 'UTF-8'?>
<FKIndexAssociation class="oracle.dbtools.crest.model.design.relational.FKIndexAssociation" directorySegmentName="seg_0" id="089B6FE4-9687-94FE-B5DF-4802A258D231" containerWithKeyObject="E46DB026-DA05-2F7B-6047-EAAD18411C56" localFKIndex="ECDC0F91-EDE6-A78E-F4A6-851DAD399BA4" name="CALENDARIO_TALLER_TIPO_RESERVA_FK">
<createdBy>Benjamin</createdBy>
<createdTime>2025-10-05 23:13:21 UTC</createdTime>
<generatorID>99A1D608-C2F4-7854-DE33-6EC5F3B53BB1</generatorID>
<ownerDesignName>mec-im_DB</ownerDesignName>
<referredTableLongName>TIPO_RESERVA</referredTableLongName>
<deleteRule>NO ACTION</deleteRule>
<referredTableID>C3BE0C9A-975F-A800-C2A4-4C477F521F3C</referredTableID>
<keyObject>9735E3DE-2B44-7C70-D7EB-F1CCF2A42F95</keyObject>
<referredKeyID>9735E3DE-2B44-7C70-D7EB-F1CCF2A42F95</referredKeyID>
<mandatory>true</mandatory>
<refColNames>id_tipo_reserva</refColNames>
<transferable>true</transferable>
<rely>false</rely>
<columnDependencyConstraintGenerateInDDL>true</columnDependencyConstraintGenerateInDDL>
</FKIndexAssociation>