<?xml version = '1.0' encoding = 'UTF-8'?>
<FKIndexAssociation class="oracle.dbtools.crest.model.design.relational.FKIndexAssociation" directorySegmentName="seg_0" id="0EE9263A-202C-BB3C-F90B-828A9623388B" containerWithKeyObject="CA4D12D3-2454-0312-DA0E-88DD19D51365" localFKIndex="4EA37E0C-2A6C-2FFB-5A2F-FFCD7DAE429E" name="LLAVES_ESTADO_LLAVE_FK">
<createdBy>Benjamin</createdBy>
<createdTime>2025-10-05 23:13:21 UTC</createdTime>
<generatorID>742C47C4-89AD-DBD5-E7C3-CF154023B97D</generatorID>
<ownerDesignName>mec-im_DB</ownerDesignName>
<referredTableLongName>ESTADO_LLAVE</referredTableLongName>
<deleteRule>NO ACTION</deleteRule>
<referredTableID>49AD0666-9ABD-1A45-102E-FD9AB2C1895D</referredTableID>
<keyObject>9FB4A030-2E9B-0B73-65C9-9030046DC342</keyObject>
<referredKeyID>9FB4A030-2E9B-0B73-65C9-9030046DC342</referredKeyID>
<mandatory>true</mandatory>
<refColNames>id_estado_llave</refColNames>
<transferable>true</transferable>
<rely>false</rely>
<columnDependencyConstraintGenerateInDDL>true</columnDependencyConstraintGenerateInDDL>
</FKIndexAssociation>