<?xml version = '1.0' encoding = 'UTF-8'?>
<FKIndexAssociation class="oracle.dbtools.crest.model.design.relational.FKIndexAssociation" directorySegmentName="seg_0" id="0F468C78-8BE6-5808-770A-FE0B0C9F90BE" containerWithKeyObject="C0404F2C-5F2A-09D4-9A20-4FCD41A1D0D6" localFKIndex="7732E334-7AC7-A403-F502-EB4B16BF7013" name="REPUESTO_CRITICIDAD_FK">
<createdBy>Benjamin</createdBy>
<createdTime>2025-10-05 23:13:21 UTC</createdTime>
<generatorID>23A687D6-BA29-8D74-6FCB-A4D1C3AB1EAC</generatorID>
<ownerDesignName>mec-im_DB</ownerDesignName>
<referredTableLongName>CRITICIDAD</referredTableLongName>
<deleteRule>NO ACTION</deleteRule>
<referredTableID>4079C4DE-14CD-C2A5-C241-8837E86F1AE9</referredTableID>
<keyObject>C0B6C9A6-6DDA-B84D-2631-BEE255FD274D</keyObject>
<referredKeyID>C0B6C9A6-6DDA-B84D-2631-BEE255FD274D</referredKeyID>
<mandatory>true</mandatory>
<refColNames>id_nivel_crit</refColNames>
<transferable>true</transferable>
<rely>false</rely>
<columnDependencyConstraintGenerateInDDL>true</columnDependencyConstraintGenerateInDDL>
</FKIndexAssociation>