<?xml version = '1.0' encoding = 'UTF-8'?>
<FKIndexAssociation class="oracle.dbtools.crest.model.design.relational.FKIndexAssociation" directorySegmentName="seg_0" id="18974AA8-8565-FC08-9347-6FDD4564E29E" containerWithKeyObject="3C0C62E0-6508-1FEC-ACFC-7A074CD2E04F" localFKIndex="CCD6E9E4-63DB-B7D8-4E68-FEA9A5F64B51" name="RECURSO_TALLER_ESTADO_RECURSO_FK">
<createdBy>Benjamin</createdBy>
<createdTime>2025-10-05 23:13:21 UTC</createdTime>
<generatorID>1DD3CBEE-6C0A-C9EA-25F3-897B39A72D2E</generatorID>
<ownerDesignName>mec-im_DB</ownerDesignName>
<referredTableLongName>ESTADO_RECURSO</referredTableLongName>
<deleteRule>NO ACTION</deleteRule>
<referredTableID>40D1C3A2-AF13-14BA-0EC1-FE31DBAE2405</referredTableID>
<keyObject>7D8DAFD4-0BCF-0CBF-8873-1054638B811A</keyObject>
<referredKeyID>7D8DAFD4-0BCF-0CBF-8873-1054638B811A</referredKeyID>
<mandatory>true</mandatory>
<refColNames>id_estado_recurso</refColNames>
<transferable>true</transferable>
<rely>false</rely>
<columnDependencyConstraintGenerateInDDL>true</columnDependencyConstraintGenerateInDDL>
</FKIndexAssociation>