<?xml version = '1.0' encoding = 'UTF-8'?>
<FKIndexAssociation class="oracle.dbtools.crest.model.design.relational.FKIndexAssociation" directorySegmentName="seg_0" id="1AE24E30-A9A1-1C28-66B7-DFF516024B96" containerWithKeyObject="6D111FA7-034A-EDFB-6C47-85D3C90D71D9" localFKIndex="42C79169-9BA9-7BBE-A932-7F0B9F33A1D2" name="VEHICULO_TIPO_VEHICULO_FK">
<createdBy>Benjamin</createdBy>
<createdTime>2025-10-05 23:13:21 UTC</createdTime>
<generatorID>2599A476-61A5-7138-440A-3ED609125361</generatorID>
<ownerDesignName>mec-im_DB</ownerDesignName>
<referredTableLongName>TIPO_VEHICULO</referredTableLongName>
<deleteRule>NO ACTION</deleteRule>
<referredTableID>A700E456-AF65-29FB-99A3-413B7FF38413</referredTableID>
<keyObject>F8203B4D-2F29-60E9-C6AC-4B8D9BB16761</keyObject>
<referredKeyID>F8203B4D-2F29-60E9-C6AC-4B8D9BB16761</referredKeyID>
<mandatory>true</mandatory>
<refColNames>id_tipo_vehiculo</refColNames>
<transferable>true</transferable>
<rely>false</rely>
<columnDependencyConstraintGenerateInDDL>true</columnDependencyConstraintGenerateInDDL>
</FKIndexAssociation>