<?xml version = '1.0' encoding = 'UTF-8'?>
<FKIndexAssociation class="oracle.dbtools.crest.model.design.relational.FKIndexAssociation" directorySegmentName="seg_0" id="1B84C168-66C4-8A35-403E-6215A40F062C" containerWithKeyObject="EDD340F3-AA1E-CCAE-D70D-8D5218B313B8" localFKIndex="BE90B973-A625-D423-8151-63057E216C52" name="REPORTES_GENERADOS_FORMATO_REPORTE_FK">
<createdBy>Benjamin</createdBy>
<createdTime>2025-10-05 23:13:21 UTC</createdTime>
<generatorID>C02B6ADD-7E5C-3BB8-3930-3288E7CC91FD</generatorID>
<ownerDesignName>mec-im_DB</ownerDesignName>
<referredTableLongName>FORMATO_REPORTE</referredTableLongName>
<deleteRule>NO ACTION</deleteRule>
<referredTableID>AA3A6648-FCCC-8E41-79A4-84A9159893EF</referredTableID>
<keyObject>F7A89EEA-81AF-7F56-1B2D-54EBE379242E</keyObject>
<referredKeyID>F7A89EEA-81AF-7F56-1B2D-54EBE379242E</referredKeyID>
<mandatory>true</mandatory>
<refColNames>id_formato_reporte</refColNames>
<transferable>true</transferable>
<rely>false</rely>
<columnDependencyConstraintGenerateInDDL>true</columnDependencyConstraintGenerateInDDL>
</FKIndexAssociation>