<?xml version = '1.0' encoding = 'UTF-8'?>
<FKIndexAssociation class="oracle.dbtools.crest.model.design.relational.FKIndexAssociation" directorySegmentName="seg_0" id="1BC22C8B-8C16-D46E-936D-9F4AB0D173DD" containerWithKeyObject="482D9CB2-9F1B-FA9C-1A48-D2FCC7756832" localFKIndex="4A9C6D71-D234-E0B9-245B-B87C27BB000E" name="NOTIFICACION_PRIORIDAD_NOTIFICACION_FK">
<createdBy>Benjamin</createdBy>
<createdTime>2025-10-05 23:13:21 UTC</createdTime>
<generatorID>F45B06C5-72C9-A169-1AA7-18633213DB47</generatorID>
<ownerDesignName>mec-im_DB</ownerDesignName>
<referredTableLongName>PRIORIDAD_NOTIFICACION</referredTableLongName>
<deleteRule>NO ACTION</deleteRule>
<referredTableID>388E7CE7-F56C-D7F2-5D8E-8B6C896E56C2</referredTableID>
<keyObject>43E63E13-7114-EBDD-1218-A950205F5F93</keyObject>
<referredKeyID>43E63E13-7114-EBDD-1218-A950205F5F93</referredKeyID>
<mandatory>true</mandatory>
<refColNames>id_prioridad</refColNames>
<transferable>true</transferable>
<rely>false</rely>
<columnDependencyConstraintGenerateInDDL>true</columnDependencyConstraintGenerateInDDL>
</FKIndexAssociation>