<?xml version = '1.0' encoding = 'UTF-8'?>
<FKIndexAssociation class="oracle.dbtools.crest.model.design.relational.FKIndexAssociation" directorySegmentName="seg_0" id="1CDEA8BA-7153-38E2-06F5-E7BB33F1FCB8" containerWithKeyObject="482D9CB2-9F1B-FA9C-1A48-D2FCC7756832" localFKIndex="AD20D613-27B3-0159-FE38-A9FE2F6CED27" name="NOTIFICACION_TIPO_REFERENCIA_FK">
<createdBy>Benjamin</createdBy>
<createdTime>2025-10-05 23:13:21 UTC</createdTime>
<generatorID>D73DD8F4-CA20-3897-D441-8496BF0163A7</generatorID>
<ownerDesignName>mec-im_DB</ownerDesignName>
<referredTableLongName>TIPO_REFERENCIA</referredTableLongName>
<deleteRule>NO ACTION</deleteRule>
<referredTableID>B30EE27D-9A3D-B092-4977-5027A26E377D</referredTableID>
<keyObject>B25CEA94-5EEE-D678-46FC-DD3AFC0630C9</keyObject>
<referredKeyID>B25CEA94-5EEE-D678-46FC-DD3AFC0630C9</referredKeyID>
<mandatory>true</mandatory>
<refColNames>id_tipo_referencia</refColNames>
<transferable>true</transferable>
<rely>false</rely>
<columnDependencyConstraintGenerateInDDL>true</columnDependencyConstraintGenerateInDDL>
</FKIndexAssociation>