<?xml version = '1.0' encoding = 'UTF-8'?>
<FKIndexAssociation class="oracle.dbtools.crest.model.design.relational.FKIndexAssociation" directorySegmentName="seg_0" id="1FF5DF83-36DF-4A43-4175-CC75E93161A0" containerWithKeyObject="B87C8758-B20A-E985-4DCC-EB3574F4C19A" localFKIndex="CD83BFE9-6DFC-E2CD-A233-FE7085AB6327" name="ORDEN_REPUESTO_ORDEN_TRABAJO_FK">
<createdBy>Benjamin</createdBy>
<createdTime>2025-10-05 23:13:21 UTC</createdTime>
<generatorID>DCBFFFD6-EBE1-A4B8-108E-02417A755F08</generatorID>
<ownerDesignName>mec-im_DB</ownerDesignName>
<referredTableLongName>ORDEN_TRABAJO</referredTableLongName>
<deleteRule>NO ACTION</deleteRule>
<referredTableID>E7B11B3D-ADB6-A77A-29A9-5A6C95677CFE</referredTableID>
<keyObject>F4E0734E-EADB-F3AB-1385-9B14F6AEC8DF</keyObject>
<referredKeyID>F4E0734E-EADB-F3AB-1385-9B14F6AEC8DF</referredKeyID>
<mandatory>true</mandatory>
<refColNames>id_orden</refColNames>
<transferable>true</transferable>
<rely>false</rely>
<columnDependencyConstraintGenerateInDDL>true</columnDependencyConstraintGenerateInDDL>
</FKIndexAssociation>