<?xml version = '1.0' encoding = 'UTF-8'?>
<FKIndexAssociation class="oracle.dbtools.crest.model.design.relational.FKIndexAssociation" directorySegmentName="seg_0" id="3E8D2CF0-3E10-E678-48D1-F90AAC65535F" containerWithKeyObject="B87C8758-B20A-E985-4DCC-EB3574F4C19A" localFKIndex="A4B84D17-4186-67A3-D71C-B75B45EE5F0F" name="ORDEN_REPUESTO_USUARIO_FK">
<createdBy>Benjamin</createdBy>
<createdTime>2025-10-05 23:13:21 UTC</createdTime>
<generatorID>A5D73B05-D495-931D-E246-AF5B8D9481B3</generatorID>
<ownerDesignName>mec-im_DB</ownerDesignName>
<referredTableLongName>USUARIO</referredTableLongName>
<deleteRule>NO ACTION</deleteRule>
<referredTableID>070285EB-AE72-3CE9-138B-D3D76FFBA226</referredTableID>
<keyObject>82A7F012-CED2-0097-F1AD-85F8A6E53AE5</keyObject>
<referredKeyID>82A7F012-CED2-0097-F1AD-85F8A6E53AE5</referredKeyID>
<mandatory>true</mandatory>
<refColNames>id_usuario</refColNames>
<transferable>true</transferable>
<rely>false</rely>
<columnDependencyConstraintGenerateInDDL>true</columnDependencyConstraintGenerateInDDL>
</FKIndexAssociation>