<?xml version = '1.0' encoding = 'UTF-8'?>
<FKIndexAssociation class="oracle.dbtools.crest.model.design.relational.FKIndexAssociation" directorySegmentName="seg_0" id="4182BF37-802A-0833-DA41-D721CC6674C1" containerWithKeyObject="776DE9A8-7F84-6B2F-7CE0-D6A799EB6340" localFKIndex="A5274BB5-301D-1469-1194-12BEFA1607DB" name="HISTORIAL_VEHICULO_VEHICULO_FK">
<createdBy>Benjamin</createdBy>
<createdTime>2025-10-05 23:13:21 UTC</createdTime>
<generatorID>D3095F4E-3A71-8A90-7541-CC520FEAA957</generatorID>
<ownerDesignName>mec-im_DB</ownerDesignName>
<referredTableLongName>VEHICULO</referredTableLongName>
<deleteRule>NO ACTION</deleteRule>
<referredTableID>6D111FA7-034A-EDFB-6C47-85D3C90D71D9</referredTableID>
<keyObject>711C181B-EAB2-B9D8-C489-17C00780F426</keyObject>
<referredKeyID>711C181B-EAB2-B9D8-C489-17C00780F426</referredKeyID>
<mandatory>true</mandatory>
<refColNames>id_vehiculo</refColNames>
<transferable>true</transferable>
<rely>false</rely>
<columnDependencyConstraintGenerateInDDL>true</columnDependencyConstraintGenerateInDDL>
</FKIndexAssociation>