<?xml version = '1.0' encoding = 'UTF-8'?>
<FKIndexAssociation class="oracle.dbtools.crest.model.design.relational.FKIndexAssociation" directorySegmentName="seg_0" id="47C68B25-6603-FA0B-667B-7FB34DD20350" containerWithKeyObject="196F424D-122E-CC2D-1C16-01E4BA8DCF4F" localFKIndex="8C04BDDA-273C-CC28-5BC0-11A148AD7A62" name="DETALLE_MOVIMIENTO_REPUESTO_FK">
<createdBy>Benjamin</createdBy>
<createdTime>2025-10-04 22:46:42 UTC</createdTime>
<generatorID>4739C57B-B7E0-04AE-9C06-AF749A621D4C</generatorID>
<ownerDesignName>mec-im_DB</ownerDesignName>
<referredTableLongName>REPUESTO</referredTableLongName>
<deleteRule>NO ACTION</deleteRule>
<referredTableID>C0404F2C-5F2A-09D4-9A20-4FCD41A1D0D6</referredTableID>
<keyObject>1C962C48-071E-CDDD-324A-B34A77D958A8</keyObject>
<referredKeyID>1C962C48-071E-CDDD-324A-B34A77D958A8</referredKeyID>
<mandatory>true</mandatory>
<refColNames>id_repuesto</refColNames>
<transferable>true</transferable>
<rely>false</rely>
<columnDependencyConstraintGenerateInDDL>true</columnDependencyConstraintGenerateInDDL>
</FKIndexAssociation>