<?xml version = '1.0' encoding = 'UTF-8'?>
<FKIndexAssociation class="oracle.dbtools.crest.model.design.relational.FKIndexAssociation" directorySegmentName="seg_0" id="4802D39B-5C05-795A-5195-1A6F4C178A5C" containerWithKeyObject="E46DB026-DA05-2F7B-6047-EAAD18411C56" localFKIndex="AA0A610B-2D0B-F7D7-8524-FC3792889594" name="CALENDARIO_TALLER_VEHICULO_FK">
<createdBy>Benjamin</createdBy>
<createdTime>2025-10-04 22:46:42 UTC</createdTime>
<generatorID>1FB14D69-8724-3304-E4B7-FDA6E1F18B26</generatorID>
<ownerDesignName>mec-im_DB</ownerDesignName>
<referredTableLongName>VEHICULO</referredTableLongName>
<deleteRule>NO ACTION</deleteRule>
<referredTableID>6D111FA7-034A-EDFB-6C47-85D3C90D71D9</referredTableID>
<keyObject>711C181B-EAB2-B9D8-C489-17C00780F426</keyObject>
<referredKeyID>711C181B-EAB2-B9D8-C489-17C00780F426</referredKeyID>
<mandatory>true</mandatory>
<refColNames>id_vehiculo</refColNames>
<transferable>true</transferable>
<rely>false</rely>
<columnDependencyConstraintGenerateInDDL>true</columnDependencyConstraintGenerateInDDL>
</FKIndexAssociation>