<?xml version = '1.0' encoding = 'UTF-8'?>
<FKIndexAssociation class="oracle.dbtools.crest.model.design.relational.FKIndexAssociation" directorySegmentName="seg_0" id="4D2AB17A-319A-C890-C122-C285B77DCF85" containerWithKeyObject="070285EB-AE72-3CE9-138B-D3D76FFBA226" localFKIndex="FF680526-A636-FDEF-9DA5-D1F1864EFA44" name="USUARIO_ZONA_ASIGNADA_FK">
<createdBy>Benjamin</createdBy>
<createdTime>2025-10-05 23:13:21 UTC</createdTime>
<generatorID>8C8AF35A-FE35-05FE-5FEB-0CC55C4324F9</generatorID>
<ownerDesignName>mec-im_DB</ownerDesignName>
<referredTableLongName>ZONA_ASIGNADA</referredTableLongName>
<deleteRule>NO ACTION</deleteRule>
<referredTableID>BFF7B1D2-EC9A-3199-D161-3CDB1EC40D4C</referredTableID>
<keyObject>949145B6-771A-CBF8-81D7-B57F54CA31A0</keyObject>
<referredKeyID>949145B6-771A-CBF8-81D7-B57F54CA31A0</referredKeyID>
<mandatory>true</mandatory>
<refColNames>id_zona</refColNames>
<transferable>true</transferable>
<rely>false</rely>
<columnDependencyConstraintGenerateInDDL>true</columnDependencyConstraintGenerateInDDL>
</FKIndexAssociation>