<?xml version = '1.0' encoding = 'UTF-8'?>
<FKIndexAssociation class="oracle.dbtools.crest.model.design.relational.FKIndexAssociation" directorySegmentName="seg_0" id="552C07C0-A083-AB25-D81B-F651DFDF79D7" containerWithKeyObject="B87C8758-B20A-E985-4DCC-EB3574F4C19A" localFKIndex="1CA90D81-6433-8810-32C0-D17F0FEC2216" name="ORDEN_REPUESTO_ESTADO_ORDEN_REPUESTO_FK">
<createdBy>Benjamin</createdBy>
<createdTime>2025-10-05 23:13:21 UTC</createdTime>
<generatorID>EC9B87FF-8D7C-D4A7-3608-372256B6FA4B</generatorID>
<ownerDesignName>mec-im_DB</ownerDesignName>
<referredTableLongName>ESTADO_ORDEN_REPUESTO</referredTableLongName>
<deleteRule>NO ACTION</deleteRule>
<referredTableID>E9B36CD7-5A5C-AB15-3E44-079FCCE738CD</referredTableID>
<keyObject>7DD6E1CB-0069-0753-E7FE-706C0FAFBAC6</keyObject>
<referredKeyID>7DD6E1CB-0069-0753-E7FE-706C0FAFBAC6</referredKeyID>
<mandatory>true</mandatory>
<refColNames>id_estado_orden_repuesto</refColNames>
<transferable>true</transferable>
<rely>false</rely>
<columnDependencyConstraintGenerateInDDL>true</columnDependencyConstraintGenerateInDDL>
</FKIndexAssociation>