<?xml version = '1.0' encoding = 'UTF-8'?>
<FKIndexAssociation class="oracle.dbtools.crest.model.design.relational.FKIndexAssociation" directorySegmentName="seg_0" id="5AB4DEC6-2ACD-D3DB-46E0-1CC9029755D3" containerWithKeyObject="E4417C2A-F495-B4DF-0954-CAB1814AAD32" localFKIndex="1824E867-5265-5312-A6F0-607A8AA84F1B" name="PAUSA_ORDEN_USUARIO_FK">
<createdBy>Benjamin</createdBy>
<createdTime>2025-10-05 23:13:21 UTC</createdTime>
<generatorID>1BF7C281-879B-821F-3AE0-D72D788B5872</generatorID>
<ownerDesignName>mec-im_DB</ownerDesignName>
<referredTableLongName>USUARIO</referredTableLongName>
<deleteRule>NO ACTION</deleteRule>
<referredTableID>070285EB-AE72-3CE9-138B-D3D76FFBA226</referredTableID>
<keyObject>82A7F012-CED2-0097-F1AD-85F8A6E53AE5</keyObject>
<referredKeyID>82A7F012-CED2-0097-F1AD-85F8A6E53AE5</referredKeyID>
<mandatory>true</mandatory>
<refColNames>id_usuario</refColNames>
<transferable>true</transferable>
<rely>false</rely>
<columnDependencyConstraintGenerateInDDL>true</columnDependencyConstraintGenerateInDDL>
</FKIndexAssociation>