<?xml version = '1.0' encoding = 'UTF-8'?>
<FKIndexAssociation class="oracle.dbtools.crest.model.design.relational.FKIndexAssociation" directorySegmentName="seg_0" id="60979C34-3786-2633-F859-98E0E7613EA5" containerWithKeyObject="9829583C-52DB-F3DD-5EA2-54B9762AB663" localFKIndex="F0AA0786-27CE-0827-62A7-6DC54BA2087B" name="CAMION_BACKUP_VEHICULO_FK">
<createdBy>Benjamin</createdBy>
<createdTime>2025-10-04 22:46:42 UTC</createdTime>
<generatorID>A08DF181-8963-5B73-BBEE-96E282B0CACA</generatorID>
<ownerDesignName>mec-im_DB</ownerDesignName>
<referredTableLongName>VEHICULO</referredTableLongName>
<deleteRule>NO ACTION</deleteRule>
<referredTableID>6D111FA7-034A-EDFB-6C47-85D3C90D71D9</referredTableID>
<keyObject>711C181B-EAB2-B9D8-C489-17C00780F426</keyObject>
<referredKeyID>711C181B-EAB2-B9D8-C489-17C00780F426</referredKeyID>
<mandatory>true</mandatory>
<refColNames>id_vehiculo</refColNames>
<transferable>true</transferable>
<rely>false</rely>
<columnDependencyConstraintGenerateInDDL>true</columnDependencyConstraintGenerateInDDL>
</FKIndexAssociation>