<?xml version = '1.0' encoding = 'UTF-8'?>
<FKIndexAssociation class="oracle.dbtools.crest.model.design.relational.FKIndexAssociation" directorySegmentName="seg_0" id="62406D89-BCD3-99B8-A051-B7F96716F0B3" containerWithKeyObject="A0DA6861-A382-2E51-50A8-55E425A05B0D" localFKIndex="57355FC3-CA6A-FB11-C952-77589454897C" name="MOVIMIENTO_INTENTARIO_TIPO_MOVIMIENTO_FK">
<createdBy>Benjamin</createdBy>
<createdTime>2025-10-05 23:13:21 UTC</createdTime>
<generatorID>EE742045-9119-3F59-CD61-2DAB439E1512</generatorID>
<ownerDesignName>mec-im_DB</ownerDesignName>
<referredTableLongName>TIPO_MOVIMIENTO</referredTableLongName>
<deleteRule>NO ACTION</deleteRule>
<referredTableID>70C29DDB-51B6-1D3D-4F9E-44046B67822D</referredTableID>
<keyObject>3408E3BA-FB3D-38BC-BCCC-108975AB4661</keyObject>
<referredKeyID>3408E3BA-FB3D-38BC-BCCC-108975AB4661</referredKeyID>
<mandatory>true</mandatory>
<refColNames>id_tipo_movimiento</refColNames>
<transferable>true</transferable>
<rely>false</rely>
<columnDependencyConstraintGenerateInDDL>true</columnDependencyConstraintGenerateInDDL>
</FKIndexAssociation>