<?xml version = '1.0' encoding = 'UTF-8'?>
<FKIndexAssociation class="oracle.dbtools.crest.model.design.relational.FKIndexAssociation" directorySegmentName="seg_0" id="65C7FAA3-EE0C-35E7-62AB-26AF25EC702B" containerWithKeyObject="CA4D12D3-2454-0312-DA0E-88DD19D51365" localFKIndex="488194E3-3B25-65CA-56CB-D471BCE79286" name="LLAVES_TIPO_LLAVE_FK">
<createdBy>Benjamin</createdBy>
<createdTime>2025-10-05 23:13:21 UTC</createdTime>
<generatorID>77F681F3-67AD-70E7-891F-AD3EC8B9FCE6</generatorID>
<ownerDesignName>mec-im_DB</ownerDesignName>
<referredTableLongName>TIPO_LLAVE</referredTableLongName>
<deleteRule>NO ACTION</deleteRule>
<referredTableID>605D08F3-FA65-FD65-FF64-CAB4741A2ABB</referredTableID>
<keyObject>6177CF6F-DFA4-5B84-7ECA-A9A0C801F412</keyObject>
<referredKeyID>6177CF6F-DFA4-5B84-7ECA-A9A0C801F412</referredKeyID>
<mandatory>true</mandatory>
<refColNames>id_tipo_llave</refColNames>
<transferable>true</transferable>
<rely>false</rely>
<columnDependencyConstraintGenerateInDDL>true</columnDependencyConstraintGenerateInDDL>
</FKIndexAssociation>