<?xml version = '1.0' encoding = 'UTF-8'?>
<FKIndexAssociation class="oracle.dbtools.crest.model.design.relational.FKIndexAssociation" directorySegmentName="seg_0" id="69EFA4F8-F703-A180-B60A-9BA57519419E" containerWithKeyObject="49F9C355-642B-BC41-67BD-24D7C5E6B1B1" localFKIndex="3959223E-35C5-A356-00DF-0A4006C78F77" name="EVIDENCIA_INGRESO_ANGULO_FK">
<createdBy>Benjamin</createdBy>
<createdTime>2025-10-05 23:13:21 UTC</createdTime>
<generatorID>F16A95CE-B780-1D1A-699F-ED2C0EBCF48C</generatorID>
<ownerDesignName>mec-im_DB</ownerDesignName>
<referredTableLongName>ANGULO</referredTableLongName>
<deleteRule>NO ACTION</deleteRule>
<referredTableID>72AECE3B-85AA-219C-45C3-EE87288BEC87</referredTableID>
<keyObject>C05BFAD8-0D36-95E6-05E4-C744976E68E3</keyObject>
<referredKeyID>C05BFAD8-0D36-95E6-05E4-C744976E68E3</referredKeyID>
<mandatory>true</mandatory>
<refColNames>id_angulo</refColNames>
<transferable>true</transferable>
<rely>false</rely>
<columnDependencyConstraintGenerateInDDL>true</columnDependencyConstraintGenerateInDDL>
</FKIndexAssociation>