<?xml version = '1.0' encoding = 'UTF-8'?>
<FKIndexAssociation class="oracle.dbtools.crest.model.design.relational.FKIndexAssociation" directorySegmentName="seg_0" id="72B954CE-FC91-95F1-A2C0-124EA3223CFD" containerWithKeyObject="482D9CB2-9F1B-FA9C-1A48-D2FCC7756832" localFKIndex="22A1917A-F88E-15D2-7D10-3A61E9051619" name="NOTIFICACION_TIPO_NOTIFICACION_FK">
<createdBy>Benjamin</createdBy>
<createdTime>2025-10-05 23:13:21 UTC</createdTime>
<generatorID>3E58048B-0C4E-DF46-93BE-21A34671E7E7</generatorID>
<ownerDesignName>mec-im_DB</ownerDesignName>
<referredTableLongName>TIPO_NOTIFICACION</referredTableLongName>
<deleteRule>NO ACTION</deleteRule>
<referredTableID>D4769408-69BF-16ED-B087-B3A88FA335E1</referredTableID>
<keyObject>0D8E9B35-375B-A4B1-A1CA-C07578F54F37</keyObject>
<referredKeyID>0D8E9B35-375B-A4B1-A1CA-C07578F54F37</referredKeyID>
<mandatory>true</mandatory>
<refColNames>id_tipo_not</refColNames>
<transferable>true</transferable>
<rely>false</rely>
<columnDependencyConstraintGenerateInDDL>true</columnDependencyConstraintGenerateInDDL>
</FKIndexAssociation>