<?xml version = '1.0' encoding = 'UTF-8'?>
<FKIndexAssociation class="oracle.dbtools.crest.model.design.relational.FKIndexAssociation" directorySegmentName="seg_0" id="75807754-8F22-09E4-B5A1-59C605D3F857" containerWithKeyObject="B87C8758-B20A-E985-4DCC-EB3574F4C19A" localFKIndex="790D7652-ED49-7B0B-9B3D-8BA21A05EB51" name="ORDEN_REPUESTO_REPUESTO_FK">
<createdBy>Benjamin</createdBy>
<createdTime>2025-10-04 22:46:42 UTC</createdTime>
<generatorID>52C85875-9BF0-E8D9-2C5C-E0597807FB63</generatorID>
<ownerDesignName>mec-im_DB</ownerDesignName>
<referredTableLongName>REPUESTO</referredTableLongName>
<deleteRule>NO ACTION</deleteRule>
<referredTableID>C0404F2C-5F2A-09D4-9A20-4FCD41A1D0D6</referredTableID>
<keyObject>1C962C48-071E-CDDD-324A-B34A77D958A8</keyObject>
<referredKeyID>1C962C48-071E-CDDD-324A-B34A77D958A8</referredKeyID>
<mandatory>true</mandatory>
<refColNames>id_repuesto</refColNames>
<transferable>true</transferable>
<rely>false</rely>
<columnDependencyConstraintGenerateInDDL>true</columnDependencyConstraintGenerateInDDL>
</FKIndexAssociation>