<?xml version = '1.0' encoding = 'UTF-8'?>
<FKIndexAssociation class="oracle.dbtools.crest.model.design.relational.FKIndexAssociation" directorySegmentName="seg_0" id="7BA910AF-A71D-6031-B89B-D92ABABF78E4" containerWithKeyObject="E4417C2A-F495-B4DF-0954-CAB1814AAD32" localFKIndex="089427C1-620E-43DF-9478-0F5B89240ACA" name="PAUSA_ORDEN_ORDEN_TRABAJO_FK">
<createdBy>Benjamin</createdBy>
<createdTime>2025-10-05 23:13:21 UTC</createdTime>
<generatorID>9924AF74-2F56-5BEA-DCFB-A1BAA955A56F</generatorID>
<ownerDesignName>mec-im_DB</ownerDesignName>
<referredTableLongName>ORDEN_TRABAJO</referredTableLongName>
<deleteRule>NO ACTION</deleteRule>
<referredTableID>E7B11B3D-ADB6-A77A-29A9-5A6C95677CFE</referredTableID>
<keyObject>F4E0734E-EADB-F3AB-1385-9B14F6AEC8DF</keyObject>
<referredKeyID>F4E0734E-EADB-F3AB-1385-9B14F6AEC8DF</referredKeyID>
<mandatory>true</mandatory>
<refColNames>id_orden</refColNames>
<transferable>true</transferable>
<rely>false</rely>
<columnDependencyConstraintGenerateInDDL>true</columnDependencyConstraintGenerateInDDL>
</FKIndexAssociation>