<?xml version = '1.0' encoding = 'UTF-8'?>
<FKIndexAssociation class="oracle.dbtools.crest.model.design.relational.FKIndexAssociation" directorySegmentName="seg_0" id="7EF3BAF4-6B00-7E79-A04B-1D1274A3D302" containerWithKeyObject="E7B11B3D-ADB6-A77A-29A9-5A6C95677CFE" localFKIndex="78A9301A-9D70-5208-EE76-469DC6CC43B3" name="ORDEN_TRABAJO_TIPO_MANTENIMIENTO_FK">
<createdBy>Benjamin</createdBy>
<createdTime>2025-10-05 23:13:21 UTC</createdTime>
<generatorID>D58BAC1A-DDB1-DDC4-AEE1-E51DF0CB8EFE</generatorID>
<ownerDesignName>mec-im_DB</ownerDesignName>
<referredTableLongName>TIPO_MANTENIMIENTO</referredTableLongName>
<deleteRule>NO ACTION</deleteRule>
<referredTableID>CD6E1CE8-6882-C7FB-DE8D-A922CDE5244C</referredTableID>
<keyObject>FAACC4DE-02AA-E120-C82F-B0F817175E27</keyObject>
<referredKeyID>FAACC4DE-02AA-E120-C82F-B0F817175E27</referredKeyID>
<mandatory>true</mandatory>
<refColNames>id_tipo_m</refColNames>
<transferable>true</transferable>
<rely>false</rely>
<columnDependencyConstraintGenerateInDDL>true</columnDependencyConstraintGenerateInDDL>
</FKIndexAssociation>