<?xml version = '1.0' encoding = 'UTF-8'?>
<FKIndexAssociation class="oracle.dbtools.crest.model.design.relational.FKIndexAssociation" directorySegmentName="seg_0" id="83625F9E-1087-CA7C-A1E7-20B68D1472EE" containerWithKeyObject="196F424D-122E-CC2D-1C16-01E4BA8DCF4F" localFKIndex="72D9E05F-8C4F-53AE-CE26-25008F6C9142" name="DETALLE_MOVIMIENTO_MOVIMIENTO_INTENTARIO_FK">
<createdBy>Benjamin</createdBy>
<createdTime>2025-10-04 22:46:42 UTC</createdTime>
<generatorID>5950B8F4-CB60-42E6-E971-7D8DBD436B53</generatorID>
<ownerDesignName>mec-im_DB</ownerDesignName>
<referredTableLongName>MOVIMIENTO_INTENTARIO</referredTableLongName>
<deleteRule>NO ACTION</deleteRule>
<referredTableID>A0DA6861-A382-2E51-50A8-55E425A05B0D</referredTableID>
<keyObject>80FA4B06-9301-1274-8569-01B100A5C068</keyObject>
<referredKeyID>80FA4B06-9301-1274-8569-01B100A5C068</referredKeyID>
<mandatory>true</mandatory>
<refColNames>id_movimiento</refColNames>
<transferable>true</transferable>
<rely>false</rely>
<columnDependencyConstraintGenerateInDDL>true</columnDependencyConstraintGenerateInDDL>
</FKIndexAssociation>