<?xml version = '1.0' encoding = 'UTF-8'?>
<FKIndexAssociation class="oracle.dbtools.crest.model.design.relational.FKIndexAssociation" directorySegmentName="seg_0" id="884D3680-8B80-A3F9-2E67-D026ADE55109" containerWithKeyObject="3C0C62E0-6508-1FEC-ACFC-7A074CD2E04F" localFKIndex="EFB41D78-3B54-9F19-9542-0A9D22BBFFF2" name="RECURSO_TALLER_TIPO_RECURSO_FK">
<createdBy>Benjamin</createdBy>
<createdTime>2025-10-05 23:13:21 UTC</createdTime>
<generatorID>426DFD17-8EC2-C415-8D05-00103290F259</generatorID>
<ownerDesignName>mec-im_DB</ownerDesignName>
<referredTableLongName>TIPO_RECURSO</referredTableLongName>
<deleteRule>NO ACTION</deleteRule>
<referredTableID>2811F8C2-DA5A-1AAE-0934-C4DB86461035</referredTableID>
<keyObject>EECD29D7-80D0-6CFA-D83E-DA7DC8DCDAA2</keyObject>
<referredKeyID>EECD29D7-80D0-6CFA-D83E-DA7DC8DCDAA2</referredKeyID>
<mandatory>true</mandatory>
<refColNames>id_tipo_recurso</refColNames>
<transferable>true</transferable>
<rely>false</rely>
<columnDependencyConstraintGenerateInDDL>true</columnDependencyConstraintGenerateInDDL>
</FKIndexAssociation>