<?xml version = '1.0' encoding = 'UTF-8'?>
<FKIndexAssociation class="oracle.dbtools.crest.model.design.relational.FKIndexAssociation" directorySegmentName="seg_0" id="943552BB-910F-FB50-C0EE-35F440A893DE" containerWithKeyObject="99E98C21-159F-C511-8466-F5D883A49FEB" localFKIndex="C9B2FF1E-0A68-4C93-72E8-87A7AD598C49" name="HISTORIAL_ROL_ROL_FK">
<createdBy>Benjamin</createdBy>
<createdTime>2025-10-05 23:13:21 UTC</createdTime>
<generatorID>CCA2A985-9277-C7D8-76B8-929583514C50</generatorID>
<ownerDesignName>mec-im_DB</ownerDesignName>
<referredTableLongName>ROL</referredTableLongName>
<deleteRule>NO ACTION</deleteRule>
<referredTableID>22F3BFEC-B7F7-9B25-3CEF-072BE40C19F0</referredTableID>
<keyObject>9A1BD1BE-F82F-0DF3-F167-5B90B3C08DB5</keyObject>
<referredKeyID>9A1BD1BE-F82F-0DF3-F167-5B90B3C08DB5</referredKeyID>
<mandatory>true</mandatory>
<refColNames>id_rol</refColNames>
<transferable>true</transferable>
<rely>false</rely>
<columnDependencyConstraintGenerateInDDL>true</columnDependencyConstraintGenerateInDDL>
</FKIndexAssociation>