<?xml version = '1.0' encoding = 'UTF-8'?>
<FKIndexAssociation class="oracle.dbtools.crest.model.design.relational.FKIndexAssociation" directorySegmentName="seg_0" id="967A75B7-2E7C-85A8-E74F-AF4A984D4FBE" containerWithKeyObject="9829583C-52DB-F3DD-5EA2-54B9762AB663" localFKIndex="E5584E05-FF09-1AB6-FCC1-A9BF797E1627" name="CAMION_BACKUP_ESTADO_DISPONIBILIDAD_FK">
<createdBy>Benjamin</createdBy>
<createdTime>2025-10-05 23:13:21 UTC</createdTime>
<generatorID>5BCE70B0-A682-3370-4F85-01B4F213AE53</generatorID>
<ownerDesignName>mec-im_DB</ownerDesignName>
<referredTableLongName>ESTADO_DISPONIBILIDAD</referredTableLongName>
<deleteRule>NO ACTION</deleteRule>
<referredTableID>7C8EF0F0-9763-262B-F4DA-5CE7696A5B9A</referredTableID>
<keyObject>16471F63-7844-157E-6961-5345736242B0</keyObject>
<referredKeyID>16471F63-7844-157E-6961-5345736242B0</referredKeyID>
<mandatory>true</mandatory>
<refColNames>id_disponibilidad</refColNames>
<transferable>true</transferable>
<rely>false</rely>
<columnDependencyConstraintGenerateInDDL>true</columnDependencyConstraintGenerateInDDL>
</FKIndexAssociation>