<?xml version = '1.0' encoding = 'UTF-8'?>
<FKIndexAssociation class="oracle.dbtools.crest.model.design.relational.FKIndexAssociation" directorySegmentName="seg_0" id="98CCC9D7-904F-FC2D-949E-7AD67A6F040F" containerWithKeyObject="CAD14DFD-F503-5A22-1293-9E48F1879007" localFKIndex="6103C6CD-E1FF-8342-43E7-F66835E385C8" name="INGRESO_VEHICULO_ESTADO_FK">
<createdBy>Benjamin</createdBy>
<createdTime>2025-10-05 23:13:21 UTC</createdTime>
<generatorID>0370339E-7010-EBF9-2B4B-ACD0B0B33192</generatorID>
<ownerDesignName>mec-im_DB</ownerDesignName>
<referredTableLongName>ESTADO</referredTableLongName>
<deleteRule>NO ACTION</deleteRule>
<referredTableID>6BEDAA37-DA62-1437-A1B9-CC25A36B6A76</referredTableID>
<keyObject>50B64902-BF52-6E39-5E28-600C8BC77D3B</keyObject>
<referredKeyID>50B64902-BF52-6E39-5E28-600C8BC77D3B</referredKeyID>
<mandatory>true</mandatory>
<refColNames>id_estado</refColNames>
<transferable>true</transferable>
<rely>false</rely>
<columnDependencyConstraintGenerateInDDL>true</columnDependencyConstraintGenerateInDDL>
</FKIndexAssociation>