<?xml version = '1.0' encoding = 'UTF-8'?>
<FKIndexAssociation class="oracle.dbtools.crest.model.design.relational.FKIndexAssociation" directorySegmentName="seg_0" id="AACF5674-91CC-7F3A-0634-B150468EF96F" containerWithKeyObject="070285EB-AE72-3CE9-138B-D3D76FFBA226" localFKIndex="DE298C89-12F3-C274-7B0C-78E5379FC1BC" name="USUARIO_ROL_FK">
<createdBy>Benjamin</createdBy>
<createdTime>2025-10-04 20:37:56 UTC</createdTime>
<generatorID>B76BB096-DF13-2AAA-3E57-CD4D13691B52</generatorID>
<ownerDesignName>mec-im_DB</ownerDesignName>
<referredTableLongName>ROL</referredTableLongName>
<deleteRule>NO ACTION</deleteRule>
<referredTableID>22F3BFEC-B7F7-9B25-3CEF-072BE40C19F0</referredTableID>
<keyObject>9A1BD1BE-F82F-0DF3-F167-5B90B3C08DB5</keyObject>
<referredKeyID>9A1BD1BE-F82F-0DF3-F167-5B90B3C08DB5</referredKeyID>
<mandatory>true</mandatory>
<refColNames>id_rol</refColNames>
<transferable>true</transferable>
<rely>false</rely>
<columnDependencyConstraintGenerateInDDL>true</columnDependencyConstraintGenerateInDDL>
</FKIndexAssociation>