<?xml version = '1.0' encoding = 'UTF-8'?>
<FKIndexAssociation class="oracle.dbtools.crest.model.design.relational.FKIndexAssociation" directorySegmentName="seg_0" id="AF7AE1E4-F101-1328-43AF-0AA7D4529241" containerWithKeyObject="E46DB026-DA05-2F7B-6047-EAAD18411C56" localFKIndex="C579175D-F609-DA03-4414-E7B3F70AD8F1" name="CALENDARIO_TALLER_RECURSO_TALLER_FK">
<createdBy>Benjamin</createdBy>
<createdTime>2025-10-05 23:13:21 UTC</createdTime>
<generatorID>146B4A98-7D0B-FBE9-1902-1A9CB4F7570E</generatorID>
<ownerDesignName>mec-im_DB</ownerDesignName>
<referredTableLongName>RECURSO_TALLER</referredTableLongName>
<deleteRule>NO ACTION</deleteRule>
<referredTableID>3C0C62E0-6508-1FEC-ACFC-7A074CD2E04F</referredTableID>
<keyObject>85CC97FF-470F-F82B-B61F-4A13AC21FCC1</keyObject>
<referredKeyID>85CC97FF-470F-F82B-B61F-4A13AC21FCC1</referredKeyID>
<mandatory>true</mandatory>
<refColNames>id_recurso</refColNames>
<transferable>true</transferable>
<rely>false</rely>
<columnDependencyConstraintGenerateInDDL>true</columnDependencyConstraintGenerateInDDL>
</FKIndexAssociation>