<?xml version = '1.0' encoding = 'UTF-8'?>
<FKIndexAssociation class="oracle.dbtools.crest.model.design.relational.FKIndexAssociation" directorySegmentName="seg_0" id="AF874040-D4ED-C89F-4ACC-5F01A012193D" containerWithKeyObject="C0404F2C-5F2A-09D4-9A20-4FCD41A1D0D6" localFKIndex="B9EF0FE6-DFC9-34D6-5DCE-E6129080BE3D" name="REPUESTO_CATEGORIA_REPUESTOS_FK">
<createdBy>Benjamin</createdBy>
<createdTime>2025-10-04 22:46:42 UTC</createdTime>
<generatorID>BD15194D-CCED-3169-41D5-87684C324F07</generatorID>
<ownerDesignName>mec-im_DB</ownerDesignName>
<referredTableLongName>CATEGORIA_REPUESTOS</referredTableLongName>
<deleteRule>NO ACTION</deleteRule>
<referredTableID>A2D717C5-7D2F-5AA8-5054-08538F84EA6D</referredTableID>
<keyObject>3639C73C-2D12-ABD8-DEDE-6A7AA4C98891</keyObject>
<referredKeyID>3639C73C-2D12-ABD8-DEDE-6A7AA4C98891</referredKeyID>
<mandatory>true</mandatory>
<refColNames>id_categoria</refColNames>
<transferable>true</transferable>
<rely>false</rely>
<columnDependencyConstraintGenerateInDDL>true</columnDependencyConstraintGenerateInDDL>
</FKIndexAssociation>