<?xml version = '1.0' encoding = 'UTF-8'?>
<FKIndexAssociation class="oracle.dbtools.crest.model.design.relational.FKIndexAssociation" directorySegmentName="seg_0" id="B9BEE975-0DD9-5DB6-1B75-D27EC54F5915" containerWithKeyObject="E7B11B3D-ADB6-A77A-29A9-5A6C95677CFE" localFKIndex="B68DACA7-BECB-F71E-802F-438980A4FC05" name="ORDEN_TRABAJO_INGRESO_VEHICULO_FK">
<createdBy>Benjamin</createdBy>
<createdTime>2025-10-04 22:46:42 UTC</createdTime>
<generatorID>F4E7463F-D6F7-5143-32B5-E3AA21116520</generatorID>
<ownerDesignName>mec-im_DB</ownerDesignName>
<referredTableLongName>INGRESO_VEHICULO</referredTableLongName>
<deleteRule>NO ACTION</deleteRule>
<referredTableID>CAD14DFD-F503-5A22-1293-9E48F1879007</referredTableID>
<keyObject>9A479143-B5AF-E389-16F0-B1EAB165656E</keyObject>
<referredKeyID>9A479143-B5AF-E389-16F0-B1EAB165656E</referredKeyID>
<mandatory>true</mandatory>
<refColNames>id_ingreso</refColNames>
<transferable>true</transferable>
<rely>false</rely>
<columnDependencyConstraintGenerateInDDL>true</columnDependencyConstraintGenerateInDDL>
</FKIndexAssociation>