<?xml version = '1.0' encoding = 'UTF-8'?>
<FKIndexAssociation class="oracle.dbtools.crest.model.design.relational.FKIndexAssociation" directorySegmentName="seg_0" id="BC16C188-45E6-65B9-80C2-585095348126" containerWithKeyObject="6D111FA7-034A-EDFB-6C47-85D3C90D71D9" localFKIndex="5F1E96ED-C359-5058-9567-4417CC8ECD85" name="VEHICULO_LLAVES_FK">
<createdBy>Benjamin</createdBy>
<createdTime>2025-10-04 22:46:42 UTC</createdTime>
<generatorID>FDB45836-7A60-DA32-C55E-3055246035A8</generatorID>
<ownerDesignName>mec-im_DB</ownerDesignName>
<referredTableLongName>LLAVES</referredTableLongName>
<deleteRule>NO ACTION</deleteRule>
<referredTableID>CA4D12D3-2454-0312-DA0E-88DD19D51365</referredTableID>
<keyObject>91A3CB4C-949F-7E63-781C-CDAFB29911DB</keyObject>
<referredKeyID>91A3CB4C-949F-7E63-781C-CDAFB29911DB</referredKeyID>
<mandatory>true</mandatory>
<refColNames>id_llave</refColNames>
<transferable>true</transferable>
<rely>false</rely>
<columnDependencyConstraintGenerateInDDL>true</columnDependencyConstraintGenerateInDDL>
</FKIndexAssociation>