<?xml version = '1.0' encoding = 'UTF-8'?>
<FKIndexAssociation class="oracle.dbtools.crest.model.design.relational.FKIndexAssociation" directorySegmentName="seg_0" id="BC2002C3-0F75-C418-0566-801A10234B9A" containerWithKeyObject="49F9C355-642B-BC41-67BD-24D7C5E6B1B1" localFKIndex="85BF3DC9-303B-ACEF-D4F3-E8B6FC277C84" name="EVIDENCIA_INGRESO_INGRESO_VEHICULO_FK">
<createdBy>Benjamin</createdBy>
<createdTime>2025-10-04 22:46:42 UTC</createdTime>
<generatorID>6360F148-3E20-56AB-A3C1-024313737F23</generatorID>
<ownerDesignName>mec-im_DB</ownerDesignName>
<referredTableLongName>INGRESO_VEHICULO</referredTableLongName>
<deleteRule>NO ACTION</deleteRule>
<referredTableID>CAD14DFD-F503-5A22-1293-9E48F1879007</referredTableID>
<keyObject>9A479143-B5AF-E389-16F0-B1EAB165656E</keyObject>
<referredKeyID>9A479143-B5AF-E389-16F0-B1EAB165656E</referredKeyID>
<mandatory>true</mandatory>
<refColNames>id_ingreso</refColNames>
<transferable>true</transferable>
<rely>false</rely>
<columnDependencyConstraintGenerateInDDL>true</columnDependencyConstraintGenerateInDDL>
</FKIndexAssociation>