<?xml version = '1.0' encoding = 'UTF-8'?>
<FKIndexAssociation class="oracle.dbtools.crest.model.design.relational.FKIndexAssociation" directorySegmentName="seg_0" id="BD8DCA66-D35D-73CD-068F-2DE7BC351FDF" containerWithKeyObject="E46DB026-DA05-2F7B-6047-EAAD18411C56" localFKIndex="AE0F4099-0ED2-A649-17D4-E5D2808CE591" name="CALENDARIO_TALLER_ESTADO_RESERVA_FK">
<createdBy>Benjamin</createdBy>
<createdTime>2025-10-05 23:13:21 UTC</createdTime>
<generatorID>2FAC4C27-9B81-8928-C5D6-2E4EC3069EC8</generatorID>
<ownerDesignName>mec-im_DB</ownerDesignName>
<referredTableLongName>ESTADO_RESERVA</referredTableLongName>
<deleteRule>NO ACTION</deleteRule>
<referredTableID>F31ECB24-B268-AE49-13FD-A98CD08E4DBE</referredTableID>
<keyObject>D05F77DE-C37E-D249-D093-960F8E7182EB</keyObject>
<referredKeyID>D05F77DE-C37E-D249-D093-960F8E7182EB</referredKeyID>
<mandatory>true</mandatory>
<refColNames>id_estado_reserva</refColNames>
<transferable>true</transferable>
<rely>false</rely>
<columnDependencyConstraintGenerateInDDL>true</columnDependencyConstraintGenerateInDDL>
</FKIndexAssociation>