<?xml version = '1.0' encoding = 'UTF-8'?>
<FKIndexAssociation class="oracle.dbtools.crest.model.design.relational.FKIndexAssociation" directorySegmentName="seg_0" id="CA5A3AF1-645F-9992-E466-CE4E3484DD3A" containerWithKeyObject="79C35AE8-1A08-0BDD-E613-3000C7027B9F" localFKIndex="E4EACB37-B9BA-163A-F428-A2D95BB5C052" name="LOGS_AUDITORIA_USUARIO_FK">
<createdBy>Benjamin</createdBy>
<createdTime>2025-10-05 23:13:21 UTC</createdTime>
<generatorID>3E34D1BC-2967-1268-35C5-D9EB2EF6A880</generatorID>
<ownerDesignName>mec-im_DB</ownerDesignName>
<referredTableLongName>USUARIO</referredTableLongName>
<deleteRule>NO ACTION</deleteRule>
<referredTableID>070285EB-AE72-3CE9-138B-D3D76FFBA226</referredTableID>
<keyObject>82A7F012-CED2-0097-F1AD-85F8A6E53AE5</keyObject>
<referredKeyID>82A7F012-CED2-0097-F1AD-85F8A6E53AE5</referredKeyID>
<mandatory>true</mandatory>
<refColNames>id_usuario</refColNames>
<transferable>true</transferable>
<rely>false</rely>
<columnDependencyConstraintGenerateInDDL>true</columnDependencyConstraintGenerateInDDL>
</FKIndexAssociation>