<?xml version = '1.0' encoding = 'UTF-8'?>
<FKIndexAssociation class="oracle.dbtools.crest.model.design.relational.FKIndexAssociation" directorySegmentName="seg_0" id="D25B3902-C90E-CB07-9FDB-C8710D6A75D6" containerWithKeyObject="CAD14DFD-F503-5A22-1293-9E48F1879007" localFKIndex="F058E356-1EC8-B680-C100-6A0B866E5013" name="INGRESO_VEHICULO_VEHICULO_FK">
<createdBy>Benjamin</createdBy>
<createdTime>2025-10-04 20:37:56 UTC</createdTime>
<generatorID>9D853DCB-B282-6E34-A19E-929EDFA3BFE7</generatorID>
<ownerDesignName>mec-im_DB</ownerDesignName>
<referredTableLongName>VEHICULO</referredTableLongName>
<deleteRule>NO ACTION</deleteRule>
<referredTableID>6D111FA7-034A-EDFB-6C47-85D3C90D71D9</referredTableID>
<keyObject>711C181B-EAB2-B9D8-C489-17C00780F426</keyObject>
<referredKeyID>711C181B-EAB2-B9D8-C489-17C00780F426</referredKeyID>
<mandatory>true</mandatory>
<refColNames>id_vehiculo</refColNames>
<transferable>true</transferable>
<rely>false</rely>
<columnDependencyConstraintGenerateInDDL>true</columnDependencyConstraintGenerateInDDL>
</FKIndexAssociation>