<?xml version = '1.0' encoding = 'UTF-8'?>
<FKIndexAssociation class="oracle.dbtools.crest.model.design.relational.FKIndexAssociation" directorySegmentName="seg_0" id="D5EFDA55-3FCC-7D75-445D-9294C85E4ACF" containerWithKeyObject="E7B11B3D-ADB6-A77A-29A9-5A6C95677CFE" localFKIndex="F588093B-91D9-064C-129C-6E7E8C65ADB6" name="ORDEN_TRABAJO_ESTADO_ORDEN_FK">
<createdBy>Benjamin</createdBy>
<createdTime>2025-10-05 23:13:21 UTC</createdTime>
<generatorID>95240235-A080-6C9F-E673-73F3669C8C8F</generatorID>
<ownerDesignName>mec-im_DB</ownerDesignName>
<referredTableLongName>ESTADO_ORDEN</referredTableLongName>
<deleteRule>NO ACTION</deleteRule>
<referredTableID>EAE227A2-B7CC-1D1E-1F7C-8D9D473902AB</referredTableID>
<keyObject>5040BBED-6F94-4895-46DF-E164091D1419</keyObject>
<referredKeyID>5040BBED-6F94-4895-46DF-E164091D1419</referredKeyID>
<mandatory>true</mandatory>
<refColNames>id_estado_orden</refColNames>
<transferable>true</transferable>
<rely>false</rely>
<columnDependencyConstraintGenerateInDDL>true</columnDependencyConstraintGenerateInDDL>
</FKIndexAssociation>