<?xml version = '1.0' encoding = 'UTF-8'?>
<FKIndexAssociation class="oracle.dbtools.crest.model.design.relational.FKIndexAssociation" directorySegmentName="seg_0" id="E235F6F6-FD14-5A81-1FBE-0EB9A544930A" containerWithKeyObject="A0DA6861-A382-2E51-50A8-55E425A05B0D" localFKIndex="2F89F529-FA49-3F08-BAE7-A6D5B1B0D425" name="MOVIMIENTO_INTENTARIO_REPUESTO_FK">
<createdBy>Benjamin</createdBy>
<createdTime>2025-10-05 23:13:21 UTC</createdTime>
<generatorID>1EE5213A-B12D-71C7-E955-42E7CFC33A33</generatorID>
<ownerDesignName>mec-im_DB</ownerDesignName>
<referredTableLongName>REPUESTO</referredTableLongName>
<deleteRule>NO ACTION</deleteRule>
<referredTableID>C0404F2C-5F2A-09D4-9A20-4FCD41A1D0D6</referredTableID>
<keyObject>1C962C48-071E-CDDD-324A-B34A77D958A8</keyObject>
<referredKeyID>1C962C48-071E-CDDD-324A-B34A77D958A8</referredKeyID>
<mandatory>true</mandatory>
<refColNames>id_repuesto</refColNames>
<transferable>true</transferable>
<rely>false</rely>
<columnDependencyConstraintGenerateInDDL>true</columnDependencyConstraintGenerateInDDL>
</FKIndexAssociation>