<?xml version = '1.0' encoding = 'UTF-8'?>
<FKIndexAssociation class="oracle.dbtools.crest.model.design.relational.FKIndexAssociation" directorySegmentName="seg_0" id="E92783E4-1434-91C3-5216-FAF7D3DA5CDE" containerWithKeyObject="49F9C355-642B-BC41-67BD-24D7C5E6B1B1" localFKIndex="ED893A03-06C0-C00F-CBC1-DE2D690D58D5" name="EVIDENCIA_INGRESO_TIPO_EVIDENCIA_FK">
<createdBy>Benjamin</createdBy>
<createdTime>2025-10-05 23:13:21 UTC</createdTime>
<generatorID>9231AE39-1642-4986-44D3-79A98055F63C</generatorID>
<ownerDesignName>mec-im_DB</ownerDesignName>
<referredTableLongName>TIPO_EVIDENCIA</referredTableLongName>
<deleteRule>NO ACTION</deleteRule>
<referredTableID>B775C086-E0AF-7E71-10F9-9F02D21141FD</referredTableID>
<keyObject>B75AD69E-840E-2473-813E-0F45CBCBB4C8</keyObject>
<referredKeyID>B75AD69E-840E-2473-813E-0F45CBCBB4C8</referredKeyID>
<mandatory>true</mandatory>
<refColNames>id_tipo</refColNames>
<transferable>true</transferable>
<rely>false</rely>
<columnDependencyConstraintGenerateInDDL>true</columnDependencyConstraintGenerateInDDL>
</FKIndexAssociation>