<?xml version = '1.0' encoding = 'UTF-8'?>
<FKIndexAssociation class="oracle.dbtools.crest.model.design.relational.FKIndexAssociation" directorySegmentName="seg_0" id="EA50B1A9-E639-736C-EFA2-89A8352000A0" containerWithKeyObject="AD69846C-C522-13BA-6FCA-E2D59BC75401" localFKIndex="EF8AC750-2DBD-BD85-4D82-521D719D47B6" name="PRESTAMO_LLAVES_ESTADO_PRESTAMO_LLAVES_FK">
<createdBy>Benjamin</createdBy>
<createdTime>2025-10-05 23:13:21 UTC</createdTime>
<generatorID>493FDC0B-3CEE-5227-E69D-6E7CF49CD757</generatorID>
<ownerDesignName>mec-im_DB</ownerDesignName>
<referredTableLongName>ESTADO_PRESTAMO_LLAVES</referredTableLongName>
<deleteRule>NO ACTION</deleteRule>
<referredTableID>94081AEE-D539-6279-7B81-89FC056DDA98</referredTableID>
<keyObject>6AB8F9B9-6404-4BDE-7FCB-55D0DED8EDD1</keyObject>
<referredKeyID>6AB8F9B9-6404-4BDE-7FCB-55D0DED8EDD1</referredKeyID>
<mandatory>true</mandatory>
<refColNames>id_estado_prestamo_llaves</refColNames>
<transferable>true</transferable>
<rely>false</rely>
<columnDependencyConstraintGenerateInDDL>true</columnDependencyConstraintGenerateInDDL>
</FKIndexAssociation>