<?xml version = '1.0' encoding = 'UTF-8'?>
<FKIndexAssociation class="oracle.dbtools.crest.model.design.relational.FKIndexAssociation" directorySegmentName="seg_0" id="EB79BFDD-3A6E-18FC-479E-0510ABC38BD2" containerWithKeyObject="EDD340F3-AA1E-CCAE-D70D-8D5218B313B8" localFKIndex="20E7531F-7FA9-07DF-92E0-DB84979E6648" name="REPORTES_GENERADOS_TIPO_REPORTE_FK">
<createdBy>Benjamin</createdBy>
<createdTime>2025-10-05 23:13:21 UTC</createdTime>
<generatorID>C9BE4952-2C57-0370-C2D4-C31D036C24BB</generatorID>
<ownerDesignName>mec-im_DB</ownerDesignName>
<referredTableLongName>TIPO_REPORTE</referredTableLongName>
<deleteRule>NO ACTION</deleteRule>
<referredTableID>1C987036-F9AB-AC0F-EE8F-428B6E5D4B7E</referredTableID>
<keyObject>F8B6F2DF-FF54-0619-415A-385A202720C0</keyObject>
<referredKeyID>F8B6F2DF-FF54-0619-415A-385A202720C0</referredKeyID>
<mandatory>true</mandatory>
<refColNames>id_tipo</refColNames>
<transferable>true</transferable>
<rely>false</rely>
<columnDependencyConstraintGenerateInDDL>true</columnDependencyConstraintGenerateInDDL>
</FKIndexAssociation>