<?xml version = '1.0' encoding = 'UTF-8'?>
<FKIndexAssociation class="oracle.dbtools.crest.model.design.relational.FKIndexAssociation" directorySegmentName="seg_0" id="EC10E32D-4CDB-1C9D-9670-AB6EA817FB75" containerWithKeyObject="CAD14DFD-F503-5A22-1293-9E48F1879007" localFKIndex="B15EAB0C-76A4-832F-16E1-575805C14580" name="INGRESO_VEHICULO_PRIORIDAD_FK">
<createdBy>Benjamin</createdBy>
<createdTime>2025-10-05 23:13:21 UTC</createdTime>
<generatorID>D033689F-9E82-7D33-BCAF-DDEA0B88D167</generatorID>
<ownerDesignName>mec-im_DB</ownerDesignName>
<referredTableLongName>PRIORIDAD</referredTableLongName>
<deleteRule>NO ACTION</deleteRule>
<referredTableID>27957C7D-C81F-500A-5CC6-0BD827A7B5E9</referredTableID>
<keyObject>957BF2E0-4ECC-0EC2-A041-D338045D2CAD</keyObject>
<referredKeyID>957BF2E0-4ECC-0EC2-A041-D338045D2CAD</referredKeyID>
<mandatory>true</mandatory>
<refColNames>id_prio</refColNames>
<transferable>true</transferable>
<rely>false</rely>
<columnDependencyConstraintGenerateInDDL>true</columnDependencyConstraintGenerateInDDL>
</FKIndexAssociation>