<?xml version = '1.0' encoding = 'UTF-8'?>
<FKIndexAssociation class="oracle.dbtools.crest.model.design.relational.FKIndexAssociation" directorySegmentName="seg_0" id="F95FEEE7-6889-7642-B748-9FF2B9DDB5EE" containerWithKeyObject="4F289308-A8A0-BDA8-9E73-0985D81D1B9B" localFKIndex="6AE654F1-C0C9-3233-72D7-01E554DD20A8" name="cuenta_USUARIO_FK">
<createdBy>Benjamin</createdBy>
<createdTime>2025-10-07 23:23:28 UTC</createdTime>
<generatorID>4E6631AB-5D64-F1F5-DFAD-339CA6466CAB</generatorID>
<ownerDesignName>mec-im_DB</ownerDesignName>
<referredTableLongName>USUARIO</referredTableLongName>
<deleteRule>NO ACTION</deleteRule>
<referredTableID>070285EB-AE72-3CE9-138B-D3D76FFBA226</referredTableID>
<keyObject>82A7F012-CED2-0097-F1AD-85F8A6E53AE5</keyObject>
<referredKeyID>82A7F012-CED2-0097-F1AD-85F8A6E53AE5</referredKeyID>
<mandatory>true</mandatory>
<refColNames>id_usuario</refColNames>
<transferable>true</transferable>
<rely>false</rely>
<columnDependencyConstraintGenerateInDDL>true</columnDependencyConstraintGenerateInDDL>
</FKIndexAssociation>