<?xml version = '1.0' encoding = 'UTF-8'?>
<FKIndexAssociation class="oracle.dbtools.crest.model.design.relational.FKIndexAssociation" directorySegmentName="seg_0" id="FBF3142A-CD75-EB37-0670-806D30D15323" containerWithKeyObject="E46DB026-DA05-2F7B-6047-EAAD18411C56" localFKIndex="8BDAFB71-78CF-284E-1BCA-9670AE6EF68E" name="CALENDARIO_TALLER_PRIORIDAD_CALENDARIO_FK">
<createdBy>Benjamin</createdBy>
<createdTime>2025-10-05 23:13:21 UTC</createdTime>
<generatorID>B50B9FB7-190C-2E19-4081-8A3059848173</generatorID>
<ownerDesignName>mec-im_DB</ownerDesignName>
<referredTableLongName>PRIORIDAD_CALENDARIO</referredTableLongName>
<deleteRule>NO ACTION</deleteRule>
<referredTableID>DF9A6E61-7529-DC85-3062-F78A3A6A54A3</referredTableID>
<keyObject>631023E8-9975-8D89-E9D3-34BE68612CAB</keyObject>
<referredKeyID>631023E8-9975-8D89-E9D3-34BE68612CAB</referredKeyID>
<mandatory>true</mandatory>
<refColNames>id_prior</refColNames>
<transferable>true</transferable>
<rely>false</rely>
<columnDependencyConstraintGenerateInDDL>true</columnDependencyConstraintGenerateInDDL>
</FKIndexAssociation>