<?xml version = '1.0' encoding = 'UTF-8'?>
<FKIndexAssociation class="oracle.dbtools.crest.model.design.relational.FKIndexAssociation" directorySegmentName="seg_0" id="FC9BC0FD-FCB3-159E-7128-BC0C5D3F02CB" containerWithKeyObject="AD69846C-C522-13BA-6FCA-E2D59BC75401" localFKIndex="72BDDFA9-6EE7-0FE0-0003-67FD883A1296" name="PRESTAMO_LLAVES_LLAVES_FK">
<createdBy>Benjamin</createdBy>
<createdTime>2025-10-04 22:46:42 UTC</createdTime>
<generatorID>670B60E3-9416-13B0-DAF0-8DC4A13B1D69</generatorID>
<ownerDesignName>mec-im_DB</ownerDesignName>
<referredTableLongName>LLAVES</referredTableLongName>
<deleteRule>NO ACTION</deleteRule>
<referredTableID>CA4D12D3-2454-0312-DA0E-88DD19D51365</referredTableID>
<keyObject>91A3CB4C-949F-7E63-781C-CDAFB29911DB</keyObject>
<referredKeyID>91A3CB4C-949F-7E63-781C-CDAFB29911DB</referredKeyID>
<mandatory>true</mandatory>
<refColNames>id_llave</refColNames>
<transferable>true</transferable>
<rely>false</rely>
<columnDependencyConstraintGenerateInDDL>true</columnDependencyConstraintGenerateInDDL>
</FKIndexAssociation>