<?xml version = '1.0' encoding = 'UTF-8'?>
<FKIndexAssociation class="oracle.dbtools.crest.model.design.relational.FKIndexAssociation" directorySegmentName="seg_0" id="FF9D32E7-250F-A49D-C1AE-A5B4DC47F874" containerWithKeyObject="E46DB026-DA05-2F7B-6047-EAAD18411C56" localFKIndex="37141F7E-B6F7-685D-E6C4-C439793CFC51" name="CALENDARIO_TALLER_ORDEN_TRABAJO_FK">
<createdBy>Benjamin</createdBy>
<createdTime>2025-10-04 22:46:42 UTC</createdTime>
<generatorID>B3D2A829-C3B7-50A6-45E6-3A04A285F7FE</generatorID>
<ownerDesignName>mec-im_DB</ownerDesignName>
<referredTableLongName>ORDEN_TRABAJO</referredTableLongName>
<deleteRule>NO ACTION</deleteRule>
<referredTableID>E7B11B3D-ADB6-A77A-29A9-5A6C95677CFE</referredTableID>
<keyObject>F4E0734E-EADB-F3AB-1385-9B14F6AEC8DF</keyObject>
<referredKeyID>F4E0734E-EADB-F3AB-1385-9B14F6AEC8DF</referredKeyID>
<mandatory>true</mandatory>
<refColNames>id_orden</refColNames>
<transferable>true</transferable>
<rely>false</rely>
<columnDependencyConstraintGenerateInDDL>true</columnDependencyConstraintGenerateInDDL>
</FKIndexAssociation>