<?xml version = '1.0' encoding = 'UTF-8'?>
<Table class="oracle.dbtools.crest.model.design.relational.Table" directorySegmentName="seg_0" id="196F424D-122E-CC2D-1C16-01E4BA8DCF4F" name="DETALLE_MOVIMIENTO">
<createdBy>Benjamin</createdBy>
<createdTime>2025-10-04 22:46:42 UTC</createdTime>
<generatorID>04DE6D11-E0CD-CB65-E79D-21CCB44BBB6D</generatorID>
<ownerDesignName>mec-im_DB</ownerDesignName>
<allowColumnReorder>false</allowColumnReorder>
<existDependencyGenerateInDDl>true</existDependencyGenerateInDDl>
<parsed>true</parsed>
<columns itemClass="oracle.dbtools.crest.model.design.relational.Column">
<Column name="id_detalle" id="60322E59-4B84-7719-D1EF-1AFAE8F3C9D8">
<createdBy>Benjamin</createdBy>
<createdTime>2025-10-04 22:46:42 UTC</createdTime>
<generatorID>34ABB577-F707-1E3D-0FF0-BB72C0E48F0E</generatorID>
<ownerDesignName>mec-im_DB</ownerDesignName>
<useDomainConstraints>false</useDomainConstraints>
<use>1</use>
<logicalDatatype>LOGDT011</logicalDatatype>
<ownDataTypeParameters>,,</ownDataTypeParameters>
<autoIncrementCycle>false</autoIncrementCycle>
</Column>
<Column name="cantidad" id="624C0B0F-69BF-0FC0-F63C-2E87A330D3F3">
<createdBy>Benjamin</createdBy>
<createdTime>2025-10-04 22:46:42 UTC</createdTime>
<generatorID>D6F6BDC3-C033-2443-7DAC-B96AEA455A90</generatorID>
<ownerDesignName>mec-im_DB</ownerDesignName>
<useDomainConstraints>false</useDomainConstraints>
<use>1</use>
<logicalDatatype>LOGDT011</logicalDatatype>
<ownDataTypeParameters>,,</ownDataTypeParameters>
<autoIncrementCycle>false</autoIncrementCycle>
</Column>
<Column name="MOVIMIENTO_INTENTARIO_id_movimiento" id="E0D29ABC-5DFC-2A54-9153-0604EF009EAE">
<createdBy>Benjamin</createdBy>
<createdTime>2025-10-04 22:46:42 UTC</createdTime>
<generatorID>C63CEB9F-A786-0401-598D-2FD935F604AA</generatorID>
<ownerDesignName>mec-im_DB</ownerDesignName>
<useDomainConstraints>false</useDomainConstraints>
<use>1</use>
<logicalDatatype>LOGDT011</logicalDatatype>
<ownDataTypeParameters>,,</ownDataTypeParameters>
<previousColumn>false</previousColumn>
<autoIncrementCycle>false</autoIncrementCycle>
<associations>
<colAssociation fkAssociation="83625F9E-1087-CA7C-A1E7-20B68D1472EE" referredColumn="8FE24DE8-DCD1-DA53-6E7B-C83BCD80613F"/>
</associations>
</Column>
<Column name="REPUESTO_id_repuesto" id="B5455062-2624-3043-FCBE-B0A350668A35">
<createdBy>Benjamin</createdBy>
<createdTime>2025-10-04 22:46:42 UTC</createdTime>
<generatorID>0CC0C8F8-9AAC-A87B-5EB3-3E3D564FF6B0</generatorID>
<ownerDesignName>mec-im_DB</ownerDesignName>
<useDomainConstraints>false</useDomainConstraints>
<use>1</use>
<logicalDatatype>LOGDT011</logicalDatatype>
<ownDataTypeParameters>,,</ownDataTypeParameters>
<previousColumn>false</previousColumn>
<autoIncrementCycle>false</autoIncrementCycle>
<associations>
<colAssociation fkAssociation="47C68B25-6603-FA0B-667B-7FB34DD20350" referredColumn="407E1A09-13C0-C987-95DE-10936E35B284"/>
</associations>
</Column>
</columns>
<indexes itemClass="oracle.dbtools.crest.model.design.relational.Index">
<ind_PK_UK id="71CCECBA-3C68-7D9C-5447-00D75475333F" name="DETALLE_MOVIMIENTO_PK">
<createdBy>Benjamin</createdBy>
<createdTime>2025-10-04 22:46:42 UTC</createdTime>
<generatorID>C3770FE2-BE08-7261-FF53-7B173FF2E2E3</generatorID>
<ownerDesignName>mec-im_DB</ownerDesignName>
<pk>true</pk>
<indexState>Primary Constraint</indexState>
<isSurrogateKey>false</isSurrogateKey>
<indexColumnUsage>
<colUsage columnID="60322E59-4B84-7719-D1EF-1AFAE8F3C9D8"/>
</indexColumnUsage>
</ind_PK_UK>
<ind_PK_UK id="72D9E05F-8C4F-53AE-CE26-25008F6C9142" name="DETALLE_MOVIMIENTO_MOVIMIENTO_INTENTARIO_FK">
<createdBy>Benjamin</createdBy>
<createdTime>2025-10-04 22:46:42 UTC</createdTime>
<generatorID>5950B8F4-CB60-42E6-E971-7D8DBD436B53</generatorID>
<ownerDesignName>mec-im_DB</ownerDesignName>
<indexState>Foreign Key</indexState>
<isSurrogateKey>false</isSurrogateKey>
<indexColumnUsage>
<colUsage columnID="E0D29ABC-5DFC-2A54-9153-0604EF009EAE"/>
</indexColumnUsage>
</ind_PK_UK>
<ind_PK_UK id="8C04BDDA-273C-CC28-5BC0-11A148AD7A62" name="DETALLE_MOVIMIENTO_REPUESTO_FK">
<createdBy>Benjamin</createdBy>
<createdTime>2025-10-04 22:46:42 UTC</createdTime>
<generatorID>4739C57B-B7E0-04AE-9C06-AF749A621D4C</generatorID>
<ownerDesignName>mec-im_DB</ownerDesignName>
<indexState>Foreign Key</indexState>
<isSurrogateKey>false</isSurrogateKey>
<indexColumnUsage>
<colUsage columnID="B5455062-2624-3043-FCBE-B0A350668A35"/>
</indexColumnUsage>
</ind_PK_UK>
</indexes>
</Table>