<?xml version = '1.0' encoding = 'UTF-8'?>
<Table class="oracle.dbtools.crest.model.design.relational.Table" directorySegmentName="seg_0" id="482D9CB2-9F1B-FA9C-1A48-D2FCC7756832" name="NOTIFICACION">
<createdBy>Benjamin</createdBy>
<createdTime>2025-10-04 22:46:42 UTC</createdTime>
<generatorID>CE74B307-F3EE-6A4D-E862-FB0FEB7B4D51</generatorID>
<ownerDesignName>mec-im_DB</ownerDesignName>
<allowColumnReorder>false</allowColumnReorder>
<existDependencyGenerateInDDl>true</existDependencyGenerateInDDl>
<parsed>true</parsed>
<columns itemClass="oracle.dbtools.crest.model.design.relational.Column">
<Column name="id_notificacion" id="4728ACBB-1540-81FC-59E2-4BB3C3801AAA">
<createdBy>Benjamin</createdBy>
<createdTime>2025-10-04 22:46:42 UTC</createdTime>
<generatorID>1D5BC5F9-D63C-4015-259F-602B1A2CE11F</generatorID>
<ownerDesignName>mec-im_DB</ownerDesignName>
<useDomainConstraints>false</useDomainConstraints>
<use>1</use>
<logicalDatatype>LOGDT011</logicalDatatype>
<ownDataTypeParameters>,,</ownDataTypeParameters>
<autoIncrementCycle>false</autoIncrementCycle>
</Column>
<Column name="tipo_notificacion" id="572BAF45-798B-6FBA-9751-00A5D413C00C">
<createdBy>Benjamin</createdBy>
<createdTime>2025-10-04 22:46:42 UTC</createdTime>
<generatorID>C893292B-66A3-9AC6-4B2F-001C747FBC7A</generatorID>
<ownerDesignName>mec-im_DB</ownerDesignName>
<useDomainConstraints>false</useDomainConstraints>
<use>1</use>
<logicalDatatype>LOGDT024</logicalDatatype>
<dataTypeSize>35 CHAR</dataTypeSize>
<ownDataTypeParameters>35 CHAR,,</ownDataTypeParameters>
<autoIncrementCycle>false</autoIncrementCycle>
</Column>
<Column name="titulo" id="7DB7C52B-695E-49EE-DE64-CB034D65B2E2">
<createdBy>Benjamin</createdBy>
<createdTime>2025-10-04 22:46:42 UTC</createdTime>
<generatorID>E50D7338-ED36-70F6-D981-142199E0A77F</generatorID>
<ownerDesignName>mec-im_DB</ownerDesignName>
<useDomainConstraints>false</useDomainConstraints>
<use>1</use>
<logicalDatatype>LOGDT024</logicalDatatype>
<dataTypeSize>150 CHAR</dataTypeSize>
<ownDataTypeParameters>150 CHAR,,</ownDataTypeParameters>
<autoIncrementCycle>false</autoIncrementCycle>
</Column>
<Column name="mensaje" id="3FA46EBD-E3A3-526A-D2ED-D257F8D489CA">
<createdBy>Benjamin</createdBy>
<createdTime>2025-10-04 22:46:42 UTC</createdTime>
<generatorID>7277F001-22FD-8ED1-FED4-4C9E8E3E0BD7</generatorID>
<ownerDesignName>mec-im_DB</ownerDesignName>
<nullsAllowed>true</nullsAllowed>
<useDomainConstraints>false</useDomainConstraints>
<use>1</use>
<logicalDatatype>LOGDT040</logicalDatatype>
<ownDataTypeParameters>,,</ownDataTypeParameters>
<autoIncrementCycle>false</autoIncrementCycle>
</Column>
<Column name="referencia_id" id="76F7F67C-993A-A801-703D-E722D1C8B856">
<createdBy>Benjamin</createdBy>
<createdTime>2025-10-04 22:46:42 UTC</createdTime>
<generatorID>A3B54FBA-ECCF-1ABD-CED8-8EA3E1027DCB</generatorID>
<ownerDesignName>mec-im_DB</ownerDesignName>
<nullsAllowed>true</nullsAllowed>
<useDomainConstraints>false</useDomainConstraints>
<use>1</use>
<logicalDatatype>LOGDT011</logicalDatatype>
<ownDataTypeParameters>,,</ownDataTypeParameters>
<autoIncrementCycle>false</autoIncrementCycle>
</Column>
<Column name="referencia_tipo" id="16AC1620-D343-5763-13C3-804EEC9390CC">
<createdBy>Benjamin</createdBy>
<createdTime>2025-10-04 22:46:42 UTC</createdTime>
<generatorID>3F20B137-7FA0-1A07-261E-1E5866A7307E</generatorID>
<ownerDesignName>mec-im_DB</ownerDesignName>
<nullsAllowed>true</nullsAllowed>
<useDomainConstraints>false</useDomainConstraints>
<use>1</use>
<logicalDatatype>LOGDT024</logicalDatatype>
<dataTypeSize>35 CHAR</dataTypeSize>
<ownDataTypeParameters>35 CHAR,,</ownDataTypeParameters>
<autoIncrementCycle>false</autoIncrementCycle>
</Column>
<Column name="leida" id="3A346B05-8A1D-5BBE-CA87-5C5ADA2C9AB8">
<createdBy>Benjamin</createdBy>
<createdTime>2025-10-04 22:46:42 UTC</createdTime>
<generatorID>8B990711-179E-966B-3052-BCE55798CF85</generatorID>
<ownerDesignName>mec-im_DB</ownerDesignName>
<useDomainConstraints>false</useDomainConstraints>
<use>1</use>
<logicalDatatype>LOGDT006</logicalDatatype>
<dataTypeSize>23 CHAR</dataTypeSize>
<ownDataTypeParameters>23 CHAR,,</ownDataTypeParameters>
<autoIncrementCycle>false</autoIncrementCycle>
</Column>
<Column name="fecha_creacion" id="C13A6C11-27C1-A2D2-877B-75587986AFBF">
<createdBy>Benjamin</createdBy>
<createdTime>2025-10-04 22:46:42 UTC</createdTime>
<generatorID>A49E33BB-4513-F9E5-FCD5-04E0A7A8DECD</generatorID>
<ownerDesignName>mec-im_DB</ownerDesignName>
<useDomainConstraints>false</useDomainConstraints>
<use>1</use>
<logicalDatatype>LOGDT015</logicalDatatype>
<ownDataTypeParameters>,,</ownDataTypeParameters>
<autoIncrementCycle>false</autoIncrementCycle>
</Column>
<Column name="USUARIO_id_usuario" id="72E54F5D-DCB1-A3D2-784B-946BD9B63E2A">
<createdBy>Benjamin</createdBy>
<createdTime>2025-10-04 22:46:42 UTC</createdTime>
<generatorID>EA55DE42-5FC6-8209-DA8B-77DB9969CBCF</generatorID>
<ownerDesignName>mec-im_DB</ownerDesignName>
<useDomainConstraints>false</useDomainConstraints>
<use>1</use>
<logicalDatatype>LOGDT011</logicalDatatype>
<ownDataTypeParameters>,,</ownDataTypeParameters>
<previousColumn>false</previousColumn>
<autoIncrementCycle>false</autoIncrementCycle>
<associations>
<colAssociation fkAssociation="C578B668-4551-A2A2-5C1C-295F0E9C6C35" referredColumn="126971ED-B636-70D8-C3F2-442C9D12C85F"/>
</associations>
</Column>
<Column name="fecha_leida" id="03EEC18B-7833-1A83-B8E4-737CDB14A709">
<createdBy>Benjamin</createdBy>
<createdTime>2025-10-05 23:13:21 UTC</createdTime>
<generatorID>B65872BB-05EF-5231-F50F-D35CA92F110C</generatorID>
<ownerDesignName>mec-im_DB</ownerDesignName>
<nullsAllowed>true</nullsAllowed>
<useDomainConstraints>false</useDomainConstraints>
<use>1</use>
<logicalDatatype>LOGDT008</logicalDatatype>
<ownDataTypeParameters>,,</ownDataTypeParameters>
<autoIncrementCycle>false</autoIncrementCycle>
</Column>
<Column name="requiiere_accion" id="3E5BD5F4-007F-D63B-CFDC-A1C095A29798">
<createdBy>Benjamin</createdBy>
<createdTime>2025-10-05 23:13:21 UTC</createdTime>
<generatorID>385D59E5-0292-9ED2-6F2C-A9644540A01B</generatorID>
<ownerDesignName>mec-im_DB</ownerDesignName>
<nullsAllowed>true</nullsAllowed>
<useDomainConstraints>false</useDomainConstraints>
<use>1</use>
<logicalDatatype>LOGDT006</logicalDatatype>
<dataTypeSize>6 CHAR</dataTypeSize>
<ownDataTypeParameters>6 CHAR,,</ownDataTypeParameters>
<autoIncrementCycle>false</autoIncrementCycle>
</Column>
<Column name="fecha_expiracion" id="24F57FCD-8B88-F398-A966-7CD40D4C3F83">
<createdBy>Benjamin</createdBy>
<createdTime>2025-10-05 23:13:21 UTC</createdTime>
<generatorID>55566B12-ECD8-64CD-9C65-AE3243E84FE1</generatorID>
<ownerDesignName>mec-im_DB</ownerDesignName>
<nullsAllowed>true</nullsAllowed>
<useDomainConstraints>false</useDomainConstraints>
<use>1</use>
<logicalDatatype>LOGDT008</logicalDatatype>
<ownDataTypeParameters>,,</ownDataTypeParameters>
<autoIncrementCycle>false</autoIncrementCycle>
</Column>
<Column name="PRIORIDAD_NOTIFICACION_id_prioridad" id="B88302FB-2F3F-F213-7019-34FD0E6C9AA9">
<createdBy>Benjamin</createdBy>
<createdTime>2025-10-05 23:13:21 UTC</createdTime>
<generatorID>D26345C2-5C72-BDEC-7FB2-D05C7E66B8F4</generatorID>
<ownerDesignName>mec-im_DB</ownerDesignName>
<useDomainConstraints>false</useDomainConstraints>
<use>1</use>
<logicalDatatype>LOGDT011</logicalDatatype>
<ownDataTypeParameters>,,</ownDataTypeParameters>
<previousColumn>false</previousColumn>
<autoIncrementCycle>false</autoIncrementCycle>
<associations>
<colAssociation fkAssociation="1BC22C8B-8C16-D46E-936D-9F4AB0D173DD" referredColumn="1974A480-13F9-CF0F-B164-D0F8632517E0"/>
</associations>
</Column>
<Column name="TIPO_NOTIFICACION_id_tipo_not" id="1EB216D0-29EB-D67D-E6B0-5EE06DB8E725">
<createdBy>Benjamin</createdBy>
<createdTime>2025-10-05 23:13:21 UTC</createdTime>
<generatorID>887FB3CD-9350-D740-545A-6AA0C27249B3</generatorID>
<ownerDesignName>mec-im_DB</ownerDesignName>
<useDomainConstraints>false</useDomainConstraints>
<use>1</use>
<logicalDatatype>LOGDT011</logicalDatatype>
<ownDataTypeParameters>,,</ownDataTypeParameters>
<previousColumn>false</previousColumn>
<autoIncrementCycle>false</autoIncrementCycle>
<associations>
<colAssociation fkAssociation="72B954CE-FC91-95F1-A2C0-124EA3223CFD" referredColumn="896902DD-1191-7003-03E8-5E1249D8635D"/>
</associations>
</Column>
<Column name="TIPO_REFERENCIA_id_tipo_referencia" id="C3331A1F-59ED-3A81-7C0E-508A6239D4A5">
<createdBy>Benjamin</createdBy>
<createdTime>2025-10-05 23:13:21 UTC</createdTime>
<generatorID>04E36341-5419-56A2-FD4B-0C3E3F5506B5</generatorID>
<ownerDesignName>mec-im_DB</ownerDesignName>
<useDomainConstraints>false</useDomainConstraints>
<use>1</use>
<logicalDatatype>LOGDT011</logicalDatatype>
<ownDataTypeParameters>,,</ownDataTypeParameters>
<previousColumn>false</previousColumn>
<autoIncrementCycle>false</autoIncrementCycle>
<associations>
<colAssociation fkAssociation="1CDEA8BA-7153-38E2-06F5-E7BB33F1FCB8" referredColumn="78F53CAB-48A4-3F26-04F7-4933061A3B0D"/>
</associations>
</Column>
</columns>
<indexes itemClass="oracle.dbtools.crest.model.design.relational.Index">
<ind_PK_UK id="13AAE4DA-C6C4-C0FD-77EE-7B0CE8BD980C" name="NOTIFICACION_PK">
<createdBy>Benjamin</createdBy>
<createdTime>2025-10-04 22:46:42 UTC</createdTime>
<generatorID>7DB2359B-393D-E648-1CFD-6C049098453B</generatorID>
<ownerDesignName>mec-im_DB</ownerDesignName>
<pk>true</pk>
<indexState>Primary Constraint</indexState>
<isSurrogateKey>false</isSurrogateKey>
<indexColumnUsage>
<colUsage columnID="4728ACBB-1540-81FC-59E2-4BB3C3801AAA"/>
</indexColumnUsage>
</ind_PK_UK>
<ind_PK_UK id="AFA402DA-6A51-2C2A-8255-65C37ECF9555" name="NOTIFICACION_USUARIO_FK">
<createdBy>Benjamin</createdBy>
<createdTime>2025-10-04 22:46:42 UTC</createdTime>
<generatorID>AB461B6E-692F-3D1A-869F-C43B8630D26D</generatorID>
<ownerDesignName>mec-im_DB</ownerDesignName>
<indexState>Foreign Key</indexState>
<isSurrogateKey>false</isSurrogateKey>
<indexColumnUsage>
<colUsage columnID="72E54F5D-DCB1-A3D2-784B-946BD9B63E2A"/>
</indexColumnUsage>
</ind_PK_UK>
<ind_PK_UK id="4A9C6D71-D234-E0B9-245B-B87C27BB000E" name="NOTIFICACION_PRIORIDAD_NOTIFICACION_FK">
<createdBy>Benjamin</createdBy>
<createdTime>2025-10-05 23:13:21 UTC</createdTime>
<generatorID>F45B06C5-72C9-A169-1AA7-18633213DB47</generatorID>
<ownerDesignName>mec-im_DB</ownerDesignName>
<indexState>Foreign Key</indexState>
<isSurrogateKey>false</isSurrogateKey>
<indexColumnUsage>
<colUsage columnID="B88302FB-2F3F-F213-7019-34FD0E6C9AA9"/>
</indexColumnUsage>
</ind_PK_UK>
<ind_PK_UK id="22A1917A-F88E-15D2-7D10-3A61E9051619" name="NOTIFICACION_TIPO_NOTIFICACION_FK">
<createdBy>Benjamin</createdBy>
<createdTime>2025-10-05 23:13:21 UTC</createdTime>
<generatorID>3E58048B-0C4E-DF46-93BE-21A34671E7E7</generatorID>
<ownerDesignName>mec-im_DB</ownerDesignName>
<indexState>Foreign Key</indexState>
<isSurrogateKey>false</isSurrogateKey>
<indexColumnUsage>
<colUsage columnID="1EB216D0-29EB-D67D-E6B0-5EE06DB8E725"/>
</indexColumnUsage>
</ind_PK_UK>
<ind_PK_UK id="AD20D613-27B3-0159-FE38-A9FE2F6CED27" name="NOTIFICACION_TIPO_REFERENCIA_FK">
<createdBy>Benjamin</createdBy>
<createdTime>2025-10-05 23:13:21 UTC</createdTime>
<generatorID>D73DD8F4-CA20-3897-D441-8496BF0163A7</generatorID>
<ownerDesignName>mec-im_DB</ownerDesignName>
<indexState>Foreign Key</indexState>
<isSurrogateKey>false</isSurrogateKey>
<indexColumnUsage>
<colUsage columnID="C3331A1F-59ED-3A81-7C0E-508A6239D4A5"/>
</indexColumnUsage>
</ind_PK_UK>
</indexes>
</Table>