<?xml version = '1.0' encoding = 'UTF-8'?>
<Table class="oracle.dbtools.crest.model.design.relational.Table" directorySegmentName="seg_0" id="49F9C355-642B-BC41-67BD-24D7C5E6B1B1" name="EVIDENCIA_INGRESO">
<createdBy>Benjamin</createdBy>
<createdTime>2025-10-04 20:37:56 UTC</createdTime>
<generatorID>15EBD628-2733-B70F-BA00-9DA83A2BA4D4</generatorID>
<ownerDesignName>mec-im_DB</ownerDesignName>
<allowColumnReorder>false</allowColumnReorder>
<existDependencyGenerateInDDl>true</existDependencyGenerateInDDl>
<parsed>true</parsed>
<columns itemClass="oracle.dbtools.crest.model.design.relational.Column">
<Column name="id_evidencia" id="3D2D3A0C-DDC8-365E-5750-E7E67E7564F7">
<createdBy>Benjamin</createdBy>
<createdTime>2025-10-04 20:37:56 UTC</createdTime>
<generatorID>BD655DA4-5330-B39B-F8CE-18EB39A828C6</generatorID>
<ownerDesignName>mec-im_DB</ownerDesignName>
<useDomainConstraints>false</useDomainConstraints>
<use>1</use>
<logicalDatatype>LOGDT011</logicalDatatype>
<ownDataTypeParameters>,,</ownDataTypeParameters>
<autoIncrementCycle>false</autoIncrementCycle>
</Column>
<Column name="tipo_evidencia" id="8F2BB6AB-6A71-54A0-A68B-F1B86059C2F7">
<createdBy>Benjamin</createdBy>
<createdTime>2025-10-04 20:37:56 UTC</createdTime>
<generatorID>A1C9CCC3-9C6C-24B4-E9E6-63887D4E2FE5</generatorID>
<ownerDesignName>mec-im_DB</ownerDesignName>
<useDomainConstraints>false</useDomainConstraints>
<use>1</use>
<logicalDatatype>LOGDT024</logicalDatatype>
<dataTypeSize>25 CHAR</dataTypeSize>
<ownDataTypeParameters>25 CHAR,,</ownDataTypeParameters>
<autoIncrementCycle>false</autoIncrementCycle>
</Column>
<Column name="ruta_archivo" id="3E0A0967-DF59-1300-AE6C-DCB2C6B570C5">
<createdBy>Benjamin</createdBy>
<createdTime>2025-10-04 20:37:56 UTC</createdTime>
<generatorID>F25A49D4-3BE6-925C-7D7E-B598B277E943</generatorID>
<ownerDesignName>mec-im_DB</ownerDesignName>
<useDomainConstraints>false</useDomainConstraints>
<use>1</use>
<logicalDatatype>LOGDT024</logicalDatatype>
<dataTypeSize>255 CHAR</dataTypeSize>
<ownDataTypeParameters>255 CHAR,,</ownDataTypeParameters>
<autoIncrementCycle>false</autoIncrementCycle>
</Column>
<Column name="descripcion" id="1957C6D6-E0DE-6ECB-233C-536BC6FDE138">
<createdBy>Benjamin</createdBy>
<createdTime>2025-10-04 20:37:56 UTC</createdTime>
<generatorID>FE4B5712-F4A0-C0FD-0E43-295B9B5C2506</generatorID>
<ownerDesignName>mec-im_DB</ownerDesignName>
<useDomainConstraints>false</useDomainConstraints>
<use>1</use>
<logicalDatatype>LOGDT040</logicalDatatype>
<ownDataTypeParameters>,,</ownDataTypeParameters>
<autoIncrementCycle>false</autoIncrementCycle>
</Column>
<Column name="fecha_subida" id="E6FA97F6-09A2-523D-BB42-2B3E39A85B9D">
<createdBy>Benjamin</createdBy>
<createdTime>2025-10-04 20:37:56 UTC</createdTime>
<generatorID>F9860C6E-CC12-CC91-C707-578879DEC47F</generatorID>
<ownerDesignName>mec-im_DB</ownerDesignName>
<useDomainConstraints>false</useDomainConstraints>
<use>1</use>
<logicalDatatype>LOGDT015</logicalDatatype>
<ownDataTypeParameters>,,</ownDataTypeParameters>
<autoIncrementCycle>false</autoIncrementCycle>
</Column>
<Column name="INGRESO_VEHICULO_id_ingreso" id="A10CA10E-B949-94A2-449C-B7E220BCA260">
<createdBy>Benjamin</createdBy>
<createdTime>2025-10-04 22:46:42 UTC</createdTime>
<generatorID>6979F12D-FA0F-7512-1DA3-9130CEF1314E</generatorID>
<ownerDesignName>mec-im_DB</ownerDesignName>
<useDomainConstraints>false</useDomainConstraints>
<use>1</use>
<logicalDatatype>LOGDT011</logicalDatatype>
<ownDataTypeParameters>,,</ownDataTypeParameters>
<previousColumn>false</previousColumn>
<autoIncrementCycle>false</autoIncrementCycle>
<associations>
<colAssociation fkAssociation="BC2002C3-0F75-C418-0566-801A10234B9A" referredColumn="E262E217-9A1F-ECB3-44BB-53C7C5716412"/>
</associations>
</Column>
<Column name="TIPO_EVIDENCIA_id_tipo" id="8DA9BEB1-7C3F-6B6A-143C-9273E1CED7E4">
<createdBy>Benjamin</createdBy>
<createdTime>2025-10-05 23:13:21 UTC</createdTime>
<generatorID>256CE95E-B3E7-4D9C-CC52-76CC834F58C8</generatorID>
<ownerDesignName>mec-im_DB</ownerDesignName>
<useDomainConstraints>false</useDomainConstraints>
<use>1</use>
<logicalDatatype>LOGDT011</logicalDatatype>
<ownDataTypeParameters>,,</ownDataTypeParameters>
<previousColumn>false</previousColumn>
<autoIncrementCycle>false</autoIncrementCycle>
<associations>
<colAssociation fkAssociation="E92783E4-1434-91C3-5216-FAF7D3DA5CDE" referredColumn="261F4807-C698-3250-554D-D3FC88197039"/>
</associations>
</Column>
<Column name="ANGULO_id_angulo" id="5F8F8A69-58AB-2C3D-476E-E7639C029FA3">
<createdBy>Benjamin</createdBy>
<createdTime>2025-10-05 23:13:21 UTC</createdTime>
<generatorID>34FA110D-4712-C975-F5AC-406A33962E60</generatorID>
<ownerDesignName>mec-im_DB</ownerDesignName>
<useDomainConstraints>false</useDomainConstraints>
<use>1</use>
<logicalDatatype>LOGDT011</logicalDatatype>
<ownDataTypeParameters>,,</ownDataTypeParameters>
<previousColumn>false</previousColumn>
<autoIncrementCycle>false</autoIncrementCycle>
<associations>
<colAssociation fkAssociation="69EFA4F8-F703-A180-B60A-9BA57519419E" referredColumn="FBE1E64B-E084-789E-796E-C048DCB2D858"/>
</associations>
</Column>
</columns>
<indexes itemClass="oracle.dbtools.crest.model.design.relational.Index">
<ind_PK_UK id="7D48C378-07DA-5C16-9492-F5C09AA29CD7" name="EVIDENCIA_INGRESO_PK">
<createdBy>Benjamin</createdBy>
<createdTime>2025-10-04 20:37:56 UTC</createdTime>
<generatorID>CA18D146-8BB4-A143-615D-F7F0294378C7</generatorID>
<ownerDesignName>mec-im_DB</ownerDesignName>
<pk>true</pk>
<indexState>Primary Constraint</indexState>
<isSurrogateKey>false</isSurrogateKey>
<indexColumnUsage>
<colUsage columnID="3D2D3A0C-DDC8-365E-5750-E7E67E7564F7"/>
</indexColumnUsage>
</ind_PK_UK>
<ind_PK_UK id="9AA89C75-8111-0AA1-F873-45AF2AD61BDD" name="EVIDENCIA_INGRESO__IDX">
<createdBy>Benjamin</createdBy>
<createdTime>2025-10-04 22:46:42 UTC</createdTime>
<ownerDesignName>mec-im_DB</ownerDesignName>
<indexState>Unique Plain Index</indexState>
<isSurrogateKey>false</isSurrogateKey>
<relationGeneratorID>6360F148-3E20-56AB-A3C1-024313737F23</relationGeneratorID>
<indexColumnUsage>
<colUsage columnID="A10CA10E-B949-94A2-449C-B7E220BCA260"/>
</indexColumnUsage>
</ind_PK_UK>
<ind_PK_UK id="85BF3DC9-303B-ACEF-D4F3-E8B6FC277C84" name="EVIDENCIA_INGRESO_INGRESO_VEHICULO_FK">
<createdBy>Benjamin</createdBy>
<createdTime>2025-10-04 22:46:42 UTC</createdTime>
<generatorID>6360F148-3E20-56AB-A3C1-024313737F23</generatorID>
<ownerDesignName>mec-im_DB</ownerDesignName>
<indexState>Foreign Key</indexState>
<isSurrogateKey>false</isSurrogateKey>
<indexColumnUsage>
<colUsage columnID="A10CA10E-B949-94A2-449C-B7E220BCA260"/>
</indexColumnUsage>
</ind_PK_UK>
<ind_PK_UK id="ED893A03-06C0-C00F-CBC1-DE2D690D58D5" name="EVIDENCIA_INGRESO_TIPO_EVIDENCIA_FK">
<createdBy>Benjamin</createdBy>
<createdTime>2025-10-05 23:13:21 UTC</createdTime>
<generatorID>9231AE39-1642-4986-44D3-79A98055F63C</generatorID>
<ownerDesignName>mec-im_DB</ownerDesignName>
<indexState>Foreign Key</indexState>
<isSurrogateKey>false</isSurrogateKey>
<indexColumnUsage>
<colUsage columnID="8DA9BEB1-7C3F-6B6A-143C-9273E1CED7E4"/>
</indexColumnUsage>
</ind_PK_UK>
<ind_PK_UK id="3959223E-35C5-A356-00DF-0A4006C78F77" name="EVIDENCIA_INGRESO_ANGULO_FK">
<createdBy>Benjamin</createdBy>
<createdTime>2025-10-05 23:13:21 UTC</createdTime>
<generatorID>F16A95CE-B780-1D1A-699F-ED2C0EBCF48C</generatorID>
<ownerDesignName>mec-im_DB</ownerDesignName>
<indexState>Foreign Key</indexState>
<isSurrogateKey>false</isSurrogateKey>
<indexColumnUsage>
<colUsage columnID="5F8F8A69-58AB-2C3D-476E-E7639C029FA3"/>
</indexColumnUsage>
</ind_PK_UK>
</indexes>
</Table>