<?xml version = '1.0' encoding = 'UTF-8'?>
<Table class="oracle.dbtools.crest.model.design.relational.Table" directorySegmentName="seg_0" id="4F289308-A8A0-BDA8-9E73-0985D81D1B9B" name="CUENTA">
<createdBy>Benjamin</createdBy>
<createdTime>2025-10-07 23:23:28 UTC</createdTime>
<generatorID>0D06099A-8C4E-C563-AE73-62011AF17771</generatorID>
<ownerDesignName>mec-im_DB</ownerDesignName>
<allowColumnReorder>false</allowColumnReorder>
<existDependencyGenerateInDDl>true</existDependencyGenerateInDDl>
<parsed>true</parsed>
<columns itemClass="oracle.dbtools.crest.model.design.relational.Column">
<Column name="id_cuenta" id="0EEE1312-9098-D915-C35A-DC456193587A">
<createdBy>Benjamin</createdBy>
<createdTime>2025-10-07 23:23:28 UTC</createdTime>
<generatorID>40F1F0B7-9A9D-74FC-5F1C-CA6ADD63EFA0</generatorID>
<ownerDesignName>mec-im_DB</ownerDesignName>
<useDomainConstraints>false</useDomainConstraints>
<use>1</use>
<logicalDatatype>LOGDT011</logicalDatatype>
<ownDataTypeParameters>,,</ownDataTypeParameters>
<autoIncrementCycle>false</autoIncrementCycle>
</Column>
<Column name="gmail" id="4D9537A6-51B7-23B5-2949-89477FD511A3">
<createdBy>Benjamin</createdBy>
<createdTime>2025-10-07 23:23:28 UTC</createdTime>
<generatorID>9E8072E3-3B6B-7C9C-149A-53A3642E50C4</generatorID>
<ownerDesignName>mec-im_DB</ownerDesignName>
<useDomainConstraints>false</useDomainConstraints>
<use>1</use>
<logicalDatatype>LOGDT024</logicalDatatype>
<dataTypeSize>15 CHAR</dataTypeSize>
<ownDataTypeParameters>15 CHAR,,</ownDataTypeParameters>
<autoIncrementCycle>false</autoIncrementCycle>
</Column>
<Column name="password_hash" id="6421A27B-7F0C-CA71-8F67-44E4DC2A509E">
<createdBy>Benjamin</createdBy>
<createdTime>2025-10-07 23:23:28 UTC</createdTime>
<generatorID>3BD3694D-DA04-568B-7D1F-89CC2447BFCB</generatorID>
<ownerDesignName>mec-im_DB</ownerDesignName>
<useDomainConstraints>false</useDomainConstraints>
<use>1</use>
<logicalDatatype>LOGDT024</logicalDatatype>
<dataTypeSize>20 CHAR</dataTypeSize>
<ownDataTypeParameters>20 CHAR,,</ownDataTypeParameters>
<autoIncrementCycle>false</autoIncrementCycle>
</Column>
<Column name="fecha_creacion" id="13F7B37E-DBB9-8521-FE1C-17DB4F6C021C">
<createdBy>Benjamin</createdBy>
<createdTime>2025-10-07 23:23:28 UTC</createdTime>
<generatorID>1154E4C7-A6DF-31EF-0BAD-7DF63C946F0D</generatorID>
<ownerDesignName>mec-im_DB</ownerDesignName>
<useDomainConstraints>false</useDomainConstraints>
<use>1</use>
<logicalDatatype>LOGDT007</logicalDatatype>
<ownDataTypeParameters>,,</ownDataTypeParameters>
<autoIncrementCycle>false</autoIncrementCycle>
</Column>
<Column name="ultimo_acceso" id="74C4C27E-6C8A-BDA7-D7FF-B9354CFD8CC0">
<createdBy>Benjamin</createdBy>
<createdTime>2025-10-07 23:23:28 UTC</createdTime>
<generatorID>B3032B91-6B0A-9FDA-E362-FA86B25E5B89</generatorID>
<ownerDesignName>mec-im_DB</ownerDesignName>
<useDomainConstraints>false</useDomainConstraints>
<use>1</use>
<logicalDatatype>LOGDT008</logicalDatatype>
<ownDataTypeParameters>,,</ownDataTypeParameters>
<autoIncrementCycle>false</autoIncrementCycle>
</Column>
<Column name="USUARIO_id_usuario" id="4542D4EB-C71A-DB35-15EF-8A8025561F1E">
<createdBy>Benjamin</createdBy>
<createdTime>2025-10-07 23:23:28 UTC</createdTime>
<generatorID>182A40D0-7923-DB6F-78B5-7B2A7286A4F7</generatorID>
<ownerDesignName>mec-im_DB</ownerDesignName>
<useDomainConstraints>false</useDomainConstraints>
<use>1</use>
<logicalDatatype>LOGDT011</logicalDatatype>
<ownDataTypeParameters>,,</ownDataTypeParameters>
<previousColumn>false</previousColumn>
<autoIncrementCycle>false</autoIncrementCycle>
<associations>
<colAssociation fkAssociation="F95FEEE7-6889-7642-B748-9FF2B9DDB5EE" referredColumn="126971ED-B636-70D8-C3F2-442C9D12C85F"/>
</associations>
</Column>
<Column name="activo" id="40FAFFE9-C86D-274D-B1A5-C6A2F399C361">
<createdBy>Benjamin</createdBy>
<createdTime>2025-10-07 23:23:58 UTC</createdTime>
<generatorID>19C3C809-22D4-3925-DFC5-AE5FBDBA3E6E</generatorID>
<ownerDesignName>mec-im_DB</ownerDesignName>
<useDomainConstraints>false</useDomainConstraints>
<use>1</use>
<logicalDatatype>LOGDT006</logicalDatatype>
<dataTypeSize>6 CHAR</dataTypeSize>
<ownDataTypeParameters>6 CHAR,,</ownDataTypeParameters>
<autoIncrementCycle>false</autoIncrementCycle>
</Column>
</columns>
<indexes itemClass="oracle.dbtools.crest.model.design.relational.Index">
<ind_PK_UK id="9F426C37-7F1C-3F83-47C1-70A52E75B869" name="cuenta_PK">
<createdBy>Benjamin</createdBy>
<createdTime>2025-10-07 23:23:28 UTC</createdTime>
<generatorID>C9609F45-991A-0C2A-2316-D5A841F32830</generatorID>
<ownerDesignName>mec-im_DB</ownerDesignName>
<pk>true</pk>
<indexState>Primary Constraint</indexState>
<isSurrogateKey>false</isSurrogateKey>
<indexColumnUsage>
<colUsage columnID="0EEE1312-9098-D915-C35A-DC456193587A"/>
</indexColumnUsage>
</ind_PK_UK>
<ind_PK_UK id="6AE654F1-C0C9-3233-72D7-01E554DD20A8" name="cuenta_USUARIO_FK">
<createdBy>Benjamin</createdBy>
<createdTime>2025-10-07 23:23:28 UTC</createdTime>
<generatorID>4E6631AB-5D64-F1F5-DFAD-339CA6466CAB</generatorID>
<ownerDesignName>mec-im_DB</ownerDesignName>
<indexState>Foreign Key</indexState>
<isSurrogateKey>false</isSurrogateKey>
<indexColumnUsage>
<colUsage columnID="4542D4EB-C71A-DB35-15EF-8A8025561F1E"/>
</indexColumnUsage>
</ind_PK_UK>
</indexes>
</Table>