<?xml version = '1.0' encoding = 'UTF-8'?>
<Table class="oracle.dbtools.crest.model.design.relational.Table" directorySegmentName="seg_0" id="6D111FA7-034A-EDFB-6C47-85D3C90D71D9" name="VEHICULO">
<createdBy>Benjamin</createdBy>
<createdTime>2025-10-04 20:37:56 UTC</createdTime>
<generatorID>1851E50F-4380-4BB2-E52B-EE89E8EAC777</generatorID>
<ownerDesignName>mec-im_DB</ownerDesignName>
<allowColumnReorder>false</allowColumnReorder>
<existDependencyGenerateInDDl>true</existDependencyGenerateInDDl>
<parsed>true</parsed>
<columns itemClass="oracle.dbtools.crest.model.design.relational.Column">
<Column name="id_vehiculo" id="19BC70B2-5010-EDBD-6209-12637CA3550C">
<createdBy>Benjamin</createdBy>
<createdTime>2025-10-04 20:37:56 UTC</createdTime>
<generatorID>EF0C5177-EC74-FE7B-C58E-934BFAA04248</generatorID>
<ownerDesignName>mec-im_DB</ownerDesignName>
<useDomainConstraints>false</useDomainConstraints>
<use>1</use>
<logicalDatatype>LOGDT011</logicalDatatype>
<ownDataTypeParameters>,,</ownDataTypeParameters>
<autoIncrementCycle>false</autoIncrementCycle>
</Column>
<Column name="patente" id="E46B93A2-39A8-C525-EDE6-41B3075B6BA5">
<createdBy>Benjamin</createdBy>
<createdTime>2025-10-04 20:37:56 UTC</createdTime>
<generatorID>D812D228-EBC3-57F4-C593-AC899E4BD9AA</generatorID>
<ownerDesignName>mec-im_DB</ownerDesignName>
<useDomainConstraints>false</useDomainConstraints>
<use>1</use>
<logicalDatatype>LOGDT024</logicalDatatype>
<dataTypeSize>10 CHAR</dataTypeSize>
<ownDataTypeParameters>10 CHAR,,</ownDataTypeParameters>
<autoIncrementCycle>false</autoIncrementCycle>
</Column>
<Column name="marca" id="DC556C48-701E-6165-540A-1324450680BC">
<createdBy>Benjamin</createdBy>
<createdTime>2025-10-04 20:37:56 UTC</createdTime>
<generatorID>C32FB00F-015A-811B-3B31-10174544B943</generatorID>
<ownerDesignName>mec-im_DB</ownerDesignName>
<useDomainConstraints>false</useDomainConstraints>
<use>1</use>
<logicalDatatype>LOGDT024</logicalDatatype>
<dataTypeSize>50 CHAR</dataTypeSize>
<ownDataTypeParameters>50 CHAR,,</ownDataTypeParameters>
<autoIncrementCycle>false</autoIncrementCycle>
</Column>
<Column name="modelo" id="CB862C77-7AC7-FD9F-F6AA-8DB64A0BA879">
<createdBy>Benjamin</createdBy>
<createdTime>2025-10-04 20:37:56 UTC</createdTime>
<generatorID>DC361F8D-CA5D-2CE8-924D-45E534F60F41</generatorID>
<ownerDesignName>mec-im_DB</ownerDesignName>
<useDomainConstraints>false</useDomainConstraints>
<use>1</use>
<logicalDatatype>LOGDT024</logicalDatatype>
<dataTypeSize>50 CHAR</dataTypeSize>
<ownDataTypeParameters>50 CHAR,,</ownDataTypeParameters>
<autoIncrementCycle>false</autoIncrementCycle>
</Column>
<Column name="tipo_vehiculo" id="333DA9AA-3AE2-2BA9-D9CB-CB0FC3DB2EA9">
<createdBy>Benjamin</createdBy>
<createdTime>2025-10-04 20:37:56 UTC</createdTime>
<generatorID>70723B9B-263C-4814-72EC-814EE2F56F98</generatorID>
<ownerDesignName>mec-im_DB</ownerDesignName>
<useDomainConstraints>false</useDomainConstraints>
<use>1</use>
<logicalDatatype>LOGDT024</logicalDatatype>
<dataTypeSize>30 CHAR</dataTypeSize>
<ownDataTypeParameters>30 CHAR,,</ownDataTypeParameters>
<autoIncrementCycle>false</autoIncrementCycle>
</Column>
<Column name="kilometraje_actual" id="16B230F5-B2BE-2DE2-9726-CF867916B46A">
<createdBy>Benjamin</createdBy>
<createdTime>2025-10-04 20:37:56 UTC</createdTime>
<generatorID>718F58F0-6EE7-AB29-EEAD-3A165FE5DE31</generatorID>
<ownerDesignName>mec-im_DB</ownerDesignName>
<useDomainConstraints>false</useDomainConstraints>
<use>1</use>
<logicalDatatype>LOGDT011</logicalDatatype>
<ownDataTypeParameters>,,</ownDataTypeParameters>
<autoIncrementCycle>false</autoIncrementCycle>
</Column>
<Column name="estado_vehiculo" id="318130CE-2067-1238-2927-C1E59DE169A2">
<createdBy>Benjamin</createdBy>
<createdTime>2025-10-04 20:37:56 UTC</createdTime>
<generatorID>36311D1A-6200-8999-9765-68EB00638BD4</generatorID>
<ownerDesignName>mec-im_DB</ownerDesignName>
<useDomainConstraints>false</useDomainConstraints>
<use>1</use>
<logicalDatatype>LOGDT024</logicalDatatype>
<dataTypeSize>30 CHAR</dataTypeSize>
<ownDataTypeParameters>30 CHAR,,</ownDataTypeParameters>
<autoIncrementCycle>false</autoIncrementCycle>
</Column>
<Column name="fecha_ingreso_flota" id="B625A4B5-F4D9-EEC9-096A-B81D4F589BEF">
<createdBy>Benjamin</createdBy>
<createdTime>2025-10-04 20:37:56 UTC</createdTime>
<generatorID>3E85D81F-C420-0CF5-FB8B-0853484EE69F</generatorID>
<ownerDesignName>mec-im_DB</ownerDesignName>
<useDomainConstraints>false</useDomainConstraints>
<use>1</use>
<logicalDatatype>LOGDT007</logicalDatatype>
<ownDataTypeParameters>,,</ownDataTypeParameters>
<autoIncrementCycle>false</autoIncrementCycle>
</Column>
<Column name="fecha_ultimo_mantenimiento" id="2967E5F1-6452-6B21-89B3-421F5D4A92DD">
<createdBy>Benjamin</createdBy>
<createdTime>2025-10-04 20:37:56 UTC</createdTime>
<generatorID>4C3DF6EC-BE97-4C80-5078-6F9A5888119D</generatorID>
<ownerDesignName>mec-im_DB</ownerDesignName>
<nullsAllowed>true</nullsAllowed>
<useDomainConstraints>false</useDomainConstraints>
<use>1</use>
<logicalDatatype>LOGDT007</logicalDatatype>
<ownDataTypeParameters>,,</ownDataTypeParameters>
<autoIncrementCycle>false</autoIncrementCycle>
</Column>
<Column name="activo" id="10C97D9A-E18A-BBB6-FBA4-806BA1D84C5C">
<createdBy>Benjamin</createdBy>
<createdTime>2025-10-04 20:37:56 UTC</createdTime>
<generatorID>27F6A23E-DC40-CC51-523F-D4F3BA7A34C7</generatorID>
<ownerDesignName>mec-im_DB</ownerDesignName>
<useDomainConstraints>false</useDomainConstraints>
<use>1</use>
<logicalDatatype>LOGDT006</logicalDatatype>
<dataTypeSize>1 CHAR</dataTypeSize>
<ownDataTypeParameters>1 CHAR,,</ownDataTypeParameters>
<autoIncrementCycle>false</autoIncrementCycle>
</Column>
<Column name="LLAVES_id_llave" id="1D56FE8E-4395-7501-A277-A27869CEE27A">
<createdBy>Benjamin</createdBy>
<createdTime>2025-10-04 22:46:42 UTC</createdTime>
<generatorID>3927C830-1BA4-4884-86A5-D4D4ECC589FF</generatorID>
<ownerDesignName>mec-im_DB</ownerDesignName>
<useDomainConstraints>false</useDomainConstraints>
<use>1</use>
<logicalDatatype>LOGDT011</logicalDatatype>
<ownDataTypeParameters>,,</ownDataTypeParameters>
<previousColumn>false</previousColumn>
<autoIncrementCycle>false</autoIncrementCycle>
<associations>
<colAssociation fkAssociation="BC16C188-45E6-65B9-80C2-585095348126" referredColumn="30B0C1E8-48A0-4C55-A37A-7C7FD2D95E2D"/>
</associations>
</Column>
<Column name="fecha_proxima_revision_tecnica" id="F9094155-4145-BD1E-3FBC-2D0DB94B3301">
<createdBy>Benjamin</createdBy>
<createdTime>2025-10-05 23:13:21 UTC</createdTime>
<generatorID>549EFCA0-1B42-0776-E0B3-A0475DFAA7F4</generatorID>
<ownerDesignName>mec-im_DB</ownerDesignName>
<nullsAllowed>true</nullsAllowed>
<useDomainConstraints>false</useDomainConstraints>
<use>1</use>
<logicalDatatype>LOGDT007</logicalDatatype>
<ownDataTypeParameters>,,</ownDataTypeParameters>
<autoIncrementCycle>false</autoIncrementCycle>
</Column>
<Column name="fecha_vencimiento_seguro" id="B236FF7F-D10F-E86E-CE5E-A99061D1E202">
<createdBy>Benjamin</createdBy>
<createdTime>2025-10-05 23:13:21 UTC</createdTime>
<generatorID>0D8CD3DA-350F-3EB0-550C-427E069EA186</generatorID>
<ownerDesignName>mec-im_DB</ownerDesignName>
<useDomainConstraints>false</useDomainConstraints>
<use>1</use>
<logicalDatatype>LOGDT007</logicalDatatype>
<ownDataTypeParameters>,,</ownDataTypeParameters>
<autoIncrementCycle>false</autoIncrementCycle>
</Column>
<Column name="observaciones" id="442F3B98-EF3F-7EB5-5A82-E9DEA4522A50">
<createdBy>Benjamin</createdBy>
<createdTime>2025-10-05 23:13:21 UTC</createdTime>
<generatorID>42DA9202-5698-9896-3DCD-40B423A385F6</generatorID>
<ownerDesignName>mec-im_DB</ownerDesignName>
<nullsAllowed>true</nullsAllowed>
<useDomainConstraints>false</useDomainConstraints>
<use>1</use>
<logicalDatatype>LOGDT040</logicalDatatype>
<ownDataTypeParameters>,,</ownDataTypeParameters>
<autoIncrementCycle>false</autoIncrementCycle>
</Column>
<Column name="fecha_creacion" id="A2042145-DFD1-715B-B470-46A84B5AEE75">
<createdBy>Benjamin</createdBy>
<createdTime>2025-10-05 23:13:21 UTC</createdTime>
<generatorID>76B81007-34E8-2FE0-AA24-DC6348B79EFA</generatorID>
<ownerDesignName>mec-im_DB</ownerDesignName>
<nullsAllowed>true</nullsAllowed>
<useDomainConstraints>false</useDomainConstraints>
<use>1</use>
<logicalDatatype>LOGDT015</logicalDatatype>
<dataTypePrecision>3</dataTypePrecision>
<ownDataTypeParameters>,3,</ownDataTypeParameters>
<autoIncrementCycle>false</autoIncrementCycle>
</Column>
<Column name="TIPO_VEHICULO_id_tipo_vehiculo" id="9FB0B885-EDD9-FECF-E299-3DE77BCA81DF">
<createdBy>Benjamin</createdBy>
<createdTime>2025-10-05 23:13:21 UTC</createdTime>
<generatorID>61AD54DF-92A7-F67F-00C7-9AE547C796A3</generatorID>
<ownerDesignName>mec-im_DB</ownerDesignName>
<useDomainConstraints>false</useDomainConstraints>
<use>1</use>
<logicalDatatype>LOGDT011</logicalDatatype>
<ownDataTypeParameters>,,</ownDataTypeParameters>
<previousColumn>false</previousColumn>
<autoIncrementCycle>false</autoIncrementCycle>
<associations>
<colAssociation fkAssociation="1AE24E30-A9A1-1C28-66B7-DFF516024B96" referredColumn="8B53AF97-BFC6-DD35-809A-F4DB0132A5ED"/>
</associations>
</Column>
</columns>
<indexes itemClass="oracle.dbtools.crest.model.design.relational.Index">
<ind_PK_UK id="711C181B-EAB2-B9D8-C489-17C00780F426" name="VEHICULO_PK">
<createdBy>Benjamin</createdBy>
<createdTime>2025-10-04 20:37:56 UTC</createdTime>
<generatorID>F3A9E280-5FA0-818B-B1A3-FAF5F99F8AAA</generatorID>
<ownerDesignName>mec-im_DB</ownerDesignName>
<pk>true</pk>
<indexState>Primary Constraint</indexState>
<isSurrogateKey>false</isSurrogateKey>
<indexColumnUsage>
<colUsage columnID="19BC70B2-5010-EDBD-6209-12637CA3550C"/>
</indexColumnUsage>
</ind_PK_UK>
<ind_PK_UK id="F9D17AFB-E379-19D7-D58F-DDE6180960BB" name="VEHICULO__IDX">
<createdBy>Benjamin</createdBy>
<createdTime>2025-10-04 22:46:42 UTC</createdTime>
<ownerDesignName>mec-im_DB</ownerDesignName>
<indexState>Unique Plain Index</indexState>
<isSurrogateKey>false</isSurrogateKey>
<relationGeneratorID>FDB45836-7A60-DA32-C55E-3055246035A8</relationGeneratorID>
<indexColumnUsage>
<colUsage columnID="1D56FE8E-4395-7501-A277-A27869CEE27A"/>
</indexColumnUsage>
</ind_PK_UK>
<ind_PK_UK id="5F1E96ED-C359-5058-9567-4417CC8ECD85" name="VEHICULO_LLAVES_FK">
<createdBy>Benjamin</createdBy>
<createdTime>2025-10-04 22:46:42 UTC</createdTime>
<generatorID>FDB45836-7A60-DA32-C55E-3055246035A8</generatorID>
<ownerDesignName>mec-im_DB</ownerDesignName>
<indexState>Foreign Key</indexState>
<isSurrogateKey>false</isSurrogateKey>
<indexColumnUsage>
<colUsage columnID="1D56FE8E-4395-7501-A277-A27869CEE27A"/>
</indexColumnUsage>
</ind_PK_UK>
<ind_PK_UK id="42C79169-9BA9-7BBE-A932-7F0B9F33A1D2" name="VEHICULO_TIPO_VEHICULO_FK">
<createdBy>Benjamin</createdBy>
<createdTime>2025-10-05 23:13:21 UTC</createdTime>
<generatorID>2599A476-61A5-7138-440A-3ED609125361</generatorID>
<ownerDesignName>mec-im_DB</ownerDesignName>
<indexState>Foreign Key</indexState>
<isSurrogateKey>false</isSurrogateKey>
<indexColumnUsage>
<colUsage columnID="9FB0B885-EDD9-FECF-E299-3DE77BCA81DF"/>
</indexColumnUsage>
</ind_PK_UK>
</indexes>
</Table>