<?xml version = '1.0' encoding = 'UTF-8'?>
<Table class="oracle.dbtools.crest.model.design.relational.Table" directorySegmentName="seg_0" id="7C8EF0F0-9763-262B-F4DA-5CE7696A5B9A" name="ESTADO_DISPONIBILIDAD">
<createdBy>Benjamin</createdBy>
<createdTime>2025-10-05 23:13:21 UTC</createdTime>
<generatorID>8150C900-2F18-C7D4-92E2-E14EA76ECDF3</generatorID>
<ownerDesignName>mec-im_DB</ownerDesignName>
<allowColumnReorder>false</allowColumnReorder>
<existDependencyGenerateInDDl>true</existDependencyGenerateInDDl>
<parsed>true</parsed>
<columns itemClass="oracle.dbtools.crest.model.design.relational.Column">
<Column name="id_disponibilidad" id="FB4C15D3-171F-20C2-8DE3-B861904DFD57">
<createdBy>Benjamin</createdBy>
<createdTime>2025-10-05 23:13:21 UTC</createdTime>
<generatorID>BCEFE2E2-7623-4473-40A1-C2E0BFF0C8C7</generatorID>
<ownerDesignName>mec-im_DB</ownerDesignName>
<useDomainConstraints>false</useDomainConstraints>
<use>1</use>
<logicalDatatype>LOGDT011</logicalDatatype>
<ownDataTypeParameters>,,</ownDataTypeParameters>
<autoIncrementCycle>false</autoIncrementCycle>
</Column>
<Column name="nom_disponibilidad" id="D9B0BAAF-5B8A-1596-2D8E-D5EABFBAF747">
<createdBy>Benjamin</createdBy>
<createdTime>2025-10-05 23:13:21 UTC</createdTime>
<generatorID>9DEFE04B-A6C2-D877-1CA6-7A170FB480E9</generatorID>
<ownerDesignName>mec-im_DB</ownerDesignName>
<useDomainConstraints>false</useDomainConstraints>
<use>1</use>
<logicalDatatype>LOGDT024</logicalDatatype>
<dataTypeSize>25 CHAR</dataTypeSize>
<ownDataTypeParameters>25 CHAR,,</ownDataTypeParameters>
<autoIncrementCycle>false</autoIncrementCycle>
</Column>
</columns>
<indexes itemClass="oracle.dbtools.crest.model.design.relational.Index">
<ind_PK_UK id="16471F63-7844-157E-6961-5345736242B0" name="ESTADO_DISPONIBILIDAD_PK">
<createdBy>Benjamin</createdBy>
<createdTime>2025-10-05 23:13:21 UTC</createdTime>
<generatorID>22A83EDF-A873-3EB6-244B-C386F0C8A2A0</generatorID>
<ownerDesignName>mec-im_DB</ownerDesignName>
<pk>true</pk>
<indexState>Primary Constraint</indexState>
<isSurrogateKey>false</isSurrogateKey>
<indexColumnUsage>
<colUsage columnID="FB4C15D3-171F-20C2-8DE3-B861904DFD57"/>
</indexColumnUsage>
</ind_PK_UK>
</indexes>
</Table>