<?xml version = '1.0' encoding = 'UTF-8'?>
<Table class="oracle.dbtools.crest.model.design.relational.Table" directorySegmentName="seg_0" id="9829583C-52DB-F3DD-5EA2-54B9762AB663" name="CAMION_BACKUP">
<createdBy>Benjamin</createdBy>
<createdTime>2025-10-04 22:46:42 UTC</createdTime>
<generatorID>18FA1D46-81BB-9D5E-F4D1-5C336852B331</generatorID>
<ownerDesignName>mec-im_DB</ownerDesignName>
<allowColumnReorder>false</allowColumnReorder>
<existDependencyGenerateInDDl>true</existDependencyGenerateInDDl>
<parsed>true</parsed>
<columns itemClass="oracle.dbtools.crest.model.design.relational.Column">
<Column name="id_backup" id="8CC49C5A-A507-C624-7D98-2CC514A9247B">
<createdBy>Benjamin</createdBy>
<createdTime>2025-10-04 22:46:42 UTC</createdTime>
<generatorID>FC0AE118-F2F9-3EAE-9CB8-2C704A85CA09</generatorID>
<ownerDesignName>mec-im_DB</ownerDesignName>
<useDomainConstraints>false</useDomainConstraints>
<use>1</use>
<logicalDatatype>LOGDT011</logicalDatatype>
<ownDataTypeParameters>,,</ownDataTypeParameters>
<autoIncrementCycle>false</autoIncrementCycle>
</Column>
<Column name="fecha_disponibilidad" id="AB3D5CE5-3B88-3171-0F91-1788DFBCCA85">
<createdBy>Benjamin</createdBy>
<createdTime>2025-10-04 22:46:42 UTC</createdTime>
<generatorID>32140843-BBF8-8D45-5B79-DAF3F4C8F5BE</generatorID>
<ownerDesignName>mec-im_DB</ownerDesignName>
<useDomainConstraints>false</useDomainConstraints>
<use>1</use>
<logicalDatatype>LOGDT007</logicalDatatype>
<ownDataTypeParameters>,,</ownDataTypeParameters>
<autoIncrementCycle>false</autoIncrementCycle>
</Column>
<Column name="estado_disponibilidad" id="072F9371-0705-50F8-8CEC-FD96DF903BEE">
<createdBy>Benjamin</createdBy>
<createdTime>2025-10-04 22:46:42 UTC</createdTime>
<generatorID>DC83DB16-1BA1-BA43-6633-0B6D805808A8</generatorID>
<ownerDesignName>mec-im_DB</ownerDesignName>
<useDomainConstraints>false</useDomainConstraints>
<use>1</use>
<logicalDatatype>LOGDT024</logicalDatatype>
<dataTypeSize>35 CHAR</dataTypeSize>
<ownDataTypeParameters>35 CHAR,,</ownDataTypeParameters>
<autoIncrementCycle>false</autoIncrementCycle>
</Column>
<Column name="fecha_asignacion" id="A641B5E2-5007-345F-7249-946671E1FA0E">
<createdBy>Benjamin</createdBy>
<createdTime>2025-10-04 22:46:42 UTC</createdTime>
<generatorID>269F45B4-89EE-8FFF-C7F0-B9531BDC7D19</generatorID>
<ownerDesignName>mec-im_DB</ownerDesignName>
<useDomainConstraints>false</useDomainConstraints>
<use>1</use>
<logicalDatatype>LOGDT008</logicalDatatype>
<ownDataTypeParameters>,,</ownDataTypeParameters>
<autoIncrementCycle>false</autoIncrementCycle>
</Column>
<Column name="fecha_liberacion" id="8CC5429A-EF3A-AEB7-A6AC-3DE19BD365C7">
<createdBy>Benjamin</createdBy>
<createdTime>2025-10-04 22:46:42 UTC</createdTime>
<generatorID>2D1CC7FA-612F-B9A9-75B4-296E9A14DA6A</generatorID>
<ownerDesignName>mec-im_DB</ownerDesignName>
<useDomainConstraints>false</useDomainConstraints>
<use>1</use>
<logicalDatatype>LOGDT008</logicalDatatype>
<ownDataTypeParameters>,,</ownDataTypeParameters>
<autoIncrementCycle>false</autoIncrementCycle>
</Column>
<Column name="observaciones" id="0E1CD59E-5871-E6BA-361F-AF659FEA4FC1">
<createdBy>Benjamin</createdBy>
<createdTime>2025-10-04 22:46:42 UTC</createdTime>
<generatorID>F2FF808C-F196-BE51-86EE-FA41CE36471B</generatorID>
<ownerDesignName>mec-im_DB</ownerDesignName>
<useDomainConstraints>false</useDomainConstraints>
<use>1</use>
<logicalDatatype>LOGDT040</logicalDatatype>
<ownDataTypeParameters>,,</ownDataTypeParameters>
<autoIncrementCycle>false</autoIncrementCycle>
</Column>
<Column name="VEHICULO_id_vehiculo" id="E4FF2E60-4D9C-E157-6FDE-3781E3A4B54E">
<createdBy>Benjamin</createdBy>
<createdTime>2025-10-04 22:46:42 UTC</createdTime>
<generatorID>B1E3CE26-67D0-4F02-F291-277F8406A1BB</generatorID>
<ownerDesignName>mec-im_DB</ownerDesignName>
<useDomainConstraints>false</useDomainConstraints>
<use>1</use>
<logicalDatatype>LOGDT011</logicalDatatype>
<ownDataTypeParameters>,,</ownDataTypeParameters>
<previousColumn>false</previousColumn>
<autoIncrementCycle>false</autoIncrementCycle>
<associations>
<colAssociation fkAssociation="60979C34-3786-2633-F859-98E0E7613EA5" referredColumn="19BC70B2-5010-EDBD-6209-12637CA3550C"/>
</associations>
</Column>
<Column name="USUARIO_id_usuario" id="130D05B1-765C-071B-9CA2-8E4AA31E60B3">
<createdBy>Benjamin</createdBy>
<createdTime>2025-10-05 23:13:21 UTC</createdTime>
<generatorID>DFA03C03-0A22-D1C3-ED3C-7C6E39FC9076</generatorID>
<ownerDesignName>mec-im_DB</ownerDesignName>
<useDomainConstraints>false</useDomainConstraints>
<use>1</use>
<logicalDatatype>LOGDT011</logicalDatatype>
<ownDataTypeParameters>,,</ownDataTypeParameters>
<previousColumn>false</previousColumn>
<autoIncrementCycle>false</autoIncrementCycle>
<associations>
<colAssociation fkAssociation="73DB7C95-1B46-0196-F765-A237665A9277" referredColumn="126971ED-B636-70D8-C3F2-442C9D12C85F"/>
</associations>
</Column>
<Column name="ESTADO_DISPONIBILIDAD_id_disponibilidad" id="C6FF04B0-51DF-A570-0D87-60A89154496D">
<createdBy>Benjamin</createdBy>
<createdTime>2025-10-05 23:13:21 UTC</createdTime>
<generatorID>3E61C59F-3C25-C508-DEFC-7A6A7230FF74</generatorID>
<ownerDesignName>mec-im_DB</ownerDesignName>
<useDomainConstraints>false</useDomainConstraints>
<use>1</use>
<logicalDatatype>LOGDT011</logicalDatatype>
<ownDataTypeParameters>,,</ownDataTypeParameters>
<previousColumn>false</previousColumn>
<autoIncrementCycle>false</autoIncrementCycle>
<associations>
<colAssociation fkAssociation="967A75B7-2E7C-85A8-E74F-AF4A984D4FBE" referredColumn="FB4C15D3-171F-20C2-8DE3-B861904DFD57"/>
</associations>
</Column>
<Column name="kilometraje_asignacion" id="BD242A7F-328A-0768-0D38-AF4E47FBCCD7">
<createdBy>Benjamin</createdBy>
<createdTime>2025-10-05 23:13:21 UTC</createdTime>
<generatorID>66FC7797-9B46-5B73-29F4-926097C4D87D</generatorID>
<ownerDesignName>mec-im_DB</ownerDesignName>
<useDomainConstraints>false</useDomainConstraints>
<use>1</use>
<logicalDatatype>LOGDT011</logicalDatatype>
<ownDataTypeParameters>,,</ownDataTypeParameters>
<autoIncrementCycle>false</autoIncrementCycle>
</Column>
<Column name="kilometraje_devolucion" id="5CB84230-4995-9FBE-D2AB-C23F6B32CCDE">
<createdBy>Benjamin</createdBy>
<createdTime>2025-10-05 23:13:21 UTC</createdTime>
<generatorID>CE237E17-EC3E-5311-CEFB-802D7A9FD98C</generatorID>
<ownerDesignName>mec-im_DB</ownerDesignName>
<useDomainConstraints>false</useDomainConstraints>
<use>1</use>
<logicalDatatype>LOGDT011</logicalDatatype>
<ownDataTypeParameters>,,</ownDataTypeParameters>
<autoIncrementCycle>false</autoIncrementCycle>
</Column>
<Column name="documento_compromiso" id="7D9E6DD3-9372-3358-8414-AEFFF641572E">
<createdBy>Benjamin</createdBy>
<createdTime>2025-10-05 23:13:21 UTC</createdTime>
<generatorID>8704571F-78AB-55D1-B521-92B6062D1C99</generatorID>
<ownerDesignName>mec-im_DB</ownerDesignName>
<useDomainConstraints>false</useDomainConstraints>
<use>1</use>
<logicalDatatype>LOGDT024</logicalDatatype>
<dataTypeSize>255 CHAR</dataTypeSize>
<ownDataTypeParameters>255 CHAR,,</ownDataTypeParameters>
<autoIncrementCycle>false</autoIncrementCycle>
</Column>
</columns>
<indexes itemClass="oracle.dbtools.crest.model.design.relational.Index">
<ind_PK_UK id="52C7309D-EFC1-F88E-1079-8400E99A234E" name="CAMION_BACKUP_PK">
<createdBy>Benjamin</createdBy>
<createdTime>2025-10-04 22:46:42 UTC</createdTime>
<generatorID>F19FDBF4-5880-A5E9-7DA0-82584DADE5FD</generatorID>
<ownerDesignName>mec-im_DB</ownerDesignName>
<pk>true</pk>
<indexState>Primary Constraint</indexState>
<isSurrogateKey>false</isSurrogateKey>
<indexColumnUsage>
<colUsage columnID="8CC49C5A-A507-C624-7D98-2CC514A9247B"/>
</indexColumnUsage>
</ind_PK_UK>
<ind_PK_UK id="346D822F-8AEE-C53C-A0E2-AF79C73A5E69" name="CAMION_BACKUP__IDX">
<createdBy>Benjamin</createdBy>
<createdTime>2025-10-04 22:46:42 UTC</createdTime>
<ownerDesignName>mec-im_DB</ownerDesignName>
<indexState>Unique Plain Index</indexState>
<isSurrogateKey>false</isSurrogateKey>
<relationGeneratorID>A08DF181-8963-5B73-BBEE-96E282B0CACA</relationGeneratorID>
<indexColumnUsage>
<colUsage columnID="E4FF2E60-4D9C-E157-6FDE-3781E3A4B54E"/>
</indexColumnUsage>
</ind_PK_UK>
<ind_PK_UK id="F0AA0786-27CE-0827-62A7-6DC54BA2087B" name="CAMION_BACKUP_VEHICULO_FK">
<createdBy>Benjamin</createdBy>
<createdTime>2025-10-04 22:46:42 UTC</createdTime>
<generatorID>A08DF181-8963-5B73-BBEE-96E282B0CACA</generatorID>
<ownerDesignName>mec-im_DB</ownerDesignName>
<indexState>Foreign Key</indexState>
<isSurrogateKey>false</isSurrogateKey>
<indexColumnUsage>
<colUsage columnID="E4FF2E60-4D9C-E157-6FDE-3781E3A4B54E"/>
</indexColumnUsage>
</ind_PK_UK>
<ind_PK_UK id="F88BD184-7F00-85C5-10AB-C39D192B9CA4" name="CAMION_BACKUP_USUARIO_FK">
<createdBy>Benjamin</createdBy>
<createdTime>2025-10-05 23:13:21 UTC</createdTime>
<generatorID>896FBDE5-854A-BBF8-A994-777C4067DA21</generatorID>
<ownerDesignName>mec-im_DB</ownerDesignName>
<indexState>Foreign Key</indexState>
<isSurrogateKey>false</isSurrogateKey>
<indexColumnUsage>
<colUsage columnID="130D05B1-765C-071B-9CA2-8E4AA31E60B3"/>
</indexColumnUsage>
</ind_PK_UK>
<ind_PK_UK id="E5584E05-FF09-1AB6-FCC1-A9BF797E1627" name="CAMION_BACKUP_ESTADO_DISPONIBILIDAD_FK">
<createdBy>Benjamin</createdBy>
<createdTime>2025-10-05 23:13:21 UTC</createdTime>
<generatorID>5BCE70B0-A682-3370-4F85-01B4F213AE53</generatorID>
<ownerDesignName>mec-im_DB</ownerDesignName>
<indexState>Foreign Key</indexState>
<isSurrogateKey>false</isSurrogateKey>
<indexColumnUsage>
<colUsage columnID="C6FF04B0-51DF-A570-0D87-60A89154496D"/>
</indexColumnUsage>
</ind_PK_UK>
</indexes>
</Table>