<?xml version = '1.0' encoding = 'UTF-8'?>
<Table class="oracle.dbtools.crest.model.design.relational.Table" directorySegmentName="seg_0" id="99E98C21-159F-C511-8466-F5D883A49FEB" name="HISTORIAL_ROL">
<createdBy>Benjamin</createdBy>
<createdTime>2025-10-05 23:13:21 UTC</createdTime>
<generatorID>8D9E642A-00D2-19EA-3B52-6891A6BB87B3</generatorID>
<ownerDesignName>mec-im_DB</ownerDesignName>
<allowColumnReorder>false</allowColumnReorder>
<existDependencyGenerateInDDl>true</existDependencyGenerateInDDl>
<parsed>true</parsed>
<columns itemClass="oracle.dbtools.crest.model.design.relational.Column">
<Column name="id_modificacion" id="EB7A4195-AE41-5262-92D4-C0B2510D2B7F">
<createdBy>Benjamin</createdBy>
<createdTime>2025-10-05 23:13:21 UTC</createdTime>
<generatorID>C69FD306-F871-8B2E-647C-368E310E9053</generatorID>
<ownerDesignName>mec-im_DB</ownerDesignName>
<useDomainConstraints>false</useDomainConstraints>
<use>1</use>
<logicalDatatype>LOGDT011</logicalDatatype>
<ownDataTypeParameters>,,</ownDataTypeParameters>
<autoIncrementCycle>false</autoIncrementCycle>
</Column>
<Column name="fecha_modificacion" id="03F424CA-959B-6D01-C2DC-B63336102A1C">
<createdBy>Benjamin</createdBy>
<createdTime>2025-10-05 23:13:21 UTC</createdTime>
<generatorID>34B4DC52-04AE-0F63-5A9E-990721F77245</generatorID>
<ownerDesignName>mec-im_DB</ownerDesignName>
<useDomainConstraints>false</useDomainConstraints>
<use>1</use>
<logicalDatatype>LOGDT008</logicalDatatype>
<ownDataTypeParameters>,,</ownDataTypeParameters>
<autoIncrementCycle>false</autoIncrementCycle>
</Column>
<Column name="ROL_id_rol" id="85436F1A-7595-94D7-E667-022230D48593">
<createdBy>Benjamin</createdBy>
<createdTime>2025-10-05 23:13:21 UTC</createdTime>
<generatorID>648A45CF-B7F2-6FC0-4653-17A4987382E2</generatorID>
<ownerDesignName>mec-im_DB</ownerDesignName>
<useDomainConstraints>false</useDomainConstraints>
<use>1</use>
<logicalDatatype>LOGDT011</logicalDatatype>
<ownDataTypeParameters>,,</ownDataTypeParameters>
<previousColumn>false</previousColumn>
<autoIncrementCycle>false</autoIncrementCycle>
<associations>
<colAssociation fkAssociation="943552BB-910F-FB50-C0EE-35F440A893DE" referredColumn="8656A9BF-B079-1B61-0837-26DE3B471AC6"/>
</associations>
</Column>
<Column name="resumen_modificacion" id="95CEA312-1C90-219F-5A54-09D511D64CBB">
<createdBy>Benjamin</createdBy>
<createdTime>2025-10-05 23:13:21 UTC</createdTime>
<generatorID>8F287CFF-AF9E-C4BF-D934-0BC52F6BBBD2</generatorID>
<ownerDesignName>mec-im_DB</ownerDesignName>
<useDomainConstraints>false</useDomainConstraints>
<use>1</use>
<logicalDatatype>LOGDT040</logicalDatatype>
<ownDataTypeParameters>,,</ownDataTypeParameters>
<autoIncrementCycle>false</autoIncrementCycle>
</Column>
</columns>
<indexes itemClass="oracle.dbtools.crest.model.design.relational.Index">
<ind_PK_UK id="47072E82-C756-E7BB-F07C-7A4BE8CEAE5D" name="HISTORIAL_ROL_PK">
<createdBy>Benjamin</createdBy>
<createdTime>2025-10-05 23:13:21 UTC</createdTime>
<generatorID>6AA7F206-49CB-B7D4-732E-439D705E6209</generatorID>
<ownerDesignName>mec-im_DB</ownerDesignName>
<pk>true</pk>
<indexState>Primary Constraint</indexState>
<isSurrogateKey>false</isSurrogateKey>
<indexColumnUsage>
<colUsage columnID="EB7A4195-AE41-5262-92D4-C0B2510D2B7F"/>
</indexColumnUsage>
</ind_PK_UK>
<ind_PK_UK id="C9B2FF1E-0A68-4C93-72E8-87A7AD598C49" name="HISTORIAL_ROL_ROL_FK">
<createdBy>Benjamin</createdBy>
<createdTime>2025-10-05 23:13:21 UTC</createdTime>
<generatorID>CCA2A985-9277-C7D8-76B8-929583514C50</generatorID>
<ownerDesignName>mec-im_DB</ownerDesignName>
<indexState>Foreign Key</indexState>
<isSurrogateKey>false</isSurrogateKey>
<indexColumnUsage>
<colUsage columnID="85436F1A-7595-94D7-E667-022230D48593"/>
</indexColumnUsage>
</ind_PK_UK>
</indexes>
</Table>