<?xml version = '1.0' encoding = 'UTF-8'?>
<Table class="oracle.dbtools.crest.model.design.relational.Table" directorySegmentName="seg_0" id="A2D717C5-7D2F-5AA8-5054-08538F84EA6D" name="CATEGORIA_REPUESTOS">
<createdBy>Benjamin</createdBy>
<createdTime>2025-10-04 20:37:56 UTC</createdTime>
<generatorID>5B73505A-6A1D-1770-6901-8795DF8FC779</generatorID>
<ownerDesignName>mec-im_DB</ownerDesignName>
<allowColumnReorder>false</allowColumnReorder>
<existDependencyGenerateInDDl>true</existDependencyGenerateInDDl>
<parsed>true</parsed>
<columns itemClass="oracle.dbtools.crest.model.design.relational.Column">
<Column name="id_categoria" id="2B08A2C4-1624-8A78-360C-0DF3D0E1F450">
<createdBy>Benjamin</createdBy>
<createdTime>2025-10-04 20:37:56 UTC</createdTime>
<generatorID>600536B7-650E-BB63-383B-F13E25A4DC09</generatorID>
<ownerDesignName>mec-im_DB</ownerDesignName>
<useDomainConstraints>false</useDomainConstraints>
<use>1</use>
<logicalDatatype>LOGDT011</logicalDatatype>
<ownDataTypeParameters>,,</ownDataTypeParameters>
<autoIncrementCycle>false</autoIncrementCycle>
</Column>
<Column name="nombre_categoria" id="D3DB39A9-699B-B878-875E-5D23A399C5D5">
<createdBy>Benjamin</createdBy>
<createdTime>2025-10-04 20:37:56 UTC</createdTime>
<generatorID>1DB41191-071C-9F9A-7397-7C9117856210</generatorID>
<ownerDesignName>mec-im_DB</ownerDesignName>
<useDomainConstraints>false</useDomainConstraints>
<use>1</use>
<logicalDatatype>LOGDT024</logicalDatatype>
<dataTypeSize>100 CHAR</dataTypeSize>
<ownDataTypeParameters>100 CHAR,,</ownDataTypeParameters>
<autoIncrementCycle>false</autoIncrementCycle>
</Column>
<Column name="descripcion" id="6A41E3C3-15A9-CC7C-8C87-D668AF49D472">
<createdBy>Benjamin</createdBy>
<createdTime>2025-10-04 20:37:56 UTC</createdTime>
<generatorID>3073A259-73B2-1B44-F3D3-5B32EEEA5052</generatorID>
<ownerDesignName>mec-im_DB</ownerDesignName>
<useDomainConstraints>false</useDomainConstraints>
<use>1</use>
<logicalDatatype>LOGDT040</logicalDatatype>
<ownDataTypeParameters>,,</ownDataTypeParameters>
<autoIncrementCycle>false</autoIncrementCycle>
</Column>
<Column name="activo" id="0ACC04A3-896A-173F-F56E-2F0D381A14F7">
<createdBy>Benjamin</createdBy>
<createdTime>2025-10-04 20:37:56 UTC</createdTime>
<generatorID>6B0B8394-0AE7-29F4-F6B7-12B5422DA366</generatorID>
<ownerDesignName>mec-im_DB</ownerDesignName>
<useDomainConstraints>false</useDomainConstraints>
<use>1</use>
<logicalDatatype>LOGDT006</logicalDatatype>
<dataTypeSize>5 CHAR</dataTypeSize>
<ownDataTypeParameters>5 CHAR,,</ownDataTypeParameters>
<autoIncrementCycle>false</autoIncrementCycle>
</Column>
</columns>
<indexes itemClass="oracle.dbtools.crest.model.design.relational.Index">
<ind_PK_UK id="3639C73C-2D12-ABD8-DEDE-6A7AA4C98891" name="CATEGORIA_REPUESTOS_PK">
<createdBy>Benjamin</createdBy>
<createdTime>2025-10-04 20:37:56 UTC</createdTime>
<generatorID>2EAC5A17-599A-4B89-72CD-EE3CD79A7A1B</generatorID>
<ownerDesignName>mec-im_DB</ownerDesignName>
<pk>true</pk>
<indexState>Primary Constraint</indexState>
<isSurrogateKey>false</isSurrogateKey>
<indexColumnUsage>
<colUsage columnID="2B08A2C4-1624-8A78-360C-0DF3D0E1F450"/>
</indexColumnUsage>
</ind_PK_UK>
</indexes>
</Table>