<?xml version = '1.0' encoding = 'UTF-8'?>
<Table class="oracle.dbtools.crest.model.design.relational.Table" directorySegmentName="seg_0" id="A700E456-AF65-29FB-99A3-413B7FF38413" name="TIPO_VEHICULO">
<createdBy>Benjamin</createdBy>
<createdTime>2025-10-05 23:13:21 UTC</createdTime>
<generatorID>773A2A95-3588-D3D1-9BB7-20078A644158</generatorID>
<ownerDesignName>mec-im_DB</ownerDesignName>
<allowColumnReorder>false</allowColumnReorder>
<existDependencyGenerateInDDl>true</existDependencyGenerateInDDl>
<parsed>true</parsed>
<columns itemClass="oracle.dbtools.crest.model.design.relational.Column">
<Column name="id_tipo_vehiculo" id="8B53AF97-BFC6-DD35-809A-F4DB0132A5ED">
<createdBy>Benjamin</createdBy>
<createdTime>2025-10-05 23:13:21 UTC</createdTime>
<generatorID>6A77E453-7764-5582-4E10-DFD66EA2CE3B</generatorID>
<ownerDesignName>mec-im_DB</ownerDesignName>
<useDomainConstraints>false</useDomainConstraints>
<use>1</use>
<logicalDatatype>LOGDT011</logicalDatatype>
<ownDataTypeParameters>,,</ownDataTypeParameters>
<autoIncrementCycle>false</autoIncrementCycle>
</Column>
<Column name="nombre_tipo" id="BD0020E7-F84D-FA5E-9480-33ED80C03825">
<createdBy>Benjamin</createdBy>
<createdTime>2025-10-05 23:13:21 UTC</createdTime>
<generatorID>AF825B6C-9CB1-2E25-D321-16C9537AFE87</generatorID>
<ownerDesignName>mec-im_DB</ownerDesignName>
<useDomainConstraints>false</useDomainConstraints>
<use>1</use>
<logicalDatatype>LOGDT024</logicalDatatype>
<dataTypeSize>46 CHAR</dataTypeSize>
<ownDataTypeParameters>46 CHAR,,</ownDataTypeParameters>
<autoIncrementCycle>false</autoIncrementCycle>
</Column>
</columns>
<indexes itemClass="oracle.dbtools.crest.model.design.relational.Index">
<ind_PK_UK id="F8203B4D-2F29-60E9-C6AC-4B8D9BB16761" name="TIPO_VEHICULO_PK">
<createdBy>Benjamin</createdBy>
<createdTime>2025-10-05 23:13:21 UTC</createdTime>
<generatorID>D6A70124-E833-2A63-FAF9-B3E24B31E31F</generatorID>
<ownerDesignName>mec-im_DB</ownerDesignName>
<pk>true</pk>
<indexState>Primary Constraint</indexState>
<isSurrogateKey>false</isSurrogateKey>
<indexColumnUsage>
<colUsage columnID="8B53AF97-BFC6-DD35-809A-F4DB0132A5ED"/>
</indexColumnUsage>
</ind_PK_UK>
</indexes>
</Table>