<?xml version = '1.0' encoding = 'UTF-8'?>
<Table class="oracle.dbtools.crest.model.design.relational.Table" directorySegmentName="seg_0" id="AD69846C-C522-13BA-6FCA-E2D59BC75401" name="PRESTAMO_LLAVES">
<createdBy>Benjamin</createdBy>
<createdTime>2025-10-04 22:46:42 UTC</createdTime>
<generatorID>D2F84A5E-BCC1-475C-BD11-B8C23F8B8098</generatorID>
<ownerDesignName>mec-im_DB</ownerDesignName>
<allowColumnReorder>false</allowColumnReorder>
<existDependencyGenerateInDDl>true</existDependencyGenerateInDDl>
<parsed>true</parsed>
<columns itemClass="oracle.dbtools.crest.model.design.relational.Column">
<Column name="id_prestamo" id="0901D6BA-505D-E876-7800-089EDEE9009F">
<createdBy>Benjamin</createdBy>
<createdTime>2025-10-04 22:46:42 UTC</createdTime>
<generatorID>F5D93410-227A-CD57-965D-384412E2EBB7</generatorID>
<ownerDesignName>mec-im_DB</ownerDesignName>
<useDomainConstraints>false</useDomainConstraints>
<use>1</use>
<logicalDatatype>LOGDT011</logicalDatatype>
<ownDataTypeParameters>,,</ownDataTypeParameters>
<autoIncrementCycle>false</autoIncrementCycle>
</Column>
<Column name="fecha_prestamo" id="84D86138-2B01-DEC9-CA76-DC3D874E875D">
<createdBy>Benjamin</createdBy>
<createdTime>2025-10-04 22:46:42 UTC</createdTime>
<generatorID>535DF787-F58E-8203-0325-BF50B7C19614</generatorID>
<ownerDesignName>mec-im_DB</ownerDesignName>
<useDomainConstraints>false</useDomainConstraints>
<use>1</use>
<logicalDatatype>LOGDT008</logicalDatatype>
<ownDataTypeParameters>,,</ownDataTypeParameters>
<autoIncrementCycle>false</autoIncrementCycle>
</Column>
<Column name="fecha_devolucion_programada" id="87259ED8-4A09-2E41-B253-B90CBA62DC0B">
<createdBy>Benjamin</createdBy>
<createdTime>2025-10-04 22:46:42 UTC</createdTime>
<generatorID>E646578F-0718-2A8F-21DE-3F7003126176</generatorID>
<ownerDesignName>mec-im_DB</ownerDesignName>
<useDomainConstraints>false</useDomainConstraints>
<use>1</use>
<logicalDatatype>LOGDT008</logicalDatatype>
<ownDataTypeParameters>,,</ownDataTypeParameters>
<autoIncrementCycle>false</autoIncrementCycle>
</Column>
<Column name="motivo" id="9D50A1C6-6F84-FC70-D585-EE8DA7151851">
<createdBy>Benjamin</createdBy>
<createdTime>2025-10-04 22:46:42 UTC</createdTime>
<generatorID>1AEC7C08-765C-B619-04D5-3307C70EA9E3</generatorID>
<ownerDesignName>mec-im_DB</ownerDesignName>
<useDomainConstraints>false</useDomainConstraints>
<use>1</use>
<logicalDatatype>LOGDT040</logicalDatatype>
<ownDataTypeParameters>,,</ownDataTypeParameters>
<autoIncrementCycle>false</autoIncrementCycle>
</Column>
<Column name="observaciones" id="0C168B38-2342-D312-2092-FEE1F626DC78">
<createdBy>Benjamin</createdBy>
<createdTime>2025-10-04 22:46:42 UTC</createdTime>
<generatorID>4AE77210-42E8-D3B3-F73F-9A01702E224E</generatorID>
<ownerDesignName>mec-im_DB</ownerDesignName>
<useDomainConstraints>false</useDomainConstraints>
<use>1</use>
<logicalDatatype>LOGDT040</logicalDatatype>
<ownDataTypeParameters>,,</ownDataTypeParameters>
<autoIncrementCycle>false</autoIncrementCycle>
</Column>
<Column name="estado_prestamo" id="846DCAFA-8F7A-FBF0-5433-CE0BBD5BC594">
<createdBy>Benjamin</createdBy>
<createdTime>2025-10-04 22:46:42 UTC</createdTime>
<generatorID>D2828111-3198-770C-C3D2-CFA23681B8C7</generatorID>
<ownerDesignName>mec-im_DB</ownerDesignName>
<useDomainConstraints>false</useDomainConstraints>
<use>1</use>
<logicalDatatype>LOGDT024</logicalDatatype>
<dataTypeSize>35</dataTypeSize>
<ownDataTypeParameters>35,,</ownDataTypeParameters>
<autoIncrementCycle>false</autoIncrementCycle>
</Column>
<Column name="LLAVES_id_llave" id="06D7913A-92CA-818F-0426-1CDD0556BA09">
<createdBy>Benjamin</createdBy>
<createdTime>2025-10-04 22:46:42 UTC</createdTime>
<generatorID>20C39C84-5AA7-9249-DB04-79E8DCE0FCAF</generatorID>
<ownerDesignName>mec-im_DB</ownerDesignName>
<useDomainConstraints>false</useDomainConstraints>
<use>1</use>
<logicalDatatype>LOGDT011</logicalDatatype>
<ownDataTypeParameters>,,</ownDataTypeParameters>
<previousColumn>false</previousColumn>
<autoIncrementCycle>false</autoIncrementCycle>
<associations>
<colAssociation fkAssociation="FC9BC0FD-FCB3-159E-7128-BC0C5D3F02CB" referredColumn="30B0C1E8-48A0-4C55-A37A-7C7FD2D95E2D"/>
</associations>
</Column>
<Column name="USUARIO_id_usuario" id="1995449A-2E6C-0C27-628D-E22264FF349D">
<createdBy>Benjamin</createdBy>
<createdTime>2025-10-04 22:46:42 UTC</createdTime>
<generatorID>265B7917-FB4F-F744-C6D0-049A543C33AF</generatorID>
<ownerDesignName>mec-im_DB</ownerDesignName>
<useDomainConstraints>false</useDomainConstraints>
<use>1</use>
<logicalDatatype>LOGDT011</logicalDatatype>
<ownDataTypeParameters>,,</ownDataTypeParameters>
<previousColumn>false</previousColumn>
<autoIncrementCycle>false</autoIncrementCycle>
<associations>
<colAssociation fkAssociation="E64E78C1-DE49-02C3-F461-7C49BACC1449" referredColumn="126971ED-B636-70D8-C3F2-442C9D12C85F"/>
</associations>
</Column>
<Column name="fecha_devolucion_real" id="EC60FB94-CC09-7181-2340-253A9ED493B6">
<createdBy>Benjamin</createdBy>
<createdTime>2025-10-05 23:13:21 UTC</createdTime>
<generatorID>8E266BA6-31A0-E51D-36F1-76F8544B9625</generatorID>
<ownerDesignName>mec-im_DB</ownerDesignName>
<nullsAllowed>true</nullsAllowed>
<useDomainConstraints>false</useDomainConstraints>
<use>1</use>
<logicalDatatype>LOGDT008</logicalDatatype>
<ownDataTypeParameters>,,</ownDataTypeParameters>
<autoIncrementCycle>false</autoIncrementCycle>
</Column>
<Column name="ESTADO_PRESTAMO_LLAVES_id_estado_prestamo_llaves" id="0443A9B2-19DE-23EF-C889-A65D1ECD48A1">
<createdBy>Benjamin</createdBy>
<createdTime>2025-10-05 23:13:21 UTC</createdTime>
<generatorID>37514C8A-5622-0259-C3A7-BA155D6EC310</generatorID>
<ownerDesignName>mec-im_DB</ownerDesignName>
<useDomainConstraints>false</useDomainConstraints>
<use>1</use>
<logicalDatatype>LOGDT011</logicalDatatype>
<ownDataTypeParameters>,,</ownDataTypeParameters>
<previousColumn>false</previousColumn>
<autoIncrementCycle>false</autoIncrementCycle>
<associations>
<colAssociation fkAssociation="EA50B1A9-E639-736C-EFA2-89A8352000A0" referredColumn="00759719-D024-B25E-068D-8681166C31B9"/>
</associations>
</Column>
</columns>
<indexes itemClass="oracle.dbtools.crest.model.design.relational.Index">
<ind_PK_UK id="D0F5D5AA-F681-81BC-D0F9-F8FEBB50E2FC" name="PRESTAMO_LLAVES_PK">
<createdBy>Benjamin</createdBy>
<createdTime>2025-10-04 22:46:42 UTC</createdTime>
<generatorID>03000B07-3467-FACA-B13A-5C4B421D1F1F</generatorID>
<ownerDesignName>mec-im_DB</ownerDesignName>
<pk>true</pk>
<indexState>Primary Constraint</indexState>
<isSurrogateKey>false</isSurrogateKey>
<indexColumnUsage>
<colUsage columnID="0901D6BA-505D-E876-7800-089EDEE9009F"/>
</indexColumnUsage>
</ind_PK_UK>
<ind_PK_UK id="72BDDFA9-6EE7-0FE0-0003-67FD883A1296" name="PRESTAMO_LLAVES_LLAVES_FK">
<createdBy>Benjamin</createdBy>
<createdTime>2025-10-04 22:46:42 UTC</createdTime>
<generatorID>670B60E3-9416-13B0-DAF0-8DC4A13B1D69</generatorID>
<ownerDesignName>mec-im_DB</ownerDesignName>
<indexState>Foreign Key</indexState>
<isSurrogateKey>false</isSurrogateKey>
<indexColumnUsage>
<colUsage columnID="06D7913A-92CA-818F-0426-1CDD0556BA09"/>
</indexColumnUsage>
</ind_PK_UK>
<ind_PK_UK id="2F52A907-2377-452E-F9C9-BF19B59A069F" name="PRESTAMO_LLAVES_USUARIO_FK">
<createdBy>Benjamin</createdBy>
<createdTime>2025-10-04 22:46:42 UTC</createdTime>
<generatorID>0D350A76-5156-1B39-FB3A-C17B827D05F4</generatorID>
<ownerDesignName>mec-im_DB</ownerDesignName>
<indexState>Foreign Key</indexState>
<isSurrogateKey>false</isSurrogateKey>
<indexColumnUsage>
<colUsage columnID="1995449A-2E6C-0C27-628D-E22264FF349D"/>
</indexColumnUsage>
</ind_PK_UK>
<ind_PK_UK id="EF8AC750-2DBD-BD85-4D82-521D719D47B6" name="PRESTAMO_LLAVES_ESTADO_PRESTAMO_LLAVES_FK">
<createdBy>Benjamin</createdBy>
<createdTime>2025-10-05 23:13:21 UTC</createdTime>
<generatorID>493FDC0B-3CEE-5227-E69D-6E7CF49CD757</generatorID>
<ownerDesignName>mec-im_DB</ownerDesignName>
<indexState>Foreign Key</indexState>
<isSurrogateKey>false</isSurrogateKey>
<indexColumnUsage>
<colUsage columnID="0443A9B2-19DE-23EF-C889-A65D1ECD48A1"/>
</indexColumnUsage>
</ind_PK_UK>
</indexes>
</Table>