<?xml version = '1.0' encoding = 'UTF-8'?>
<Table class="oracle.dbtools.crest.model.design.relational.Table" directorySegmentName="seg_0" id="B87C8758-B20A-E985-4DCC-EB3574F4C19A" name="ORDEN_REPUESTO">
<createdBy>Benjamin</createdBy>
<createdTime>2025-10-04 22:46:42 UTC</createdTime>
<generatorID>EEDCA6E9-F57C-EC61-EEC6-A71B4DFB5AE1</generatorID>
<ownerDesignName>mec-im_DB</ownerDesignName>
<allowColumnReorder>false</allowColumnReorder>
<existDependencyGenerateInDDl>true</existDependencyGenerateInDDl>
<parsed>true</parsed>
<columns itemClass="oracle.dbtools.crest.model.design.relational.Column">
<Column name="id_orden_repuesto" id="ABCB1666-5839-6166-1B4C-35FEC86EA8F8">
<createdBy>Benjamin</createdBy>
<createdTime>2025-10-04 22:46:42 UTC</createdTime>
<generatorID>D53CEB98-E57C-FDD7-B636-8636D8591E94</generatorID>
<ownerDesignName>mec-im_DB</ownerDesignName>
<useDomainConstraints>false</useDomainConstraints>
<use>1</use>
<logicalDatatype>LOGDT011</logicalDatatype>
<ownDataTypeParameters>,,</ownDataTypeParameters>
<autoIncrementCycle>false</autoIncrementCycle>
</Column>
<Column name="cantidad_usada" id="DA7D3595-963E-8233-AB91-14D2C630D48D">
<createdBy>Benjamin</createdBy>
<createdTime>2025-10-04 22:46:42 UTC</createdTime>
<generatorID>D89BF183-D325-BBE7-932D-3B012CCB9779</generatorID>
<ownerDesignName>mec-im_DB</ownerDesignName>
<useDomainConstraints>false</useDomainConstraints>
<use>1</use>
<logicalDatatype>LOGDT011</logicalDatatype>
<ownDataTypeParameters>,,</ownDataTypeParameters>
<autoIncrementCycle>false</autoIncrementCycle>
</Column>
<Column name="fecha_uso" id="8EA7143C-AD92-2D3F-5F2D-ACA770C0FF88">
<createdBy>Benjamin</createdBy>
<createdTime>2025-10-04 22:46:42 UTC</createdTime>
<generatorID>D7A081B3-D127-71FD-F6ED-4048597C032B</generatorID>
<ownerDesignName>mec-im_DB</ownerDesignName>
<useDomainConstraints>false</useDomainConstraints>
<use>1</use>
<logicalDatatype>LOGDT015</logicalDatatype>
<ownDataTypeParameters>,,</ownDataTypeParameters>
<autoIncrementCycle>false</autoIncrementCycle>
</Column>
<Column name="REPUESTO_id_repuesto" id="CA1FD7C5-07EC-CD9B-4696-496BF55A817B">
<createdBy>Benjamin</createdBy>
<createdTime>2025-10-04 22:46:42 UTC</createdTime>
<generatorID>2140DBC6-3BD4-6655-12E2-CC8CF3920D0C</generatorID>
<ownerDesignName>mec-im_DB</ownerDesignName>
<useDomainConstraints>false</useDomainConstraints>
<use>1</use>
<logicalDatatype>LOGDT011</logicalDatatype>
<ownDataTypeParameters>,,</ownDataTypeParameters>
<previousColumn>false</previousColumn>
<autoIncrementCycle>false</autoIncrementCycle>
<associations>
<colAssociation fkAssociation="75807754-8F22-09E4-B5A1-59C605D3F857" referredColumn="407E1A09-13C0-C987-95DE-10936E35B284"/>
</associations>
</Column>
<Column name="cantidad_solicitada" id="ED96DB8F-B5C9-2C5E-E9BB-7ADDF6AF7BB9">
<createdBy>Benjamin</createdBy>
<createdTime>2025-10-05 23:13:21 UTC</createdTime>
<generatorID>D27DEF79-E0C3-4ACB-4005-0B746ED350C3</generatorID>
<ownerDesignName>mec-im_DB</ownerDesignName>
<useDomainConstraints>false</useDomainConstraints>
<use>1</use>
<logicalDatatype>LOGDT011</logicalDatatype>
<ownDataTypeParameters>,,</ownDataTypeParameters>
<autoIncrementCycle>false</autoIncrementCycle>
</Column>
<Column name="precio_unitario" id="5F68D33F-9B76-7D06-C76C-753DB03C0ADE">
<createdBy>Benjamin</createdBy>
<createdTime>2025-10-05 23:13:21 UTC</createdTime>
<generatorID>4B395C9D-09F5-4FE7-844F-E10CBC4A8230</generatorID>
<ownerDesignName>mec-im_DB</ownerDesignName>
<useDomainConstraints>false</useDomainConstraints>
<use>1</use>
<logicalDatatype>LOGDT026</logicalDatatype>
<dataTypePrecision>10</dataTypePrecision>
<dataTypeScale>2</dataTypeScale>
<ownDataTypeParameters>,10,2</ownDataTypeParameters>
<autoIncrementCycle>false</autoIncrementCycle>
</Column>
<Column name="ORDEN_TRABAJO_id_orden" id="FABE4145-0449-F502-BE9A-8D1A4AE2EB69">
<createdBy>Benjamin</createdBy>
<createdTime>2025-10-05 23:13:21 UTC</createdTime>
<generatorID>1789A277-D7A7-9006-D92C-1CA1F70FD025</generatorID>
<ownerDesignName>mec-im_DB</ownerDesignName>
<useDomainConstraints>false</useDomainConstraints>
<use>1</use>
<logicalDatatype>LOGDT011</logicalDatatype>
<ownDataTypeParameters>,,</ownDataTypeParameters>
<previousColumn>false</previousColumn>
<autoIncrementCycle>false</autoIncrementCycle>
<associations>
<colAssociation fkAssociation="1FF5DF83-36DF-4A43-4175-CC75E93161A0" referredColumn="F4C5D57E-BEEE-737C-6BE4-34D962791832"/>
</associations>
</Column>
<Column name="subtotal" id="407CFCBD-9B79-6C31-DD87-BC9745438045">
<createdBy>Benjamin</createdBy>
<createdTime>2025-10-05 23:13:21 UTC</createdTime>
<generatorID>20BBCD76-B6D2-AAA4-082E-5097D3A17FC0</generatorID>
<ownerDesignName>mec-im_DB</ownerDesignName>
<nullsAllowed>true</nullsAllowed>
<useDomainConstraints>false</useDomainConstraints>
<use>1</use>
<logicalDatatype>LOGDT026</logicalDatatype>
<dataTypePrecision>10</dataTypePrecision>
<dataTypeScale>2</dataTypeScale>
<ownDataTypeParameters>,10,2</ownDataTypeParameters>
<autoIncrementCycle>false</autoIncrementCycle>
</Column>
<Column name="fecha_solicitud" id="0223761A-1593-21E9-2C6F-1BA67BE675D4">
<createdBy>Benjamin</createdBy>
<createdTime>2025-10-05 23:13:21 UTC</createdTime>
<generatorID>A7E6A2BA-61A6-ABCD-D473-CBCF15EF9BC3</generatorID>
<ownerDesignName>mec-im_DB</ownerDesignName>
<nullsAllowed>true</nullsAllowed>
<useDomainConstraints>false</useDomainConstraints>
<use>1</use>
<logicalDatatype>LOGDT015</logicalDatatype>
<dataTypePrecision>3</dataTypePrecision>
<ownDataTypeParameters>,3,</ownDataTypeParameters>
<autoIncrementCycle>false</autoIncrementCycle>
</Column>
<Column name="fecha_entrega" id="5CAE8F2A-8BA7-BCF5-D6AE-FAD02EF51793">
<createdBy>Benjamin</createdBy>
<createdTime>2025-10-05 23:13:21 UTC</createdTime>
<generatorID>129F271C-173D-D3FF-FAFC-7149639D6310</generatorID>
<ownerDesignName>mec-im_DB</ownerDesignName>
<nullsAllowed>true</nullsAllowed>
<useDomainConstraints>false</useDomainConstraints>
<use>1</use>
<logicalDatatype>LOGDT015</logicalDatatype>
<dataTypePrecision>3</dataTypePrecision>
<ownDataTypeParameters>,3,</ownDataTypeParameters>
<autoIncrementCycle>false</autoIncrementCycle>
</Column>
<Column name="USUARIO_id_usuario" id="F568EA40-7437-15ED-878F-73A1B9868F81">
<createdBy>Benjamin</createdBy>
<createdTime>2025-10-05 23:13:21 UTC</createdTime>
<generatorID>0260FD17-AF4C-E293-8DB9-9165B208A711</generatorID>
<ownerDesignName>mec-im_DB</ownerDesignName>
<useDomainConstraints>false</useDomainConstraints>
<use>1</use>
<logicalDatatype>LOGDT011</logicalDatatype>
<ownDataTypeParameters>,,</ownDataTypeParameters>
<previousColumn>false</previousColumn>
<autoIncrementCycle>false</autoIncrementCycle>
<associations>
<colAssociation fkAssociation="3E8D2CF0-3E10-E678-48D1-F90AAC65535F" referredColumn="126971ED-B636-70D8-C3F2-442C9D12C85F"/>
</associations>
</Column>
<Column name="ESTADO_ORDEN_REPUESTO_id_estado_orden_repuesto" id="F3D99BFB-E44D-BE31-B0DF-04532F2AA955">
<createdBy>Benjamin</createdBy>
<createdTime>2025-10-05 23:13:21 UTC</createdTime>
<generatorID>74F5A084-0622-08C1-5317-D45CBA569AAE</generatorID>
<ownerDesignName>mec-im_DB</ownerDesignName>
<useDomainConstraints>false</useDomainConstraints>
<use>1</use>
<logicalDatatype>LOGDT011</logicalDatatype>
<ownDataTypeParameters>,,</ownDataTypeParameters>
<previousColumn>false</previousColumn>
<autoIncrementCycle>false</autoIncrementCycle>
<associations>
<colAssociation fkAssociation="552C07C0-A083-AB25-D81B-F651DFDF79D7" referredColumn="FF9F1600-C06D-B8DA-9901-E9E0E5FCB7CC"/>
</associations>
</Column>
</columns>
<indexes itemClass="oracle.dbtools.crest.model.design.relational.Index">
<ind_PK_UK id="236BE52D-0771-6EFB-DA5A-FD2C230C01DD" name="ORDEN_REPUESTO_PK">
<createdBy>Benjamin</createdBy>
<createdTime>2025-10-04 22:46:42 UTC</createdTime>
<generatorID>63650F08-1415-42D0-4FBC-6E28F2249D6A</generatorID>
<ownerDesignName>mec-im_DB</ownerDesignName>
<pk>true</pk>
<indexState>Primary Constraint</indexState>
<isSurrogateKey>false</isSurrogateKey>
<indexColumnUsage>
<colUsage columnID="ABCB1666-5839-6166-1B4C-35FEC86EA8F8"/>
</indexColumnUsage>
</ind_PK_UK>
<ind_PK_UK id="790D7652-ED49-7B0B-9B3D-8BA21A05EB51" name="ORDEN_REPUESTO_REPUESTO_FK">
<createdBy>Benjamin</createdBy>
<createdTime>2025-10-04 22:46:42 UTC</createdTime>
<generatorID>52C85875-9BF0-E8D9-2C5C-E0597807FB63</generatorID>
<ownerDesignName>mec-im_DB</ownerDesignName>
<indexState>Foreign Key</indexState>
<isSurrogateKey>false</isSurrogateKey>
<indexColumnUsage>
<colUsage columnID="CA1FD7C5-07EC-CD9B-4696-496BF55A817B"/>
</indexColumnUsage>
</ind_PK_UK>
<ind_PK_UK id="CD83BFE9-6DFC-E2CD-A233-FE7085AB6327" name="ORDEN_REPUESTO_ORDEN_TRABAJO_FK">
<createdBy>Benjamin</createdBy>
<createdTime>2025-10-05 23:13:21 UTC</createdTime>
<generatorID>DCBFFFD6-EBE1-A4B8-108E-02417A755F08</generatorID>
<ownerDesignName>mec-im_DB</ownerDesignName>
<indexState>Foreign Key</indexState>
<isSurrogateKey>false</isSurrogateKey>
<indexColumnUsage>
<colUsage columnID="FABE4145-0449-F502-BE9A-8D1A4AE2EB69"/>
</indexColumnUsage>
</ind_PK_UK>
<ind_PK_UK id="A4B84D17-4186-67A3-D71C-B75B45EE5F0F" name="ORDEN_REPUESTO_USUARIO_FK">
<createdBy>Benjamin</createdBy>
<createdTime>2025-10-05 23:13:21 UTC</createdTime>
<generatorID>A5D73B05-D495-931D-E246-AF5B8D9481B3</generatorID>
<ownerDesignName>mec-im_DB</ownerDesignName>
<indexState>Foreign Key</indexState>
<isSurrogateKey>false</isSurrogateKey>
<indexColumnUsage>
<colUsage columnID="F568EA40-7437-15ED-878F-73A1B9868F81"/>
</indexColumnUsage>
</ind_PK_UK>
<ind_PK_UK id="1CA90D81-6433-8810-32C0-D17F0FEC2216" name="ORDEN_REPUESTO_ESTADO_ORDEN_REPUESTO_FK">
<createdBy>Benjamin</createdBy>
<createdTime>2025-10-05 23:13:21 UTC</createdTime>
<generatorID>EC9B87FF-8D7C-D4A7-3608-372256B6FA4B</generatorID>
<ownerDesignName>mec-im_DB</ownerDesignName>
<indexState>Foreign Key</indexState>
<isSurrogateKey>false</isSurrogateKey>
<indexColumnUsage>
<colUsage columnID="F3D99BFB-E44D-BE31-B0DF-04532F2AA955"/>
</indexColumnUsage>
</ind_PK_UK>
</indexes>
</Table>