<?xml version = '1.0' encoding = 'UTF-8'?>
<Table class="oracle.dbtools.crest.model.design.relational.Table" directorySegmentName="seg_0" id="BFF7B1D2-EC9A-3199-D161-3CDB1EC40D4C" name="ZONA_ASIGNADA">
<createdBy>Benjamin</createdBy>
<createdTime>2025-10-05 23:13:21 UTC</createdTime>
<generatorID>38C1A4AF-F50D-1ED7-55A4-106145EF9DCA</generatorID>
<ownerDesignName>mec-im_DB</ownerDesignName>
<allowColumnReorder>false</allowColumnReorder>
<existDependencyGenerateInDDl>true</existDependencyGenerateInDDl>
<parsed>true</parsed>
<columns itemClass="oracle.dbtools.crest.model.design.relational.Column">
<Column name="id_zona" id="8D05520B-F3D3-9BE2-03D3-4AD5197F645C">
<createdBy>Benjamin</createdBy>
<createdTime>2025-10-05 23:13:21 UTC</createdTime>
<generatorID>D8FA295A-7140-4BEA-865C-1D525DDDE4EB</generatorID>
<ownerDesignName>mec-im_DB</ownerDesignName>
<useDomainConstraints>false</useDomainConstraints>
<use>1</use>
<logicalDatatype>LOGDT011</logicalDatatype>
<ownDataTypeParameters>,,</ownDataTypeParameters>
<autoIncrementCycle>false</autoIncrementCycle>
</Column>
<Column name="nombre_zona" id="6C5B89B6-4503-B713-6A06-E40579CCD8F8">
<createdBy>Benjamin</createdBy>
<createdTime>2025-10-05 23:13:21 UTC</createdTime>
<generatorID>04234194-125D-2A1A-7E26-D6007BCEB3DF</generatorID>
<ownerDesignName>mec-im_DB</ownerDesignName>
<useDomainConstraints>false</useDomainConstraints>
<use>1</use>
<logicalDatatype>LOGDT024</logicalDatatype>
<dataTypeSize>45</dataTypeSize>
<ownDataTypeParameters>45,,</ownDataTypeParameters>
<autoIncrementCycle>false</autoIncrementCycle>
</Column>
</columns>
<indexes itemClass="oracle.dbtools.crest.model.design.relational.Index">
<ind_PK_UK id="949145B6-771A-CBF8-81D7-B57F54CA31A0" name="ZONA_ASIGNADA_PK">
<createdBy>Benjamin</createdBy>
<createdTime>2025-10-05 23:13:21 UTC</createdTime>
<generatorID>8F0906E5-0504-977B-A4C6-1A7D00127380</generatorID>
<ownerDesignName>mec-im_DB</ownerDesignName>
<pk>true</pk>
<indexState>Primary Constraint</indexState>
<isSurrogateKey>false</isSurrogateKey>
<indexColumnUsage>
<colUsage columnID="8D05520B-F3D3-9BE2-03D3-4AD5197F645C"/>
</indexColumnUsage>
</ind_PK_UK>
</indexes>
</Table>