<?xml version = '1.0' encoding = 'UTF-8'?>
<Table class="oracle.dbtools.crest.model.design.relational.Table" directorySegmentName="seg_0" id="CAD14DFD-F503-5A22-1293-9E48F1879007" name="INGRESO_VEHICULO">
<createdBy>Benjamin</createdBy>
<createdTime>2025-10-04 20:37:56 UTC</createdTime>
<generatorID>FB5616A0-3E93-FACD-5B6A-785D76D7819F</generatorID>
<ownerDesignName>mec-im_DB</ownerDesignName>
<allowColumnReorder>false</allowColumnReorder>
<existDependencyGenerateInDDl>true</existDependencyGenerateInDDl>
<parsed>true</parsed>
<columns itemClass="oracle.dbtools.crest.model.design.relational.Column">
<Column name="id_ingreso" id="E262E217-9A1F-ECB3-44BB-53C7C5716412">
<createdBy>Benjamin</createdBy>
<createdTime>2025-10-04 20:37:56 UTC</createdTime>
<generatorID>ECA7AD1B-0959-53F5-1D88-1106A03A3849</generatorID>
<ownerDesignName>mec-im_DB</ownerDesignName>
<useDomainConstraints>false</useDomainConstraints>
<use>1</use>
<logicalDatatype>LOGDT011</logicalDatatype>
<ownDataTypeParameters>,,</ownDataTypeParameters>
<autoIncrementCycle>false</autoIncrementCycle>
</Column>
<Column name="fecha_ingreso" id="51DDBED9-B84C-C5EC-2D27-FE6C8E6BA119">
<createdBy>Benjamin</createdBy>
<createdTime>2025-10-04 20:37:56 UTC</createdTime>
<generatorID>2405A02C-21AD-E22D-9411-6CF6322FE886</generatorID>
<ownerDesignName>mec-im_DB</ownerDesignName>
<useDomainConstraints>false</useDomainConstraints>
<use>1</use>
<logicalDatatype>LOGDT008</logicalDatatype>
<ownDataTypeParameters>,,</ownDataTypeParameters>
<autoIncrementCycle>false</autoIncrementCycle>
</Column>
<Column name="fecha_salida" id="DE76FA16-6B66-E1B1-D416-7A5FEF4A855D">
<createdBy>Benjamin</createdBy>
<createdTime>2025-10-04 20:37:56 UTC</createdTime>
<generatorID>631F56F5-CC6A-0BC6-28CD-A7FCE6B61D3A</generatorID>
<ownerDesignName>mec-im_DB</ownerDesignName>
<nullsAllowed>true</nullsAllowed>
<useDomainConstraints>false</useDomainConstraints>
<use>1</use>
<logicalDatatype>LOGDT008</logicalDatatype>
<ownDataTypeParameters>,,</ownDataTypeParameters>
<autoIncrementCycle>false</autoIncrementCycle>
</Column>
<Column name="motivo_ingreso" id="38816EED-0769-781E-6D51-D1B8C12B08EC">
<createdBy>Benjamin</createdBy>
<createdTime>2025-10-04 20:37:56 UTC</createdTime>
<generatorID>58134E34-335A-AD3C-D9E0-10F499970D58</generatorID>
<ownerDesignName>mec-im_DB</ownerDesignName>
<useDomainConstraints>false</useDomainConstraints>
<use>1</use>
<logicalDatatype>LOGDT040</logicalDatatype>
<ownDataTypeParameters>,,</ownDataTypeParameters>
<autoIncrementCycle>false</autoIncrementCycle>
</Column>
<Column name="kilometraje_ingreso" id="08377444-E5FA-269B-3DB2-644E865562D9">
<createdBy>Benjamin</createdBy>
<createdTime>2025-10-04 20:37:56 UTC</createdTime>
<generatorID>A43DA834-511E-909D-EA96-C4A50DA31EFE</generatorID>
<ownerDesignName>mec-im_DB</ownerDesignName>
<useDomainConstraints>false</useDomainConstraints>
<use>1</use>
<logicalDatatype>LOGDT015</logicalDatatype>
<ownDataTypeParameters>,,</ownDataTypeParameters>
<autoIncrementCycle>false</autoIncrementCycle>
</Column>
<Column name="estado_ingreso" id="B54E7E63-FFCE-C832-210C-4FB623C1CD75">
<createdBy>Benjamin</createdBy>
<createdTime>2025-10-04 20:37:56 UTC</createdTime>
<generatorID>BDD8ED18-B2FB-2C5C-500D-5A5B5FBCABA9</generatorID>
<ownerDesignName>mec-im_DB</ownerDesignName>
<useDomainConstraints>false</useDomainConstraints>
<use>1</use>
<logicalDatatype>LOGDT024</logicalDatatype>
<dataTypeSize>15 CHAR</dataTypeSize>
<ownDataTypeParameters>15 CHAR,,</ownDataTypeParameters>
<autoIncrementCycle>false</autoIncrementCycle>
</Column>
<Column name="documento_salida" id="4D1B1CD8-3CEE-C65A-9230-D96E4F726AF6">
<createdBy>Benjamin</createdBy>
<createdTime>2025-10-04 20:37:56 UTC</createdTime>
<generatorID>678F66D2-7DBD-CF27-EA18-17C7D97ACA2A</generatorID>
<ownerDesignName>mec-im_DB</ownerDesignName>
<nullsAllowed>true</nullsAllowed>
<useDomainConstraints>false</useDomainConstraints>
<use>1</use>
<logicalDatatype>LOGDT024</logicalDatatype>
<dataTypeSize>255 CHAR</dataTypeSize>
<ownDataTypeParameters>255 CHAR,,</ownDataTypeParameters>
<autoIncrementCycle>false</autoIncrementCycle>
</Column>
<Column name="fecha_cracion" id="59722F13-06FF-D348-9380-5BE35A5DBF7A">
<createdBy>Benjamin</createdBy>
<createdTime>2025-10-04 20:37:56 UTC</createdTime>
<generatorID>ECB49E82-F436-7C8D-7BF9-555656EECE2C</generatorID>
<ownerDesignName>mec-im_DB</ownerDesignName>
<useDomainConstraints>false</useDomainConstraints>
<use>1</use>
<logicalDatatype>LOGDT015</logicalDatatype>
<ownDataTypeParameters>,,</ownDataTypeParameters>
<autoIncrementCycle>false</autoIncrementCycle>
</Column>
<Column name="VEHICULO_id_vehiculo" id="192020BC-1388-D957-568F-359C316B922A">
<createdBy>Benjamin</createdBy>
<createdTime>2025-10-04 20:37:56 UTC</createdTime>
<generatorID>CDC40617-9EC0-A6CE-CA6D-15F1B62B9860</generatorID>
<ownerDesignName>mec-im_DB</ownerDesignName>
<useDomainConstraints>false</useDomainConstraints>
<use>1</use>
<logicalDatatype>LOGDT011</logicalDatatype>
<ownDataTypeParameters>,,</ownDataTypeParameters>
<previousColumn>false</previousColumn>
<autoIncrementCycle>false</autoIncrementCycle>
<associations>
<colAssociation fkAssociation="D25B3902-C90E-CB07-9FDB-C8710D6A75D6" referredColumn="19BC70B2-5010-EDBD-6209-12637CA3550C"/>
</associations>
</Column>
<Column name="hora_registro_guardia" id="53DCEBDB-67B7-0FD8-86CA-F8B38A04F92F">
<createdBy>Benjamin</createdBy>
<createdTime>2025-10-05 23:13:21 UTC</createdTime>
<generatorID>CC9C0845-E09C-5F69-F602-FB5ABCFFDD4A</generatorID>
<ownerDesignName>mec-im_DB</ownerDesignName>
<useDomainConstraints>false</useDomainConstraints>
<use>1</use>
<logicalDatatype>LOGDT008</logicalDatatype>
<ownDataTypeParameters>,,</ownDataTypeParameters>
<autoIncrementCycle>false</autoIncrementCycle>
</Column>
<Column name="observaciones" id="9EBCB24D-AEE8-B681-181D-915E1ADA49A9">
<createdBy>Benjamin</createdBy>
<createdTime>2025-10-05 23:13:21 UTC</createdTime>
<generatorID>437AF95F-D9F3-7002-A7FE-5F452171B1D5</generatorID>
<ownerDesignName>mec-im_DB</ownerDesignName>
<nullsAllowed>true</nullsAllowed>
<useDomainConstraints>false</useDomainConstraints>
<use>1</use>
<logicalDatatype>LOGDT040</logicalDatatype>
<ownDataTypeParameters>,,</ownDataTypeParameters>
<autoIncrementCycle>false</autoIncrementCycle>
</Column>
<Column name="USUARIO_id_usuario" id="E5A91789-C9C7-EC7C-541C-722C725CFA60">
<createdBy>Benjamin</createdBy>
<createdTime>2025-10-05 23:13:21 UTC</createdTime>
<generatorID>DF1476EC-2307-4186-3ADD-6775388748F0</generatorID>
<ownerDesignName>mec-im_DB</ownerDesignName>
<useDomainConstraints>false</useDomainConstraints>
<use>1</use>
<logicalDatatype>LOGDT011</logicalDatatype>
<ownDataTypeParameters>,,</ownDataTypeParameters>
<previousColumn>false</previousColumn>
<autoIncrementCycle>false</autoIncrementCycle>
<associations>
<colAssociation fkAssociation="A03276D5-EDD9-ADCA-9331-0439FD195068" referredColumn="126971ED-B636-70D8-C3F2-442C9D12C85F"/>
</associations>
</Column>
<Column name="NIVEL_COMBUSTIBLE_id_nivel_comb" id="A428F799-056E-DB82-DC25-83B73C2EB0CE">
<createdBy>Benjamin</createdBy>
<createdTime>2025-10-05 23:13:21 UTC</createdTime>
<generatorID>6F3671B8-0120-2DF5-999A-8111511BE4C8</generatorID>
<ownerDesignName>mec-im_DB</ownerDesignName>
<useDomainConstraints>false</useDomainConstraints>
<use>1</use>
<logicalDatatype>LOGDT011</logicalDatatype>
<ownDataTypeParameters>,,</ownDataTypeParameters>
<previousColumn>false</previousColumn>
<autoIncrementCycle>false</autoIncrementCycle>
<associations>
<colAssociation fkAssociation="01BD6F65-6416-C2C9-40B5-4C854C4E85D8" referredColumn="C08E353D-0930-5862-B071-C312ED852D1C"/>
</associations>
</Column>
<Column name="ESTADO_id_estado" id="8BEB1B77-8183-E509-F88A-5EF7117B98F0">
<createdBy>Benjamin</createdBy>
<createdTime>2025-10-05 23:13:21 UTC</createdTime>
<generatorID>B505863D-0F5B-C5C6-E12D-C93015A61B21</generatorID>
<ownerDesignName>mec-im_DB</ownerDesignName>
<useDomainConstraints>false</useDomainConstraints>
<use>1</use>
<logicalDatatype>LOGDT011</logicalDatatype>
<ownDataTypeParameters>,,</ownDataTypeParameters>
<previousColumn>false</previousColumn>
<autoIncrementCycle>false</autoIncrementCycle>
<associations>
<colAssociation fkAssociation="98CCC9D7-904F-FC2D-949E-7AD67A6F040F" referredColumn="07F02ABC-E6B5-225D-871C-55C2F2BF5637"/>
</associations>
</Column>
<Column name="PRIORIDAD_id_prio" id="472D4E8F-0E01-D9E6-5636-E8C421CAACAC">
<createdBy>Benjamin</createdBy>
<createdTime>2025-10-05 23:13:21 UTC</createdTime>
<generatorID>4EA93609-9B83-5C52-0AAC-7EFFF7C5AC9D</generatorID>
<ownerDesignName>mec-im_DB</ownerDesignName>
<useDomainConstraints>false</useDomainConstraints>
<use>1</use>
<logicalDatatype>LOGDT011</logicalDatatype>
<ownDataTypeParameters>,,</ownDataTypeParameters>
<previousColumn>false</previousColumn>
<autoIncrementCycle>false</autoIncrementCycle>
<associations>
<colAssociation fkAssociation="EC10E32D-4CDB-1C9D-9670-AB6EA817FB75" referredColumn="5A86ECE4-1208-F6B6-8933-F410EB2CD664"/>
</associations>
</Column>
<Column name="comentarios_salida" id="EF3D6477-0F90-EEBA-EC7D-D94D3ED4803D">
<createdBy>Benjamin</createdBy>
<createdTime>2025-10-05 23:13:21 UTC</createdTime>
<generatorID>43BBC052-BA73-4BC4-0899-841FA39FCE5C</generatorID>
<ownerDesignName>mec-im_DB</ownerDesignName>
<nullsAllowed>true</nullsAllowed>
<useDomainConstraints>false</useDomainConstraints>
<use>1</use>
<logicalDatatype>LOGDT040</logicalDatatype>
<ownDataTypeParameters>,,</ownDataTypeParameters>
<autoIncrementCycle>false</autoIncrementCycle>
</Column>
<Column name="calificacion_salida" id="DC61D504-1EC2-ECB7-1BA8-E67854E6F36D">
<createdBy>Benjamin</createdBy>
<createdTime>2025-10-05 23:13:21 UTC</createdTime>
<generatorID>97E1126A-4501-DCD7-DED6-5FC18E0A888E</generatorID>
<ownerDesignName>mec-im_DB</ownerDesignName>
<nullsAllowed>true</nullsAllowed>
<useDomainConstraints>false</useDomainConstraints>
<use>1</use>
<logicalDatatype>LOGDT011</logicalDatatype>
<ownDataTypeParameters>,,</ownDataTypeParameters>
<autoIncrementCycle>false</autoIncrementCycle>
</Column>
</columns>
<indexes itemClass="oracle.dbtools.crest.model.design.relational.Index">
<ind_PK_UK id="9A479143-B5AF-E389-16F0-B1EAB165656E" name="INGRESO_VEHICULO_PK">
<createdBy>Benjamin</createdBy>
<createdTime>2025-10-04 20:37:56 UTC</createdTime>
<generatorID>641DEBD1-5D0F-3351-779C-1C261E621BC1</generatorID>
<ownerDesignName>mec-im_DB</ownerDesignName>
<pk>true</pk>
<indexState>Primary Constraint</indexState>
<isSurrogateKey>false</isSurrogateKey>
<indexColumnUsage>
<colUsage columnID="E262E217-9A1F-ECB3-44BB-53C7C5716412"/>
</indexColumnUsage>
</ind_PK_UK>
<ind_PK_UK id="F058E356-1EC8-B680-C100-6A0B866E5013" name="INGRESO_VEHICULO_VEHICULO_FK">
<createdBy>Benjamin</createdBy>
<createdTime>2025-10-04 20:37:56 UTC</createdTime>
<generatorID>9D853DCB-B282-6E34-A19E-929EDFA3BFE7</generatorID>
<ownerDesignName>mec-im_DB</ownerDesignName>
<indexState>Foreign Key</indexState>
<isSurrogateKey>false</isSurrogateKey>
<indexColumnUsage>
<colUsage columnID="192020BC-1388-D957-568F-359C316B922A"/>
</indexColumnUsage>
</ind_PK_UK>
<ind_PK_UK id="3903BA0A-CC86-F4FD-F3B7-DD166A979DC7" name="INGRESO_VEHICULO_USUARIO_FK">
<createdBy>Benjamin</createdBy>
<createdTime>2025-10-05 23:13:21 UTC</createdTime>
<generatorID>B91BE2F3-B0AD-4B0D-C0E5-54113F9F83F6</generatorID>
<ownerDesignName>mec-im_DB</ownerDesignName>
<indexState>Foreign Key</indexState>
<isSurrogateKey>false</isSurrogateKey>
<indexColumnUsage>
<colUsage columnID="E5A91789-C9C7-EC7C-541C-722C725CFA60"/>
</indexColumnUsage>
</ind_PK_UK>
<ind_PK_UK id="88EB5304-5BA1-8113-8DDF-5BF46C8C8188" name="INGRESO_VEHICULO_NIVEL_COMBUSTIBLE_FK">
<createdBy>Benjamin</createdBy>
<createdTime>2025-10-05 23:13:21 UTC</createdTime>
<generatorID>3E376DB0-D236-04EB-3ECE-163F6576B8C5</generatorID>
<ownerDesignName>mec-im_DB</ownerDesignName>
<indexState>Foreign Key</indexState>
<isSurrogateKey>false</isSurrogateKey>
<indexColumnUsage>
<colUsage columnID="A428F799-056E-DB82-DC25-83B73C2EB0CE"/>
</indexColumnUsage>
</ind_PK_UK>
<ind_PK_UK id="6103C6CD-E1FF-8342-43E7-F66835E385C8" name="INGRESO_VEHICULO_ESTADO_FK">
<createdBy>Benjamin</createdBy>
<createdTime>2025-10-05 23:13:21 UTC</createdTime>
<generatorID>0370339E-7010-EBF9-2B4B-ACD0B0B33192</generatorID>
<ownerDesignName>mec-im_DB</ownerDesignName>
<indexState>Foreign Key</indexState>
<isSurrogateKey>false</isSurrogateKey>
<indexColumnUsage>
<colUsage columnID="8BEB1B77-8183-E509-F88A-5EF7117B98F0"/>
</indexColumnUsage>
</ind_PK_UK>
<ind_PK_UK id="B15EAB0C-76A4-832F-16E1-575805C14580" name="INGRESO_VEHICULO_PRIORIDAD_FK">
<createdBy>Benjamin</createdBy>
<createdTime>2025-10-05 23:13:21 UTC</createdTime>
<generatorID>D033689F-9E82-7D33-BCAF-DDEA0B88D167</generatorID>
<ownerDesignName>mec-im_DB</ownerDesignName>
<indexState>Foreign Key</indexState>
<isSurrogateKey>false</isSurrogateKey>
<indexColumnUsage>
<colUsage columnID="472D4E8F-0E01-D9E6-5636-E8C421CAACAC"/>
</indexColumnUsage>
</ind_PK_UK>
</indexes>
</Table>