<?xml version = '1.0' encoding = 'UTF-8'?>
<Table class="oracle.dbtools.crest.model.design.relational.Table" directorySegmentName="seg_0" id="E4417C2A-F495-B4DF-0954-CAB1814AAD32" name="PAUSA_ORDEN">
<createdBy>Benjamin</createdBy>
<createdTime>2025-10-05 23:13:21 UTC</createdTime>
<generatorID>8DAD8133-9CBB-E860-8C83-5D67C5BD7A14</generatorID>
<ownerDesignName>mec-im_DB</ownerDesignName>
<allowColumnReorder>false</allowColumnReorder>
<existDependencyGenerateInDDl>true</existDependencyGenerateInDDl>
<parsed>true</parsed>
<columns itemClass="oracle.dbtools.crest.model.design.relational.Column">
<Column name="id_pausa" id="B70F2190-99AC-2A44-A347-C24B08E6916A">
<createdBy>Benjamin</createdBy>
<createdTime>2025-10-05 23:13:21 UTC</createdTime>
<generatorID>EC07A22D-D73A-1815-4664-F3ED9ED04057</generatorID>
<ownerDesignName>mec-im_DB</ownerDesignName>
<useDomainConstraints>false</useDomainConstraints>
<use>1</use>
<logicalDatatype>LOGDT011</logicalDatatype>
<ownDataTypeParameters>,,</ownDataTypeParameters>
<autoIncrementCycle>false</autoIncrementCycle>
</Column>
<Column name="motivo_pausa" id="D53EC472-F50A-8C3C-5303-E79FF123C4D4">
<createdBy>Benjamin</createdBy>
<createdTime>2025-10-05 23:13:21 UTC</createdTime>
<generatorID>C19C5393-60C1-7F8C-7944-1C4798C7F2AA</generatorID>
<ownerDesignName>mec-im_DB</ownerDesignName>
<useDomainConstraints>false</useDomainConstraints>
<use>1</use>
<logicalDatatype>LOGDT040</logicalDatatype>
<ownDataTypeParameters>,,</ownDataTypeParameters>
<autoIncrementCycle>false</autoIncrementCycle>
</Column>
<Column name="fecha_inicio_pausa" id="3A7BB795-0D41-75C9-2E92-5212817B0A95">
<createdBy>Benjamin</createdBy>
<createdTime>2025-10-05 23:13:21 UTC</createdTime>
<generatorID>AF6059D4-9F1A-04E6-A1B7-669BE9B28F28</generatorID>
<ownerDesignName>mec-im_DB</ownerDesignName>
<useDomainConstraints>false</useDomainConstraints>
<use>1</use>
<logicalDatatype>LOGDT008</logicalDatatype>
<ownDataTypeParameters>,,</ownDataTypeParameters>
<autoIncrementCycle>false</autoIncrementCycle>
</Column>
<Column name="fecha_fin_pausa" id="E908B368-CA10-44C7-02E4-FC0457AF4AFE">
<createdBy>Benjamin</createdBy>
<createdTime>2025-10-05 23:13:21 UTC</createdTime>
<generatorID>FD9A6904-602D-14F3-E6FD-8EEB1589EBB5</generatorID>
<ownerDesignName>mec-im_DB</ownerDesignName>
<nullsAllowed>true</nullsAllowed>
<useDomainConstraints>false</useDomainConstraints>
<use>1</use>
<logicalDatatype>LOGDT008</logicalDatatype>
<ownDataTypeParameters>,,</ownDataTypeParameters>
<autoIncrementCycle>false</autoIncrementCycle>
</Column>
<Column name="ORDEN_TRABAJO_id_orden" id="F9A27963-7F22-F92C-7FEF-AC02DCAADB91">
<createdBy>Benjamin</createdBy>
<createdTime>2025-10-05 23:13:21 UTC</createdTime>
<generatorID>DAE645F6-4520-47A3-A35B-2ADA9212AF03</generatorID>
<ownerDesignName>mec-im_DB</ownerDesignName>
<useDomainConstraints>false</useDomainConstraints>
<use>1</use>
<logicalDatatype>LOGDT011</logicalDatatype>
<ownDataTypeParameters>,,</ownDataTypeParameters>
<previousColumn>false</previousColumn>
<autoIncrementCycle>false</autoIncrementCycle>
<associations>
<colAssociation fkAssociation="7BA910AF-A71D-6031-B89B-D92ABABF78E4" referredColumn="F4C5D57E-BEEE-737C-6BE4-34D962791832"/>
</associations>
</Column>
<Column name="USUARIO_id_usuario" id="C005E19D-F393-E30B-E999-51BA908D4232">
<createdBy>Benjamin</createdBy>
<createdTime>2025-10-05 23:13:21 UTC</createdTime>
<generatorID>7F9ECA03-4395-84AC-0ACE-8D5B822E1888</generatorID>
<ownerDesignName>mec-im_DB</ownerDesignName>
<useDomainConstraints>false</useDomainConstraints>
<use>1</use>
<logicalDatatype>LOGDT011</logicalDatatype>
<ownDataTypeParameters>,,</ownDataTypeParameters>
<previousColumn>false</previousColumn>
<autoIncrementCycle>false</autoIncrementCycle>
<associations>
<colAssociation fkAssociation="5AB4DEC6-2ACD-D3DB-46E0-1CC9029755D3" referredColumn="126971ED-B636-70D8-C3F2-442C9D12C85F"/>
</associations>
</Column>
</columns>
<indexes itemClass="oracle.dbtools.crest.model.design.relational.Index">
<ind_PK_UK id="33822785-D3DA-A38E-B765-C0CFA33750A3" name="PAUSA_ORDEN_PK">
<createdBy>Benjamin</createdBy>
<createdTime>2025-10-05 23:13:21 UTC</createdTime>
<generatorID>0C5E5B3E-5A33-C06E-0FA5-F13AF20BA1E9</generatorID>
<ownerDesignName>mec-im_DB</ownerDesignName>
<pk>true</pk>
<indexState>Primary Constraint</indexState>
<isSurrogateKey>false</isSurrogateKey>
<indexColumnUsage>
<colUsage columnID="B70F2190-99AC-2A44-A347-C24B08E6916A"/>
</indexColumnUsage>
</ind_PK_UK>
<ind_PK_UK id="089427C1-620E-43DF-9478-0F5B89240ACA" name="PAUSA_ORDEN_ORDEN_TRABAJO_FK">
<createdBy>Benjamin</createdBy>
<createdTime>2025-10-05 23:13:21 UTC</createdTime>
<generatorID>9924AF74-2F56-5BEA-DCFB-A1BAA955A56F</generatorID>
<ownerDesignName>mec-im_DB</ownerDesignName>
<indexState>Foreign Key</indexState>
<isSurrogateKey>false</isSurrogateKey>
<indexColumnUsage>
<colUsage columnID="F9A27963-7F22-F92C-7FEF-AC02DCAADB91"/>
</indexColumnUsage>
</ind_PK_UK>
<ind_PK_UK id="1824E867-5265-5312-A6F0-607A8AA84F1B" name="PAUSA_ORDEN_USUARIO_FK">
<createdBy>Benjamin</createdBy>
<createdTime>2025-10-05 23:13:21 UTC</createdTime>
<generatorID>1BF7C281-879B-821F-3AE0-D72D788B5872</generatorID>
<ownerDesignName>mec-im_DB</ownerDesignName>
<indexState>Foreign Key</indexState>
<isSurrogateKey>false</isSurrogateKey>
<indexColumnUsage>
<colUsage columnID="C005E19D-F393-E30B-E999-51BA908D4232"/>
</indexColumnUsage>
</ind_PK_UK>
</indexes>
</Table>