<?xml version = '1.0' encoding = 'UTF-8'?>
<Table class="oracle.dbtools.crest.model.design.relational.Table" directorySegmentName="seg_0" id="E46DB026-DA05-2F7B-6047-EAAD18411C56" name="CALENDARIO_TALLER">
<createdBy>Benjamin</createdBy>
<createdTime>2025-10-04 22:46:42 UTC</createdTime>
<generatorID>9CA562F4-162C-6A7B-5DF1-CC8A4331FECF</generatorID>
<ownerDesignName>mec-im_DB</ownerDesignName>
<allowColumnReorder>false</allowColumnReorder>
<existDependencyGenerateInDDl>true</existDependencyGenerateInDDl>
<parsed>true</parsed>
<columns itemClass="oracle.dbtools.crest.model.design.relational.Column">
<Column name="id_reserva" id="4F1065AA-654B-3A88-B0C2-A1A55DAC2DB8">
<createdBy>Benjamin</createdBy>
<createdTime>2025-10-04 22:46:42 UTC</createdTime>
<generatorID>2BA3FD99-406F-BD63-9009-4E9C47340B1A</generatorID>
<ownerDesignName>mec-im_DB</ownerDesignName>
<useDomainConstraints>false</useDomainConstraints>
<use>1</use>
<logicalDatatype>LOGDT011</logicalDatatype>
<ownDataTypeParameters>,,</ownDataTypeParameters>
<autoIncrementCycle>false</autoIncrementCycle>
</Column>
<Column name="tipo_recurso" id="28A0C2A6-884A-CB46-56E7-1219096B9BF7">
<createdBy>Benjamin</createdBy>
<createdTime>2025-10-04 22:46:42 UTC</createdTime>
<generatorID>3F051128-7C95-2F0F-530C-9E8383D74177</generatorID>
<ownerDesignName>mec-im_DB</ownerDesignName>
<useDomainConstraints>false</useDomainConstraints>
<use>1</use>
<logicalDatatype>LOGDT024</logicalDatatype>
<dataTypeSize>35 CHAR</dataTypeSize>
<ownDataTypeParameters>35 CHAR,,</ownDataTypeParameters>
<autoIncrementCycle>false</autoIncrementCycle>
</Column>
<Column name="fecha_inicio" id="7B1A9F61-75BC-B194-A2DF-FE2B80FA1700">
<createdBy>Benjamin</createdBy>
<createdTime>2025-10-04 22:46:42 UTC</createdTime>
<generatorID>1AEEF140-825E-4B81-DF64-843A96578D29</generatorID>
<ownerDesignName>mec-im_DB</ownerDesignName>
<useDomainConstraints>false</useDomainConstraints>
<use>1</use>
<logicalDatatype>LOGDT008</logicalDatatype>
<ownDataTypeParameters>,,</ownDataTypeParameters>
<autoIncrementCycle>false</autoIncrementCycle>
</Column>
<Column name="fecha_fin" id="77D0E508-7079-B160-1EDB-C15A1B37DF49">
<createdBy>Benjamin</createdBy>
<createdTime>2025-10-04 22:46:42 UTC</createdTime>
<generatorID>F1CBF936-ACC6-D564-2D0C-805959BCF9FC</generatorID>
<ownerDesignName>mec-im_DB</ownerDesignName>
<useDomainConstraints>false</useDomainConstraints>
<use>1</use>
<logicalDatatype>LOGDT008</logicalDatatype>
<ownDataTypeParameters>,,</ownDataTypeParameters>
<autoIncrementCycle>false</autoIncrementCycle>
</Column>
<Column name="estado_reserva" id="1B426A00-69F6-1B7D-18DE-7B9DEAE54B89">
<createdBy>Benjamin</createdBy>
<createdTime>2025-10-04 22:46:42 UTC</createdTime>
<generatorID>549C0406-400D-2490-F625-015A672ED1D0</generatorID>
<ownerDesignName>mec-im_DB</ownerDesignName>
<useDomainConstraints>false</useDomainConstraints>
<use>1</use>
<logicalDatatype>LOGDT024</logicalDatatype>
<dataTypeSize>35 CHAR</dataTypeSize>
<ownDataTypeParameters>35 CHAR,,</ownDataTypeParameters>
<autoIncrementCycle>false</autoIncrementCycle>
</Column>
<Column name="observaciones" id="8393472A-50D4-34C1-5CD8-4C18A5CFFDEB">
<createdBy>Benjamin</createdBy>
<createdTime>2025-10-04 22:46:42 UTC</createdTime>
<generatorID>D7755082-8FC6-598D-7E0F-523F1C0F33B7</generatorID>
<ownerDesignName>mec-im_DB</ownerDesignName>
<useDomainConstraints>false</useDomainConstraints>
<use>1</use>
<logicalDatatype>LOGDT040</logicalDatatype>
<ownDataTypeParameters>,,</ownDataTypeParameters>
<autoIncrementCycle>false</autoIncrementCycle>
</Column>
<Column name="ORDEN_TRABAJO_id_orden" id="FB69B7EE-A44D-3A7C-610B-3DBFBAE34DF9">
<createdBy>Benjamin</createdBy>
<createdTime>2025-10-04 22:46:42 UTC</createdTime>
<generatorID>ECCE99CC-34AE-E66A-F0EB-89DE87B6B21C</generatorID>
<ownerDesignName>mec-im_DB</ownerDesignName>
<useDomainConstraints>false</useDomainConstraints>
<use>1</use>
<logicalDatatype>LOGDT011</logicalDatatype>
<ownDataTypeParameters>,,</ownDataTypeParameters>
<previousColumn>false</previousColumn>
<autoIncrementCycle>false</autoIncrementCycle>
<associations>
<colAssociation fkAssociation="FF9D32E7-250F-A49D-C1AE-A5B4DC47F874" referredColumn="F4C5D57E-BEEE-737C-6BE4-34D962791832"/>
</associations>
</Column>
<Column name="VEHICULO_id_vehiculo" id="26F93D12-DC37-3E18-CDBD-820EF59DF5F4">
<createdBy>Benjamin</createdBy>
<createdTime>2025-10-04 22:46:42 UTC</createdTime>
<generatorID>6CB8E16B-1FF2-3506-CF54-AA5843095EB8</generatorID>
<ownerDesignName>mec-im_DB</ownerDesignName>
<useDomainConstraints>false</useDomainConstraints>
<use>1</use>
<logicalDatatype>LOGDT011</logicalDatatype>
<ownDataTypeParameters>,,</ownDataTypeParameters>
<previousColumn>false</previousColumn>
<autoIncrementCycle>false</autoIncrementCycle>
<associations>
<colAssociation fkAssociation="4802D39B-5C05-795A-5195-1A6F4C178A5C" referredColumn="19BC70B2-5010-EDBD-6209-12637CA3550C"/>
</associations>
</Column>
<Column name="duracion_estimada_minutos" id="DA51C455-3FF7-2802-9668-7721EF208B41">
<createdBy>Benjamin</createdBy>
<createdTime>2025-10-05 23:13:21 UTC</createdTime>
<generatorID>ED8B1466-6644-52D1-8291-1A1E760D719F</generatorID>
<ownerDesignName>mec-im_DB</ownerDesignName>
<useDomainConstraints>false</useDomainConstraints>
<use>1</use>
<logicalDatatype>LOGDT011</logicalDatatype>
<ownDataTypeParameters>,,</ownDataTypeParameters>
<autoIncrementCycle>false</autoIncrementCycle>
</Column>
<Column name="buffer_limpieza_minutos" id="9FB9EC42-0D60-450B-EABC-DD4EAC4FF3F3">
<createdBy>Benjamin</createdBy>
<createdTime>2025-10-05 23:13:21 UTC</createdTime>
<generatorID>0946E577-0279-7E23-8A8B-A635F550CDF6</generatorID>
<ownerDesignName>mec-im_DB</ownerDesignName>
<nullsAllowed>true</nullsAllowed>
<useDomainConstraints>false</useDomainConstraints>
<use>1</use>
<logicalDatatype>LOGDT011</logicalDatatype>
<ownDataTypeParameters>,,</ownDataTypeParameters>
<autoIncrementCycle>false</autoIncrementCycle>
</Column>
<Column name="motivo_cancelacion" id="5A38E352-4F2A-C1C2-5CE6-095E599150CD">
<createdBy>Benjamin</createdBy>
<createdTime>2025-10-05 23:13:21 UTC</createdTime>
<generatorID>6A8110B3-483A-E53B-FCAB-B8E96665A0B1</generatorID>
<ownerDesignName>mec-im_DB</ownerDesignName>
<nullsAllowed>true</nullsAllowed>
<useDomainConstraints>false</useDomainConstraints>
<use>1</use>
<logicalDatatype>LOGDT040</logicalDatatype>
<ownDataTypeParameters>,,</ownDataTypeParameters>
<autoIncrementCycle>false</autoIncrementCycle>
</Column>
<Column name="USUARIO_id_usuario" id="EBDB0782-009A-B77A-F1A0-DDE1584F3564">
<createdBy>Benjamin</createdBy>
<createdTime>2025-10-05 23:13:21 UTC</createdTime>
<generatorID>4CA089A8-95D3-6648-5CE7-5C1A970B0B6F</generatorID>
<ownerDesignName>mec-im_DB</ownerDesignName>
<useDomainConstraints>false</useDomainConstraints>
<use>1</use>
<logicalDatatype>LOGDT011</logicalDatatype>
<ownDataTypeParameters>,,</ownDataTypeParameters>
<previousColumn>false</previousColumn>
<autoIncrementCycle>false</autoIncrementCycle>
<associations>
<colAssociation fkAssociation="D41A0C10-5C72-4071-F507-9BEAE07E5DD5" referredColumn="126971ED-B636-70D8-C3F2-442C9D12C85F"/>
</associations>
</Column>
<Column name="RECURSO_TALLER_id_recurso" id="AFB1ADAA-130D-D890-3CD3-D02C934AD325">
<createdBy>Benjamin</createdBy>
<createdTime>2025-10-05 23:13:21 UTC</createdTime>
<generatorID>3457D5F8-80FF-21E7-B0FB-1E3DDD041524</generatorID>
<ownerDesignName>mec-im_DB</ownerDesignName>
<useDomainConstraints>false</useDomainConstraints>
<use>1</use>
<logicalDatatype>LOGDT011</logicalDatatype>
<ownDataTypeParameters>,,</ownDataTypeParameters>
<previousColumn>false</previousColumn>
<autoIncrementCycle>false</autoIncrementCycle>
<associations>
<colAssociation fkAssociation="AF7AE1E4-F101-1328-43AF-0AA7D4529241" referredColumn="31001856-32FA-8BE8-1ACC-1C28B538BD79"/>
</associations>
</Column>
<Column name="PRIORIDAD_CALENDARIO_id_prior" id="4AD14E6A-B7C8-7639-9C93-9B39B5088146">
<createdBy>Benjamin</createdBy>
<createdTime>2025-10-05 23:13:21 UTC</createdTime>
<generatorID>12A28C0D-DFF9-4733-2930-E05D003BFF31</generatorID>
<ownerDesignName>mec-im_DB</ownerDesignName>
<useDomainConstraints>false</useDomainConstraints>
<use>1</use>
<logicalDatatype>LOGDT011</logicalDatatype>
<ownDataTypeParameters>,,</ownDataTypeParameters>
<previousColumn>false</previousColumn>
<autoIncrementCycle>false</autoIncrementCycle>
<associations>
<colAssociation fkAssociation="FBF3142A-CD75-EB37-0670-806D30D15323" referredColumn="CFF0F771-3182-98DB-CADF-CD7194C826E6"/>
</associations>
</Column>
<Column name="ESTADO_RESERVA_id_estado_reserva" id="74F34495-3192-350D-6102-FDD61B703BA9">
<createdBy>Benjamin</createdBy>
<createdTime>2025-10-05 23:13:21 UTC</createdTime>
<generatorID>5B487EBD-1C10-30CB-E475-9CB5BC28E529</generatorID>
<ownerDesignName>mec-im_DB</ownerDesignName>
<useDomainConstraints>false</useDomainConstraints>
<use>1</use>
<logicalDatatype>LOGDT011</logicalDatatype>
<ownDataTypeParameters>,,</ownDataTypeParameters>
<previousColumn>false</previousColumn>
<autoIncrementCycle>false</autoIncrementCycle>
<associations>
<colAssociation fkAssociation="BD8DCA66-D35D-73CD-068F-2DE7BC351FDF" referredColumn="39455BE0-DFDE-15C9-CE84-A260E32BD528"/>
</associations>
</Column>
<Column name="TIPO_RESERVA_id_tipo_reserva" id="F46E5D53-BA6D-415A-68A3-3A305B2B1B57">
<createdBy>Benjamin</createdBy>
<createdTime>2025-10-05 23:13:21 UTC</createdTime>
<generatorID>4139423C-61A0-9A73-CDFC-EFF8CECC4C9C</generatorID>
<ownerDesignName>mec-im_DB</ownerDesignName>
<useDomainConstraints>false</useDomainConstraints>
<use>1</use>
<logicalDatatype>LOGDT011</logicalDatatype>
<ownDataTypeParameters>,,</ownDataTypeParameters>
<previousColumn>false</previousColumn>
<autoIncrementCycle>false</autoIncrementCycle>
<associations>
<colAssociation fkAssociation="089B6FE4-9687-94FE-B5DF-4802A258D231" referredColumn="F5BC88F2-2856-6C59-C9A4-613435BA9758"/>
</associations>
</Column>
</columns>
<indexes itemClass="oracle.dbtools.crest.model.design.relational.Index">
<ind_PK_UK id="FC26B2FE-0C41-0494-5370-B241B8178F06" name="CALENDARIO_TALLER_PK">
<createdBy>Benjamin</createdBy>
<createdTime>2025-10-04 22:46:42 UTC</createdTime>
<generatorID>D11F3471-8542-9420-5EDD-70BD38E49F3D</generatorID>
<ownerDesignName>mec-im_DB</ownerDesignName>
<pk>true</pk>
<indexState>Primary Constraint</indexState>
<isSurrogateKey>false</isSurrogateKey>
<indexColumnUsage>
<colUsage columnID="4F1065AA-654B-3A88-B0C2-A1A55DAC2DB8"/>
</indexColumnUsage>
</ind_PK_UK>
<ind_PK_UK id="B080CFAD-063D-5DD5-1F88-BE298F4577DC" name="CALENDARIO_TALLER__IDX">
<createdBy>Benjamin</createdBy>
<createdTime>2025-10-04 22:46:42 UTC</createdTime>
<ownerDesignName>mec-im_DB</ownerDesignName>
<indexState>Unique Plain Index</indexState>
<isSurrogateKey>false</isSurrogateKey>
<relationGeneratorID>B3D2A829-C3B7-50A6-45E6-3A04A285F7FE</relationGeneratorID>
<indexColumnUsage>
<colUsage columnID="FB69B7EE-A44D-3A7C-610B-3DBFBAE34DF9"/>
</indexColumnUsage>
</ind_PK_UK>
<ind_PK_UK id="877D8118-5705-4710-4DA1-D5988C339AD2" name="CALENDARIO_TALLER__IDXv1">
<createdBy>Benjamin</createdBy>
<createdTime>2025-10-04 22:46:42 UTC</createdTime>
<ownerDesignName>mec-im_DB</ownerDesignName>
<indexState>Unique Plain Index</indexState>
<isSurrogateKey>false</isSurrogateKey>
<relationGeneratorID>1FB14D69-8724-3304-E4B7-FDA6E1F18B26</relationGeneratorID>
<indexColumnUsage>
<colUsage columnID="26F93D12-DC37-3E18-CDBD-820EF59DF5F4"/>
</indexColumnUsage>
</ind_PK_UK>
<ind_PK_UK id="37141F7E-B6F7-685D-E6C4-C439793CFC51" name="CALENDARIO_TALLER_ORDEN_TRABAJO_FK">
<createdBy>Benjamin</createdBy>
<createdTime>2025-10-04 22:46:42 UTC</createdTime>
<generatorID>B3D2A829-C3B7-50A6-45E6-3A04A285F7FE</generatorID>
<ownerDesignName>mec-im_DB</ownerDesignName>
<indexState>Foreign Key</indexState>
<isSurrogateKey>false</isSurrogateKey>
<indexColumnUsage>
<colUsage columnID="FB69B7EE-A44D-3A7C-610B-3DBFBAE34DF9"/>
</indexColumnUsage>
</ind_PK_UK>
<ind_PK_UK id="AA0A610B-2D0B-F7D7-8524-FC3792889594" name="CALENDARIO_TALLER_VEHICULO_FK">
<createdBy>Benjamin</createdBy>
<createdTime>2025-10-04 22:46:42 UTC</createdTime>
<generatorID>1FB14D69-8724-3304-E4B7-FDA6E1F18B26</generatorID>
<ownerDesignName>mec-im_DB</ownerDesignName>
<indexState>Foreign Key</indexState>
<isSurrogateKey>false</isSurrogateKey>
<indexColumnUsage>
<colUsage columnID="26F93D12-DC37-3E18-CDBD-820EF59DF5F4"/>
</indexColumnUsage>
</ind_PK_UK>
<ind_PK_UK id="B7FA5292-7385-C109-CAD5-24937BA5B643" name="CALENDARIO_TALLER_USUARIO_FK">
<createdBy>Benjamin</createdBy>
<createdTime>2025-10-05 23:13:21 UTC</createdTime>
<generatorID>39C5B8CE-CE91-E7DD-F64F-8296EE97F490</generatorID>
<ownerDesignName>mec-im_DB</ownerDesignName>
<indexState>Foreign Key</indexState>
<isSurrogateKey>false</isSurrogateKey>
<indexColumnUsage>
<colUsage columnID="EBDB0782-009A-B77A-F1A0-DDE1584F3564"/>
</indexColumnUsage>
</ind_PK_UK>
<ind_PK_UK id="C579175D-F609-DA03-4414-E7B3F70AD8F1" name="CALENDARIO_TALLER_RECURSO_TALLER_FK">
<createdBy>Benjamin</createdBy>
<createdTime>2025-10-05 23:13:21 UTC</createdTime>
<generatorID>146B4A98-7D0B-FBE9-1902-1A9CB4F7570E</generatorID>
<ownerDesignName>mec-im_DB</ownerDesignName>
<indexState>Foreign Key</indexState>
<isSurrogateKey>false</isSurrogateKey>
<indexColumnUsage>
<colUsage columnID="AFB1ADAA-130D-D890-3CD3-D02C934AD325"/>
</indexColumnUsage>
</ind_PK_UK>
<ind_PK_UK id="8BDAFB71-78CF-284E-1BCA-9670AE6EF68E" name="CALENDARIO_TALLER_PRIORIDAD_CALENDARIO_FK">
<createdBy>Benjamin</createdBy>
<createdTime>2025-10-05 23:13:21 UTC</createdTime>
<generatorID>B50B9FB7-190C-2E19-4081-8A3059848173</generatorID>
<ownerDesignName>mec-im_DB</ownerDesignName>
<indexState>Foreign Key</indexState>
<isSurrogateKey>false</isSurrogateKey>
<indexColumnUsage>
<colUsage columnID="4AD14E6A-B7C8-7639-9C93-9B39B5088146"/>
</indexColumnUsage>
</ind_PK_UK>
<ind_PK_UK id="ECDC0F91-EDE6-A78E-F4A6-851DAD399BA4" name="CALENDARIO_TALLER_TIPO_RESERVA_FK">
<createdBy>Benjamin</createdBy>
<createdTime>2025-10-05 23:13:21 UTC</createdTime>
<generatorID>99A1D608-C2F4-7854-DE33-6EC5F3B53BB1</generatorID>
<ownerDesignName>mec-im_DB</ownerDesignName>
<indexState>Foreign Key</indexState>
<isSurrogateKey>false</isSurrogateKey>
<indexColumnUsage>
<colUsage columnID="F46E5D53-BA6D-415A-68A3-3A305B2B1B57"/>
</indexColumnUsage>
</ind_PK_UK>
<ind_PK_UK id="AE0F4099-0ED2-A649-17D4-E5D2808CE591" name="CALENDARIO_TALLER_ESTADO_RESERVA_FK">
<createdBy>Benjamin</createdBy>
<createdTime>2025-10-05 23:13:21 UTC</createdTime>
<generatorID>2FAC4C27-9B81-8928-C5D6-2E4EC3069EC8</generatorID>
<ownerDesignName>mec-im_DB</ownerDesignName>
<indexState>Foreign Key</indexState>
<isSurrogateKey>false</isSurrogateKey>
<indexColumnUsage>
<colUsage columnID="74F34495-3192-350D-6102-FDD61B703BA9"/>
</indexColumnUsage>
</ind_PK_UK>
</indexes>
</Table>