<?xml version = '1.0' encoding = 'UTF-8'?>
<Table class="oracle.dbtools.crest.model.design.relational.Table" directorySegmentName="seg_0" id="E7B11B3D-ADB6-A77A-29A9-5A6C95677CFE" name="ORDEN_TRABAJO">
<createdBy>Benjamin</createdBy>
<createdTime>2025-10-04 20:37:56 UTC</createdTime>
<generatorID>359AA365-D265-AA2E-E610-03FC4142F049</generatorID>
<ownerDesignName>mec-im_DB</ownerDesignName>
<allowColumnReorder>false</allowColumnReorder>
<existDependencyGenerateInDDl>true</existDependencyGenerateInDDl>
<parsed>true</parsed>
<columns itemClass="oracle.dbtools.crest.model.design.relational.Column">
<Column name="id_orden" id="F4C5D57E-BEEE-737C-6BE4-34D962791832">
<createdBy>Benjamin</createdBy>
<createdTime>2025-10-04 20:37:56 UTC</createdTime>
<generatorID>930C20A9-6F01-5B9A-E905-E9A26049869E</generatorID>
<ownerDesignName>mec-im_DB</ownerDesignName>
<useDomainConstraints>false</useDomainConstraints>
<use>1</use>
<logicalDatatype>LOGDT011</logicalDatatype>
<ownDataTypeParameters>,,</ownDataTypeParameters>
<autoIncrementCycle>false</autoIncrementCycle>
</Column>
<Column name="numero_orden" id="77679A18-AAE2-8819-164A-15285C103547">
<createdBy>Benjamin</createdBy>
<createdTime>2025-10-04 20:37:56 UTC</createdTime>
<generatorID>224C8B50-DE37-4F7A-6912-6C0F75A5574C</generatorID>
<ownerDesignName>mec-im_DB</ownerDesignName>
<useDomainConstraints>false</useDomainConstraints>
<use>1</use>
<logicalDatatype>LOGDT011</logicalDatatype>
<ownDataTypeParameters>,,</ownDataTypeParameters>
<autoIncrementCycle>false</autoIncrementCycle>
</Column>
<Column name="tipo_mantenimiento" id="DB6821A9-0E07-8355-897E-7DDADD56ACBE">
<createdBy>Benjamin</createdBy>
<createdTime>2025-10-04 20:37:56 UTC</createdTime>
<generatorID>6B456835-8D2E-C2E7-0C4A-86067B93F0F8</generatorID>
<ownerDesignName>mec-im_DB</ownerDesignName>
<useDomainConstraints>false</useDomainConstraints>
<use>1</use>
<logicalDatatype>LOGDT024</logicalDatatype>
<dataTypeSize>25 CHAR</dataTypeSize>
<ownDataTypeParameters>25 CHAR,,</ownDataTypeParameters>
<autoIncrementCycle>false</autoIncrementCycle>
</Column>
<Column name="descripcion_trabajo" id="58F1FD71-5754-F76D-1254-CE3994BF3AEB">
<createdBy>Benjamin</createdBy>
<createdTime>2025-10-04 20:37:56 UTC</createdTime>
<generatorID>FA47B862-A6D8-01D1-AE2D-E825E2327987</generatorID>
<ownerDesignName>mec-im_DB</ownerDesignName>
<useDomainConstraints>false</useDomainConstraints>
<use>1</use>
<logicalDatatype>LOGDT040</logicalDatatype>
<ownDataTypeParameters>,,</ownDataTypeParameters>
<autoIncrementCycle>false</autoIncrementCycle>
</Column>
<Column name="prioridad" id="FFB9C0AE-D645-7C70-80A8-B551CBA7E6D9">
<createdBy>Benjamin</createdBy>
<createdTime>2025-10-04 20:37:56 UTC</createdTime>
<generatorID>C204377A-C4A2-B52A-E0BD-09BA121248C7</generatorID>
<ownerDesignName>mec-im_DB</ownerDesignName>
<useDomainConstraints>false</useDomainConstraints>
<use>1</use>
<logicalDatatype>LOGDT024</logicalDatatype>
<dataTypeSize>25 CHAR</dataTypeSize>
<ownDataTypeParameters>25 CHAR,,</ownDataTypeParameters>
<autoIncrementCycle>false</autoIncrementCycle>
</Column>
<Column name="fecha_creacion" id="C49B2B82-14F8-CB48-1390-41D1814407C7">
<createdBy>Benjamin</createdBy>
<createdTime>2025-10-04 20:37:56 UTC</createdTime>
<generatorID>AAFFFA5F-2FF1-3355-D13B-134F1E5B5ABE</generatorID>
<ownerDesignName>mec-im_DB</ownerDesignName>
<useDomainConstraints>false</useDomainConstraints>
<use>1</use>
<logicalDatatype>LOGDT015</logicalDatatype>
<dataTypePrecision>3</dataTypePrecision>
<ownDataTypeParameters>,3,</ownDataTypeParameters>
<autoIncrementCycle>false</autoIncrementCycle>
</Column>
<Column name="fecha_asignacion" id="28A100FE-9BD7-A3BB-5CA6-077B45D89EDB">
<createdBy>Benjamin</createdBy>
<createdTime>2025-10-04 20:37:56 UTC</createdTime>
<generatorID>258DA64E-7A7F-453B-D158-3DDB98BD3DB8</generatorID>
<ownerDesignName>mec-im_DB</ownerDesignName>
<nullsAllowed>true</nullsAllowed>
<useDomainConstraints>false</useDomainConstraints>
<use>1</use>
<logicalDatatype>LOGDT008</logicalDatatype>
<ownDataTypeParameters>,,</ownDataTypeParameters>
<autoIncrementCycle>false</autoIncrementCycle>
</Column>
<Column name="fecha_inicio" id="D5A73510-BA15-059B-6611-CA4622493438">
<createdBy>Benjamin</createdBy>
<createdTime>2025-10-04 20:37:56 UTC</createdTime>
<generatorID>A0D09B7E-E543-EADF-B5D9-93C465FC7C81</generatorID>
<ownerDesignName>mec-im_DB</ownerDesignName>
<nullsAllowed>true</nullsAllowed>
<useDomainConstraints>false</useDomainConstraints>
<use>1</use>
<logicalDatatype>LOGDT008</logicalDatatype>
<ownDataTypeParameters>,,</ownDataTypeParameters>
<autoIncrementCycle>false</autoIncrementCycle>
</Column>
<Column name="fecha_finalización" id="1EA68E66-94AD-75F7-3631-1BC2DC9CB021">
<createdBy>Benjamin</createdBy>
<createdTime>2025-10-04 20:37:56 UTC</createdTime>
<generatorID>72497222-06E9-BB57-29DB-2C75912A285B</generatorID>
<ownerDesignName>mec-im_DB</ownerDesignName>
<nullsAllowed>true</nullsAllowed>
<useDomainConstraints>false</useDomainConstraints>
<use>1</use>
<logicalDatatype>LOGDT008</logicalDatatype>
<ownDataTypeParameters>,,</ownDataTypeParameters>
<autoIncrementCycle>false</autoIncrementCycle>
</Column>
<Column name="estado_orden" id="F9522C54-0891-833F-B72B-D0CC97FE7660">
<createdBy>Benjamin</createdBy>
<createdTime>2025-10-04 20:37:56 UTC</createdTime>
<generatorID>39391BF1-AD28-62D6-47DE-ACC4BB1B7F50</generatorID>
<ownerDesignName>mec-im_DB</ownerDesignName>
<useDomainConstraints>false</useDomainConstraints>
<use>1</use>
<logicalDatatype>LOGDT024</logicalDatatype>
<dataTypeSize>25 CHAR</dataTypeSize>
<ownDataTypeParameters>25 CHAR,,</ownDataTypeParameters>
<autoIncrementCycle>false</autoIncrementCycle>
</Column>
<Column name="observaciones" id="A0641C9A-ECA4-5109-1D0A-43EFC07B674A">
<createdBy>Benjamin</createdBy>
<createdTime>2025-10-04 20:37:56 UTC</createdTime>
<generatorID>F97808C5-B342-4C78-00D1-2945C9B26EBD</generatorID>
<ownerDesignName>mec-im_DB</ownerDesignName>
<useDomainConstraints>false</useDomainConstraints>
<use>1</use>
<logicalDatatype>LOGDT040</logicalDatatype>
<ownDataTypeParameters>,,</ownDataTypeParameters>
<autoIncrementCycle>false</autoIncrementCycle>
</Column>
<Column name="fecha_aprobacion" id="F376BA9E-8CED-FFD1-5E85-76BCF7A539F3">
<createdBy>Benjamin</createdBy>
<createdTime>2025-10-04 20:37:56 UTC</createdTime>
<generatorID>C65FA6ED-3F0B-C6B6-312B-F4375655B210</generatorID>
<ownerDesignName>mec-im_DB</ownerDesignName>
<nullsAllowed>true</nullsAllowed>
<useDomainConstraints>false</useDomainConstraints>
<use>1</use>
<logicalDatatype>LOGDT008</logicalDatatype>
<ownDataTypeParameters>,,</ownDataTypeParameters>
<autoIncrementCycle>false</autoIncrementCycle>
</Column>
<Column name="USUARIO_id_usuario" id="504BBDA5-96B9-797B-B8E9-C53CED834848">
<createdBy>Benjamin</createdBy>
<createdTime>2025-10-04 22:46:42 UTC</createdTime>
<generatorID>42EA6966-C570-8CB8-DB77-B222D6FF5003</generatorID>
<ownerDesignName>mec-im_DB</ownerDesignName>
<useDomainConstraints>false</useDomainConstraints>
<use>1</use>
<logicalDatatype>LOGDT011</logicalDatatype>
<ownDataTypeParameters>,,</ownDataTypeParameters>
<previousColumn>false</previousColumn>
<autoIncrementCycle>false</autoIncrementCycle>
<associations>
<colAssociation fkAssociation="03F62CB1-B506-114B-5B6F-4B640283DE6F" referredColumn="126971ED-B636-70D8-C3F2-442C9D12C85F"/>
</associations>
</Column>
<Column name="INGRESO_VEHICULO_id_ingreso" id="E8C1FF32-1D24-1719-418D-5D15390898F2">
<createdBy>Benjamin</createdBy>
<createdTime>2025-10-04 22:46:42 UTC</createdTime>
<generatorID>88BB750C-8180-A231-7B91-145D8E870D3A</generatorID>
<ownerDesignName>mec-im_DB</ownerDesignName>
<useDomainConstraints>false</useDomainConstraints>
<use>1</use>
<logicalDatatype>LOGDT011</logicalDatatype>
<ownDataTypeParameters>,,</ownDataTypeParameters>
<previousColumn>false</previousColumn>
<autoIncrementCycle>false</autoIncrementCycle>
<associations>
<colAssociation fkAssociation="B9BEE975-0DD9-5DB6-1B75-D27EC54F5915" referredColumn="E262E217-9A1F-ECB3-44BB-53C7C5716412"/>
</associations>
</Column>
<Column name="requiere_repuestos" id="5D393882-C655-946D-8CEE-B9766E70620F">
<createdBy>Benjamin</createdBy>
<createdTime>2025-10-05 23:13:21 UTC</createdTime>
<generatorID>2F5B08AE-9209-A6FC-AF9F-D40AF8FE7AB9</generatorID>
<ownerDesignName>mec-im_DB</ownerDesignName>
<useDomainConstraints>false</useDomainConstraints>
<use>1</use>
<logicalDatatype>LOGDT006</logicalDatatype>
<dataTypeSize>6 CHAR</dataTypeSize>
<ownDataTypeParameters>6 CHAR,,</ownDataTypeParameters>
<autoIncrementCycle>false</autoIncrementCycle>
</Column>
<Column name="tiempo_estimado_horas" id="8884F56D-F25E-08AB-02A6-C860B6759DCC">
<createdBy>Benjamin</createdBy>
<createdTime>2025-10-05 23:13:21 UTC</createdTime>
<generatorID>9AC6630A-7323-3DEA-4F03-2BAD1FEFD680</generatorID>
<ownerDesignName>mec-im_DB</ownerDesignName>
<useDomainConstraints>false</useDomainConstraints>
<use>1</use>
<logicalDatatype>LOGDT026</logicalDatatype>
<dataTypePrecision>5</dataTypePrecision>
<dataTypeScale>2</dataTypeScale>
<ownDataTypeParameters>,5,2</ownDataTypeParameters>
<autoIncrementCycle>false</autoIncrementCycle>
</Column>
<Column name="tiempo_real_horas" id="8AF4D1F5-39E1-858E-DB1F-2258EE85AC1B">
<createdBy>Benjamin</createdBy>
<createdTime>2025-10-05 23:13:21 UTC</createdTime>
<generatorID>80B28363-9C55-FD99-C249-407AEF9140D2</generatorID>
<ownerDesignName>mec-im_DB</ownerDesignName>
<nullsAllowed>true</nullsAllowed>
<useDomainConstraints>false</useDomainConstraints>
<use>1</use>
<logicalDatatype>LOGDT026</logicalDatatype>
<dataTypePrecision>5</dataTypePrecision>
<dataTypeScale>2</dataTypeScale>
<ownDataTypeParameters>,5,2</ownDataTypeParameters>
<autoIncrementCycle>false</autoIncrementCycle>
</Column>
<Column name="solucion_aplicada" id="51938069-F517-BAC7-3292-85EB519808F5">
<createdBy>Benjamin</createdBy>
<createdTime>2025-10-05 23:13:21 UTC</createdTime>
<generatorID>5D1F7AB9-52AF-029D-260C-A9C5D7AC65A7</generatorID>
<ownerDesignName>mec-im_DB</ownerDesignName>
<nullsAllowed>true</nullsAllowed>
<useDomainConstraints>false</useDomainConstraints>
<use>1</use>
<logicalDatatype>LOGDT040</logicalDatatype>
<ownDataTypeParameters>,,</ownDataTypeParameters>
<autoIncrementCycle>false</autoIncrementCycle>
</Column>
<Column name="motivo_rechazo" id="36A33CC9-8354-A46F-E282-7CBCD4261F96">
<createdBy>Benjamin</createdBy>
<createdTime>2025-10-05 23:13:21 UTC</createdTime>
<generatorID>BBF55A74-ACBF-D598-0CBF-659608D162A7</generatorID>
<ownerDesignName>mec-im_DB</ownerDesignName>
<nullsAllowed>true</nullsAllowed>
<useDomainConstraints>false</useDomainConstraints>
<use>1</use>
<logicalDatatype>LOGDT040</logicalDatatype>
<ownDataTypeParameters>,,</ownDataTypeParameters>
<autoIncrementCycle>false</autoIncrementCycle>
</Column>
<Column name="TIPO_MANTENIMIENTO_id_tipo_m" id="4D379460-F979-FECC-93EE-7F2FA3F5CF65">
<createdBy>Benjamin</createdBy>
<createdTime>2025-10-05 23:13:21 UTC</createdTime>
<generatorID>CCF5484F-BEAB-59F5-A688-C898878645DA</generatorID>
<ownerDesignName>mec-im_DB</ownerDesignName>
<useDomainConstraints>false</useDomainConstraints>
<use>1</use>
<logicalDatatype>LOGDT011</logicalDatatype>
<ownDataTypeParameters>,,</ownDataTypeParameters>
<previousColumn>false</previousColumn>
<autoIncrementCycle>false</autoIncrementCycle>
<associations>
<colAssociation fkAssociation="7EF3BAF4-6B00-7E79-A04B-1D1274A3D302" referredColumn="2683241E-BDA4-F2D2-F97D-EF660897A682"/>
</associations>
</Column>
<Column name="costo_estimado" id="F1C9966D-7DFC-586B-5342-224C8C6D0BBE">
<createdBy>Benjamin</createdBy>
<createdTime>2025-10-05 23:13:21 UTC</createdTime>
<generatorID>E8FE554B-6603-45FD-70EC-91F71953EC51</generatorID>
<ownerDesignName>mec-im_DB</ownerDesignName>
<nullsAllowed>true</nullsAllowed>
<useDomainConstraints>false</useDomainConstraints>
<use>1</use>
<logicalDatatype>LOGDT026</logicalDatatype>
<dataTypePrecision>10</dataTypePrecision>
<dataTypeScale>2</dataTypeScale>
<ownDataTypeParameters>,10,2</ownDataTypeParameters>
<autoIncrementCycle>false</autoIncrementCycle>
</Column>
<Column name="costo_real" id="8B039928-1725-DCBA-BB7A-B97E96DCCF0F">
<createdBy>Benjamin</createdBy>
<createdTime>2025-10-05 23:13:21 UTC</createdTime>
<generatorID>261D4A6D-2B8A-D7DF-58C3-352321B4E73B</generatorID>
<ownerDesignName>mec-im_DB</ownerDesignName>
<nullsAllowed>true</nullsAllowed>
<useDomainConstraints>false</useDomainConstraints>
<use>1</use>
<logicalDatatype>LOGDT026</logicalDatatype>
<dataTypePrecision>10</dataTypePrecision>
<dataTypeScale>2</dataTypeScale>
<ownDataTypeParameters>,10,2</ownDataTypeParameters>
<autoIncrementCycle>false</autoIncrementCycle>
</Column>
<Column name="ESTADO_ORDEN_id_estado_orden" id="BF81E016-28C7-90C0-6931-7C27C66A66B3">
<createdBy>Benjamin</createdBy>
<createdTime>2025-10-05 23:13:21 UTC</createdTime>
<generatorID>08861C35-B118-BD83-AB58-D3DCCCD089C9</generatorID>
<ownerDesignName>mec-im_DB</ownerDesignName>
<useDomainConstraints>false</useDomainConstraints>
<use>1</use>
<logicalDatatype>LOGDT011</logicalDatatype>
<ownDataTypeParameters>,,</ownDataTypeParameters>
<previousColumn>false</previousColumn>
<autoIncrementCycle>false</autoIncrementCycle>
<associations>
<colAssociation fkAssociation="D5EFDA55-3FCC-7D75-445D-9294C85E4ACF" referredColumn="91459A5B-7BDD-EE49-736F-6F23D2C7E904"/>
</associations>
</Column>
</columns>
<indexes itemClass="oracle.dbtools.crest.model.design.relational.Index">
<ind_PK_UK id="F4E0734E-EADB-F3AB-1385-9B14F6AEC8DF" name="ORDEN_TRABAJO_PK">
<createdBy>Benjamin</createdBy>
<createdTime>2025-10-04 20:37:56 UTC</createdTime>
<generatorID>A594FDBA-D9D0-D6A1-9029-69F3015EC655</generatorID>
<ownerDesignName>mec-im_DB</ownerDesignName>
<pk>true</pk>
<indexState>Primary Constraint</indexState>
<isSurrogateKey>false</isSurrogateKey>
<indexColumnUsage>
<colUsage columnID="F4C5D57E-BEEE-737C-6BE4-34D962791832"/>
</indexColumnUsage>
</ind_PK_UK>
<ind_PK_UK id="CE327DDC-18E0-C4B9-F99A-2FC5BF1BE096" name="ORDEN_TRABAJO_USUARIO_FK">
<createdBy>Benjamin</createdBy>
<createdTime>2025-10-04 22:46:42 UTC</createdTime>
<generatorID>74D61301-E5B8-3E83-E7E0-3628FF6F9B8D</generatorID>
<ownerDesignName>mec-im_DB</ownerDesignName>
<indexState>Foreign Key</indexState>
<isSurrogateKey>false</isSurrogateKey>
<indexColumnUsage>
<colUsage columnID="504BBDA5-96B9-797B-B8E9-C53CED834848"/>
</indexColumnUsage>
</ind_PK_UK>
<ind_PK_UK id="B68DACA7-BECB-F71E-802F-438980A4FC05" name="ORDEN_TRABAJO_INGRESO_VEHICULO_FK">
<createdBy>Benjamin</createdBy>
<createdTime>2025-10-04 22:46:42 UTC</createdTime>
<generatorID>F4E7463F-D6F7-5143-32B5-E3AA21116520</generatorID>
<ownerDesignName>mec-im_DB</ownerDesignName>
<indexState>Foreign Key</indexState>
<isSurrogateKey>false</isSurrogateKey>
<indexColumnUsage>
<colUsage columnID="E8C1FF32-1D24-1719-418D-5D15390898F2"/>
</indexColumnUsage>
</ind_PK_UK>
<ind_PK_UK id="78A9301A-9D70-5208-EE76-469DC6CC43B3" name="ORDEN_TRABAJO_TIPO_MANTENIMIENTO_FK">
<createdBy>Benjamin</createdBy>
<createdTime>2025-10-05 23:13:21 UTC</createdTime>
<generatorID>D58BAC1A-DDB1-DDC4-AEE1-E51DF0CB8EFE</generatorID>
<ownerDesignName>mec-im_DB</ownerDesignName>
<indexState>Foreign Key</indexState>
<isSurrogateKey>false</isSurrogateKey>
<indexColumnUsage>
<colUsage columnID="4D379460-F979-FECC-93EE-7F2FA3F5CF65"/>
</indexColumnUsage>
</ind_PK_UK>
<ind_PK_UK id="F588093B-91D9-064C-129C-6E7E8C65ADB6" name="ORDEN_TRABAJO_ESTADO_ORDEN_FK">
<createdBy>Benjamin</createdBy>
<createdTime>2025-10-05 23:13:21 UTC</createdTime>
<generatorID>95240235-A080-6C9F-E673-73F3669C8C8F</generatorID>
<ownerDesignName>mec-im_DB</ownerDesignName>
<indexState>Foreign Key</indexState>
<isSurrogateKey>false</isSurrogateKey>
<indexColumnUsage>
<colUsage columnID="BF81E016-28C7-90C0-6931-7C27C66A66B3"/>
</indexColumnUsage>
</ind_PK_UK>
</indexes>
</Table>