<?xml version = '1.0' encoding = 'UTF-8'?>
<Table class="oracle.dbtools.crest.model.design.relational.Table" directorySegmentName="seg_0" id="ED37A084-95A3-99D6-9303-67DE7B3E9172" name="HISTORIAL_USUARIO">
<createdBy>Benjamin</createdBy>
<createdTime>2025-10-05 23:13:21 UTC</createdTime>
<generatorID>58EC58B3-4B30-DF20-F8C6-F92B8B057AEF</generatorID>
<ownerDesignName>mec-im_DB</ownerDesignName>
<allowColumnReorder>false</allowColumnReorder>
<existDependencyGenerateInDDl>true</existDependencyGenerateInDDl>
<parsed>true</parsed>
<columns itemClass="oracle.dbtools.crest.model.design.relational.Column">
<Column name="id_accion" id="2D36FBD7-052C-3A26-4254-45FE85B7DCC0">
<createdBy>Benjamin</createdBy>
<createdTime>2025-10-05 23:13:21 UTC</createdTime>
<generatorID>CD9EF2E9-2CEA-ED6D-563B-474ABC4731A9</generatorID>
<ownerDesignName>mec-im_DB</ownerDesignName>
<useDomainConstraints>false</useDomainConstraints>
<use>1</use>
<logicalDatatype>LOGDT011</logicalDatatype>
<ownDataTypeParameters>,,</ownDataTypeParameters>
<autoIncrementCycle>false</autoIncrementCycle>
</Column>
<Column name="fecha_modificacion" id="F9B49182-B86B-2039-A7F0-C00F235E0797">
<createdBy>Benjamin</createdBy>
<createdTime>2025-10-05 23:13:21 UTC</createdTime>
<generatorID>78DD6061-EF24-4F1C-531B-9705C32B1AB0</generatorID>
<ownerDesignName>mec-im_DB</ownerDesignName>
<useDomainConstraints>false</useDomainConstraints>
<use>1</use>
<logicalDatatype>LOGDT015</logicalDatatype>
<ownDataTypeParameters>,,</ownDataTypeParameters>
<autoIncrementCycle>false</autoIncrementCycle>
</Column>
<Column name="cambios" id="94E0AFFF-EE18-9DA9-96DC-F7B562A57F49">
<createdBy>Benjamin</createdBy>
<createdTime>2025-10-05 23:13:21 UTC</createdTime>
<generatorID>8A4B3B36-E9B6-AB45-84A5-EB581AFFE160</generatorID>
<ownerDesignName>mec-im_DB</ownerDesignName>
<useDomainConstraints>false</useDomainConstraints>
<use>1</use>
<logicalDatatype>LOGDT040</logicalDatatype>
<ownDataTypeParameters>,,</ownDataTypeParameters>
<autoIncrementCycle>false</autoIncrementCycle>
</Column>
<Column name="USUARIO_id_usuario" id="60EC633E-BF50-5AC9-A824-E250F4D42142">
<createdBy>Benjamin</createdBy>
<createdTime>2025-10-05 23:13:21 UTC</createdTime>
<generatorID>C04C05D2-152D-449E-0E68-18207FD2072C</generatorID>
<ownerDesignName>mec-im_DB</ownerDesignName>
<useDomainConstraints>false</useDomainConstraints>
<use>1</use>
<logicalDatatype>LOGDT011</logicalDatatype>
<ownDataTypeParameters>,,</ownDataTypeParameters>
<previousColumn>false</previousColumn>
<autoIncrementCycle>false</autoIncrementCycle>
<associations>
<colAssociation fkAssociation="D24548AF-36D1-6CB3-8973-0501FFD00E39" referredColumn="126971ED-B636-70D8-C3F2-442C9D12C85F"/>
</associations>
</Column>
</columns>
<indexes itemClass="oracle.dbtools.crest.model.design.relational.Index">
<ind_PK_UK id="DBEC0D40-6E19-E460-60F8-57BFEECD3537" name="Historial_usuario_PK">
<createdBy>Benjamin</createdBy>
<createdTime>2025-10-05 23:13:21 UTC</createdTime>
<generatorID>BE83DF8A-CF1A-22E3-5710-4445F783743E</generatorID>
<ownerDesignName>mec-im_DB</ownerDesignName>
<pk>true</pk>
<indexState>Primary Constraint</indexState>
<isSurrogateKey>false</isSurrogateKey>
<indexColumnUsage>
<colUsage columnID="2D36FBD7-052C-3A26-4254-45FE85B7DCC0"/>
</indexColumnUsage>
</ind_PK_UK>
<ind_PK_UK id="8D13EE7F-FEF0-F918-9530-F447289B3B94" name="Historial_usuario_USUARIO_FK">
<createdBy>Benjamin</createdBy>
<createdTime>2025-10-05 23:13:21 UTC</createdTime>
<generatorID>BBE3F655-1636-8764-6B65-ED20E0C362F6</generatorID>
<ownerDesignName>mec-im_DB</ownerDesignName>
<indexState>Foreign Key</indexState>
<isSurrogateKey>false</isSurrogateKey>
<indexColumnUsage>
<colUsage columnID="60EC633E-BF50-5AC9-A824-E250F4D42142"/>
</indexColumnUsage>
</ind_PK_UK>
</indexes>
</Table>