<?xml version = '1.0' encoding = 'UTF-8'?>
<Table class="oracle.dbtools.crest.model.design.relational.Table" directorySegmentName="seg_0" id="EDD340F3-AA1E-CCAE-D70D-8D5218B313B8" name="REPORTES_GENERADOS">
<createdBy>Benjamin</createdBy>
<createdTime>2025-10-05 23:13:21 UTC</createdTime>
<generatorID>A97F6C52-F500-538A-68D6-BF8685A9E62E</generatorID>
<ownerDesignName>mec-im_DB</ownerDesignName>
<allowColumnReorder>false</allowColumnReorder>
<existDependencyGenerateInDDl>true</existDependencyGenerateInDDl>
<parsed>true</parsed>
<columns itemClass="oracle.dbtools.crest.model.design.relational.Column">
<Column name="id_reporte" id="81DE1E16-E752-0368-9770-ADBD6F6ABB37">
<createdBy>Benjamin</createdBy>
<createdTime>2025-10-05 23:13:21 UTC</createdTime>
<generatorID>D20E0124-A50D-61B6-3C6E-FCCB31B0CAEA</generatorID>
<ownerDesignName>mec-im_DB</ownerDesignName>
<useDomainConstraints>false</useDomainConstraints>
<use>1</use>
<logicalDatatype>LOGDT011</logicalDatatype>
<ownDataTypeParameters>,,</ownDataTypeParameters>
<autoIncrementCycle>false</autoIncrementCycle>
</Column>
<Column name="nombre_reporte" id="301E47AF-2ECA-64D3-65E7-7C23C9D5F115">
<createdBy>Benjamin</createdBy>
<createdTime>2025-10-05 23:13:21 UTC</createdTime>
<generatorID>DBF8FBDF-CA39-785A-3944-283E89BA6331</generatorID>
<ownerDesignName>mec-im_DB</ownerDesignName>
<useDomainConstraints>false</useDomainConstraints>
<use>1</use>
<logicalDatatype>LOGDT024</logicalDatatype>
<dataTypeSize>150 CHAR</dataTypeSize>
<ownDataTypeParameters>150 CHAR,,</ownDataTypeParameters>
<autoIncrementCycle>false</autoIncrementCycle>
</Column>
<Column name="parametros" id="2EE112F4-A387-1B77-7033-3E6D335A8ABC">
<createdBy>Benjamin</createdBy>
<createdTime>2025-10-05 23:13:21 UTC</createdTime>
<generatorID>691AA827-F3A5-8C67-B5CD-B3497CC30F92</generatorID>
<ownerDesignName>mec-im_DB</ownerDesignName>
<useDomainConstraints>false</useDomainConstraints>
<use>1</use>
<logicalDatatype>47823B89-BECE-2D4A-B641-EE3BE6149078</logicalDatatype>
<ownDataTypeParameters>,,</ownDataTypeParameters>
<autoIncrementCycle>false</autoIncrementCycle>
</Column>
<Column name="fecha_generacion" id="73739F36-AFAC-73FB-EF07-722D26137BA8">
<createdBy>Benjamin</createdBy>
<createdTime>2025-10-05 23:13:21 UTC</createdTime>
<generatorID>1B63ACDD-EE59-8B19-C8F5-53124C0543F0</generatorID>
<ownerDesignName>mec-im_DB</ownerDesignName>
<useDomainConstraints>false</useDomainConstraints>
<use>1</use>
<logicalDatatype>LOGDT015</logicalDatatype>
<dataTypePrecision>3</dataTypePrecision>
<ownDataTypeParameters>,3,</ownDataTypeParameters>
<autoIncrementCycle>false</autoIncrementCycle>
</Column>
<Column name="ruta_archivo" id="3E07C6FD-4B2D-76BA-3382-6C37F8D60D98">
<createdBy>Benjamin</createdBy>
<createdTime>2025-10-05 23:13:21 UTC</createdTime>
<generatorID>A0921E2A-F15E-7812-E4B5-57086E1D225D</generatorID>
<ownerDesignName>mec-im_DB</ownerDesignName>
<useDomainConstraints>false</useDomainConstraints>
<use>1</use>
<logicalDatatype>LOGDT024</logicalDatatype>
<dataTypeSize>255 CHAR</dataTypeSize>
<ownDataTypeParameters>255 CHAR,,</ownDataTypeParameters>
<autoIncrementCycle>false</autoIncrementCycle>
</Column>
<Column name="USUARIO_id_usuario" id="3FE12311-4FCF-8D03-32EA-A34A62F781E1">
<createdBy>Benjamin</createdBy>
<createdTime>2025-10-05 23:13:21 UTC</createdTime>
<generatorID>B16AC109-C83F-DBCD-7996-F189D63BE2AB</generatorID>
<ownerDesignName>mec-im_DB</ownerDesignName>
<useDomainConstraints>false</useDomainConstraints>
<use>1</use>
<logicalDatatype>LOGDT011</logicalDatatype>
<ownDataTypeParameters>,,</ownDataTypeParameters>
<previousColumn>false</previousColumn>
<autoIncrementCycle>false</autoIncrementCycle>
<associations>
<colAssociation fkAssociation="2F48F1DD-A39B-B4CF-FB0F-FE037734E3EE" referredColumn="126971ED-B636-70D8-C3F2-442C9D12C85F"/>
</associations>
</Column>
<Column name="TIPO_REPORTE_id_tipo" id="18E1D56C-8E19-3548-7E2E-09F915DFCF38">
<createdBy>Benjamin</createdBy>
<createdTime>2025-10-05 23:13:21 UTC</createdTime>
<generatorID>4DA8FF8C-02F7-EA71-CCAE-7455BD4CC835</generatorID>
<ownerDesignName>mec-im_DB</ownerDesignName>
<useDomainConstraints>false</useDomainConstraints>
<use>1</use>
<logicalDatatype>LOGDT011</logicalDatatype>
<ownDataTypeParameters>,,</ownDataTypeParameters>
<previousColumn>false</previousColumn>
<autoIncrementCycle>false</autoIncrementCycle>
<associations>
<colAssociation fkAssociation="EB79BFDD-3A6E-18FC-479E-0510ABC38BD2" referredColumn="231DEB17-2B56-4BAD-AB2E-A06F1AE17867"/>
</associations>
</Column>
<Column name="FORMATO_REPORTE_id_formato_reporte" id="39953176-0FDD-EBC6-D095-CDCBB97CC0D5">
<createdBy>Benjamin</createdBy>
<createdTime>2025-10-05 23:13:21 UTC</createdTime>
<generatorID>6AE00CF3-33F9-69B5-8C15-02EB1F809B9E</generatorID>
<ownerDesignName>mec-im_DB</ownerDesignName>
<useDomainConstraints>false</useDomainConstraints>
<use>1</use>
<logicalDatatype>LOGDT011</logicalDatatype>
<ownDataTypeParameters>,,</ownDataTypeParameters>
<previousColumn>false</previousColumn>
<autoIncrementCycle>false</autoIncrementCycle>
<associations>
<colAssociation fkAssociation="1B84C168-66C4-8A35-403E-6215A40F062C" referredColumn="D8009C6B-4D84-8DD3-8272-5FDFBE1B7D6F"/>
</associations>
</Column>
</columns>
<indexes itemClass="oracle.dbtools.crest.model.design.relational.Index">
<ind_PK_UK id="2F7F3BBC-5E9F-E85B-9667-6C94F9D28F54" name="REPORTES_GENERADOS_PK">
<createdBy>Benjamin</createdBy>
<createdTime>2025-10-05 23:13:21 UTC</createdTime>
<generatorID>8D90B640-9CC4-05D6-8A17-382BAA2F7C31</generatorID>
<ownerDesignName>mec-im_DB</ownerDesignName>
<pk>true</pk>
<indexState>Primary Constraint</indexState>
<isSurrogateKey>false</isSurrogateKey>
<indexColumnUsage>
<colUsage columnID="81DE1E16-E752-0368-9770-ADBD6F6ABB37"/>
</indexColumnUsage>
</ind_PK_UK>
<ind_PK_UK id="FF8CF1FE-7782-67D9-506A-8ED0C6C69ED3" name="REPORTES_GENERADOS_USUARIO_FK">
<createdBy>Benjamin</createdBy>
<createdTime>2025-10-05 23:13:21 UTC</createdTime>
<generatorID>406EC9AD-E813-0A82-C384-A216C4E8C4E5</generatorID>
<ownerDesignName>mec-im_DB</ownerDesignName>
<indexState>Foreign Key</indexState>
<isSurrogateKey>false</isSurrogateKey>
<indexColumnUsage>
<colUsage columnID="3FE12311-4FCF-8D03-32EA-A34A62F781E1"/>
</indexColumnUsage>
</ind_PK_UK>
<ind_PK_UK id="20E7531F-7FA9-07DF-92E0-DB84979E6648" name="REPORTES_GENERADOS_TIPO_REPORTE_FK">
<createdBy>Benjamin</createdBy>
<createdTime>2025-10-05 23:13:21 UTC</createdTime>
<generatorID>C9BE4952-2C57-0370-C2D4-C31D036C24BB</generatorID>
<ownerDesignName>mec-im_DB</ownerDesignName>
<indexState>Foreign Key</indexState>
<isSurrogateKey>false</isSurrogateKey>
<indexColumnUsage>
<colUsage columnID="18E1D56C-8E19-3548-7E2E-09F915DFCF38"/>
</indexColumnUsage>
</ind_PK_UK>
<ind_PK_UK id="BE90B973-A625-D423-8151-63057E216C52" name="REPORTES_GENERADOS_FORMATO_REPORTE_FK">
<createdBy>Benjamin</createdBy>
<createdTime>2025-10-05 23:13:21 UTC</createdTime>
<generatorID>C02B6ADD-7E5C-3BB8-3930-3288E7CC91FD</generatorID>
<ownerDesignName>mec-im_DB</ownerDesignName>
<indexState>Foreign Key</indexState>
<isSurrogateKey>false</isSurrogateKey>
<indexColumnUsage>
<colUsage columnID="39953176-0FDD-EBC6-D095-CDCBB97CC0D5"/>
</indexColumnUsage>
</ind_PK_UK>
</indexes>
</Table>