<?xml version = '1.0' encoding = 'UTF-8'?>
<Entity class="oracle.dbtools.crest.model.design.logical.Entity" directorySegmentName="seg_0" id="15EBD628-2733-B70F-BA00-9DA83A2BA4D4" name="EVIDENCIA_INGRESO">
<createdBy>Benjamin</createdBy>
<createdTime>2025-10-04 03:02:36 UTC</createdTime>
<ownerDesignName>mec-im_DB</ownerDesignName>
<engineerTo>
<item key="B1AF5C42-AEDA-4144-D974-4A3982245D0E" value="true"/>
</engineerTo>
<adequatelyNormalized>NO</adequatelyNormalized>
<expectedVolumes>0</expectedVolumes>
<fwdEngineeringStrategyName>Single Table</fwdEngineeringStrategyName>
<growthPercent>0</growthPercent>
<growthType>Year</growthType>
<maxVolumes>9999999</maxVolumes>
<minVolumes>0</minVolumes>
<normalForm>Third</normalForm>
<attributes itemClass="oracle.dbtools.crest.model.design.logical.Attribute">
<Attribute name="id_evidencia" id="BD655DA4-5330-B39B-F8CE-18EB39A828C6">
<createdBy>Benjamin</createdBy>
<createdTime>2025-10-04 03:02:46 UTC</createdTime>
<ownerDesignName>mec-im_DB</ownerDesignName>
<engineerTo>
<item key="B1AF5C42-AEDA-4144-D974-4A3982245D0E" value="true"/>
</engineerTo>
<useDomainConstraints>false</useDomainConstraints>
<use>1</use>
<logicalDatatype>LOGDT011</logicalDatatype>
<ownDataTypeParameters>,,</ownDataTypeParameters>
</Attribute>
<Attribute name="tipo_evidencia" id="A1C9CCC3-9C6C-24B4-E9E6-63887D4E2FE5">
<createdBy>Benjamin</createdBy>
<createdTime>2025-10-04 03:03:57 UTC</createdTime>
<ownerDesignName>mec-im_DB</ownerDesignName>
<engineerTo>
<item key="B1AF5C42-AEDA-4144-D974-4A3982245D0E" value="true"/>
</engineerTo>
<useDomainConstraints>false</useDomainConstraints>
<use>1</use>
<logicalDatatype>LOGDT024</logicalDatatype>
<dataTypeSize>25 CHAR</dataTypeSize>
<ownDataTypeParameters>25 CHAR,,</ownDataTypeParameters>
</Attribute>
<Attribute name="ruta_archivo" id="F25A49D4-3BE6-925C-7D7E-B598B277E943">
<createdBy>Benjamin</createdBy>
<createdTime>2025-10-04 03:04:20 UTC</createdTime>
<ownerDesignName>mec-im_DB</ownerDesignName>
<engineerTo>
<item key="B1AF5C42-AEDA-4144-D974-4A3982245D0E" value="true"/>
</engineerTo>
<useDomainConstraints>false</useDomainConstraints>
<use>1</use>
<logicalDatatype>LOGDT024</logicalDatatype>
<dataTypeSize>255 CHAR</dataTypeSize>
<ownDataTypeParameters>255 CHAR,,</ownDataTypeParameters>
</Attribute>
<Attribute name="descripcion" id="FE4B5712-F4A0-C0FD-0E43-295B9B5C2506">
<createdBy>Benjamin</createdBy>
<createdTime>2025-10-04 03:04:47 UTC</createdTime>
<ownerDesignName>mec-im_DB</ownerDesignName>
<engineerTo>
<item key="B1AF5C42-AEDA-4144-D974-4A3982245D0E" value="true"/>
</engineerTo>
<useDomainConstraints>false</useDomainConstraints>
<use>1</use>
<logicalDatatype>LOGDT040</logicalDatatype>
<ownDataTypeParameters>,,</ownDataTypeParameters>
</Attribute>
<Attribute name="fecha_subida" id="F9860C6E-CC12-CC91-C707-578879DEC47F">
<createdBy>Benjamin</createdBy>
<createdTime>2025-10-04 03:05:04 UTC</createdTime>
<ownerDesignName>mec-im_DB</ownerDesignName>
<engineerTo>
<item key="B1AF5C42-AEDA-4144-D974-4A3982245D0E" value="true"/>
</engineerTo>
<useDomainConstraints>false</useDomainConstraints>
<use>1</use>
<logicalDatatype>LOGDT015</logicalDatatype>
<ownDataTypeParameters>,,</ownDataTypeParameters>
</Attribute>
<Attribute name="id_ingreso" id="6979F12D-FA0F-7512-1DA3-9130CEF1314E">
<createdBy>Benjamin</createdBy>
<createdTime>2025-10-04 22:10:04 UTC</createdTime>
<generatorID>6360F148-3E20-56AB-A3C1-024313737F23</generatorID>
<ownerDesignName>mec-im_DB</ownerDesignName>
<engineerTo>
<item key="B1AF5C42-AEDA-4144-D974-4A3982245D0E" value="true"/>
</engineerTo>
<referedAttribute>ECA7AD1B-0959-53F5-1D88-1106A03A3849</referedAttribute>
<useDomainConstraints>false</useDomainConstraints>
<use>1</use>
<logicalDatatype>LOGDT011</logicalDatatype>
<ownDataTypeParameters>,,</ownDataTypeParameters>
</Attribute>
<Attribute name="id_tipo" id="256CE95E-B3E7-4D9C-CC52-76CC834F58C8">
<createdBy>Benjamin</createdBy>
<createdTime>2025-10-05 17:55:51 UTC</createdTime>
<generatorID>9231AE39-1642-4986-44D3-79A98055F63C</generatorID>
<ownerDesignName>mec-im_DB</ownerDesignName>
<engineerTo>
<item key="B1AF5C42-AEDA-4144-D974-4A3982245D0E" value="true"/>
</engineerTo>
<referedAttribute>E45B8AFA-564F-6C8B-E54B-1D8E7818C670</referedAttribute>
<useDomainConstraints>false</useDomainConstraints>
<use>1</use>
<logicalDatatype>LOGDT011</logicalDatatype>
<ownDataTypeParameters>,,</ownDataTypeParameters>
</Attribute>
<Attribute name="id_angulo" id="34FA110D-4712-C975-F5AC-406A33962E60">
<createdBy>Benjamin</createdBy>
<createdTime>2025-10-05 17:58:24 UTC</createdTime>
<generatorID>F16A95CE-B780-1D1A-699F-ED2C0EBCF48C</generatorID>
<ownerDesignName>mec-im_DB</ownerDesignName>
<engineerTo>
<item key="B1AF5C42-AEDA-4144-D974-4A3982245D0E" value="true"/>
</engineerTo>
<referedAttribute>59CBAE77-9420-AFC1-78C2-13556E54E63C</referedAttribute>
<useDomainConstraints>false</useDomainConstraints>
<use>1</use>
<logicalDatatype>LOGDT011</logicalDatatype>
<ownDataTypeParameters>,,</ownDataTypeParameters>
</Attribute>
</attributes>
<identifiers itemClass="oracle.dbtools.crest.model.design.logical.CandidateKey">
<identifier id="CA18D146-8BB4-A143-615D-F7F0294378C7" name="evidencias_ingreso PK">
<createdBy>Benjamin</createdBy>
<createdTime>2025-10-04 03:02:54 UTC</createdTime>
<ownerDesignName>mec-im_DB</ownerDesignName>
<engineerTo>
<item key="B1AF5C42-AEDA-4144-D974-4A3982245D0E" value="true"/>
</engineerTo>
<pk>true</pk>
<usedAttributes>
<attributeRef>BD655DA4-5330-B39B-F8CE-18EB39A828C6</attributeRef>
</usedAttributes>
</identifier>
</identifiers>
</Entity>