<?xml version = '1.0' encoding = 'UTF-8'?>
<Entity class="oracle.dbtools.crest.model.design.logical.Entity" directorySegmentName="seg_0" id="18FA1D46-81BB-9D5E-F4D1-5C336852B331" name="CAMION_BACKUP">
<createdBy>Benjamin</createdBy>
<createdTime>2025-10-04 22:23:01 UTC</createdTime>
<ownerDesignName>mec-im_DB</ownerDesignName>
<engineerTo>
<item key="B1AF5C42-AEDA-4144-D974-4A3982245D0E" value="true"/>
</engineerTo>
<adequatelyNormalized>NO</adequatelyNormalized>
<expectedVolumes>0</expectedVolumes>
<fwdEngineeringStrategyName>Single Table</fwdEngineeringStrategyName>
<growthPercent>0</growthPercent>
<growthType>Year</growthType>
<maxVolumes>9999999</maxVolumes>
<minVolumes>0</minVolumes>
<normalForm>Third</normalForm>
<attributes itemClass="oracle.dbtools.crest.model.design.logical.Attribute">
<Attribute name="id_backup" id="FC0AE118-F2F9-3EAE-9CB8-2C704A85CA09">
<createdBy>Benjamin</createdBy>
<createdTime>2025-10-04 22:23:22 UTC</createdTime>
<ownerDesignName>mec-im_DB</ownerDesignName>
<engineerTo>
<item key="B1AF5C42-AEDA-4144-D974-4A3982245D0E" value="true"/>
</engineerTo>
<useDomainConstraints>false</useDomainConstraints>
<use>1</use>
<logicalDatatype>LOGDT011</logicalDatatype>
<ownDataTypeParameters>,,</ownDataTypeParameters>
</Attribute>
<Attribute name="fecha_disponibilidad" id="32140843-BBF8-8D45-5B79-DAF3F4C8F5BE">
<createdBy>Benjamin</createdBy>
<createdTime>2025-10-04 22:25:56 UTC</createdTime>
<ownerDesignName>mec-im_DB</ownerDesignName>
<engineerTo>
<item key="B1AF5C42-AEDA-4144-D974-4A3982245D0E" value="true"/>
</engineerTo>
<useDomainConstraints>false</useDomainConstraints>
<use>1</use>
<logicalDatatype>LOGDT007</logicalDatatype>
<ownDataTypeParameters>,,</ownDataTypeParameters>
</Attribute>
<Attribute name="estado_disponibilidad" id="DC83DB16-1BA1-BA43-6633-0B6D805808A8">
<createdBy>Benjamin</createdBy>
<createdTime>2025-10-04 22:26:24 UTC</createdTime>
<ownerDesignName>mec-im_DB</ownerDesignName>
<engineerTo>
<item key="B1AF5C42-AEDA-4144-D974-4A3982245D0E" value="true"/>
</engineerTo>
<useDomainConstraints>false</useDomainConstraints>
<use>1</use>
<logicalDatatype>LOGDT024</logicalDatatype>
<dataTypeSize>35 CHAR</dataTypeSize>
<ownDataTypeParameters>35 CHAR,,</ownDataTypeParameters>
</Attribute>
<Attribute name="fecha_asignacion" id="269F45B4-89EE-8FFF-C7F0-B9531BDC7D19">
<createdBy>Benjamin</createdBy>
<createdTime>2025-10-04 22:26:49 UTC</createdTime>
<ownerDesignName>mec-im_DB</ownerDesignName>
<engineerTo>
<item key="B1AF5C42-AEDA-4144-D974-4A3982245D0E" value="true"/>
</engineerTo>
<useDomainConstraints>false</useDomainConstraints>
<use>1</use>
<logicalDatatype>LOGDT008</logicalDatatype>
<ownDataTypeParameters>,,</ownDataTypeParameters>
</Attribute>
<Attribute name="fecha_liberacion" id="2D1CC7FA-612F-B9A9-75B4-296E9A14DA6A">
<createdBy>Benjamin</createdBy>
<createdTime>2025-10-04 22:27:25 UTC</createdTime>
<ownerDesignName>mec-im_DB</ownerDesignName>
<engineerTo>
<item key="B1AF5C42-AEDA-4144-D974-4A3982245D0E" value="true"/>
</engineerTo>
<useDomainConstraints>false</useDomainConstraints>
<use>1</use>
<logicalDatatype>LOGDT008</logicalDatatype>
<ownDataTypeParameters>,,</ownDataTypeParameters>
</Attribute>
<Attribute name="observaciones" id="F2FF808C-F196-BE51-86EE-FA41CE36471B">
<createdBy>Benjamin</createdBy>
<createdTime>2025-10-04 22:27:42 UTC</createdTime>
<ownerDesignName>mec-im_DB</ownerDesignName>
<engineerTo>
<item key="B1AF5C42-AEDA-4144-D974-4A3982245D0E" value="true"/>
</engineerTo>
<useDomainConstraints>false</useDomainConstraints>
<use>1</use>
<logicalDatatype>LOGDT040</logicalDatatype>
<ownDataTypeParameters>,,</ownDataTypeParameters>
</Attribute>
<Attribute name="id_vehiculo1" id="B1E3CE26-67D0-4F02-F291-277F8406A1BB">
<createdBy>Benjamin</createdBy>
<createdTime>2025-10-04 22:28:57 UTC</createdTime>
<generatorID>A08DF181-8963-5B73-BBEE-96E282B0CACA</generatorID>
<ownerDesignName>mec-im_DB</ownerDesignName>
<engineerTo>
<item key="B1AF5C42-AEDA-4144-D974-4A3982245D0E" value="true"/>
</engineerTo>
<referedAttribute>EF0C5177-EC74-FE7B-C58E-934BFAA04248</referedAttribute>
<useDomainConstraints>false</useDomainConstraints>
<use>1</use>
<logicalDatatype>LOGDT011</logicalDatatype>
<ownDataTypeParameters>,,</ownDataTypeParameters>
</Attribute>
<Attribute name="id_usuario" id="DFA03C03-0A22-D1C3-ED3C-7C6E39FC9076">
<createdBy>Benjamin</createdBy>
<createdTime>2025-10-05 22:09:11 UTC</createdTime>
<generatorID>896FBDE5-854A-BBF8-A994-777C4067DA21</generatorID>
<ownerDesignName>mec-im_DB</ownerDesignName>
<engineerTo>
<item key="B1AF5C42-AEDA-4144-D974-4A3982245D0E" value="true"/>
</engineerTo>
<referedAttribute>5A0E677D-EB50-13ED-F7B4-52E194718208</referedAttribute>
<useDomainConstraints>false</useDomainConstraints>
<use>1</use>
<logicalDatatype>LOGDT011</logicalDatatype>
<ownDataTypeParameters>,,</ownDataTypeParameters>
</Attribute>
<Attribute name="id_disponibilidad" id="3E61C59F-3C25-C508-DEFC-7A6A7230FF74">
<createdBy>Benjamin</createdBy>
<createdTime>2025-10-05 22:38:17 UTC</createdTime>
<generatorID>5BCE70B0-A682-3370-4F85-01B4F213AE53</generatorID>
<ownerDesignName>mec-im_DB</ownerDesignName>
<engineerTo>
<item key="B1AF5C42-AEDA-4144-D974-4A3982245D0E" value="true"/>
</engineerTo>
<referedAttribute>BCEFE2E2-7623-4473-40A1-C2E0BFF0C8C7</referedAttribute>
<useDomainConstraints>false</useDomainConstraints>
<use>1</use>
<logicalDatatype>LOGDT011</logicalDatatype>
<ownDataTypeParameters>,,</ownDataTypeParameters>
</Attribute>
<Attribute name="kilometraje_asignacion" id="66FC7797-9B46-5B73-29F4-926097C4D87D">
<createdBy>Benjamin</createdBy>
<createdTime>2025-10-05 22:38:35 UTC</createdTime>
<ownerDesignName>mec-im_DB</ownerDesignName>
<engineerTo>
<item key="B1AF5C42-AEDA-4144-D974-4A3982245D0E" value="true"/>
</engineerTo>
<useDomainConstraints>false</useDomainConstraints>
<use>1</use>
<logicalDatatype>LOGDT011</logicalDatatype>
<ownDataTypeParameters>,,</ownDataTypeParameters>
</Attribute>
<Attribute name="kilometraje_devolucion" id="CE237E17-EC3E-5311-CEFB-802D7A9FD98C">
<createdBy>Benjamin</createdBy>
<createdTime>2025-10-05 22:39:02 UTC</createdTime>
<ownerDesignName>mec-im_DB</ownerDesignName>
<engineerTo>
<item key="B1AF5C42-AEDA-4144-D974-4A3982245D0E" value="true"/>
</engineerTo>
<useDomainConstraints>false</useDomainConstraints>
<use>1</use>
<logicalDatatype>LOGDT011</logicalDatatype>
<ownDataTypeParameters>,,</ownDataTypeParameters>
</Attribute>
<Attribute name="documento_compromiso" id="8704571F-78AB-55D1-B521-92B6062D1C99">
<createdBy>Benjamin</createdBy>
<createdTime>2025-10-05 22:39:25 UTC</createdTime>
<ownerDesignName>mec-im_DB</ownerDesignName>
<engineerTo>
<item key="B1AF5C42-AEDA-4144-D974-4A3982245D0E" value="true"/>
</engineerTo>
<useDomainConstraints>false</useDomainConstraints>
<use>1</use>
<logicalDatatype>LOGDT024</logicalDatatype>
<dataTypeSize>255 CHAR</dataTypeSize>
<ownDataTypeParameters>255 CHAR,,</ownDataTypeParameters>
</Attribute>
</attributes>
<identifiers itemClass="oracle.dbtools.crest.model.design.logical.CandidateKey">
<identifier id="F19FDBF4-5880-A5E9-7DA0-82584DADE5FD" name="CAMION_BACKUP PK">
<createdBy>Benjamin</createdBy>
<createdTime>2025-10-04 22:23:33 UTC</createdTime>
<ownerDesignName>mec-im_DB</ownerDesignName>
<engineerTo>
<item key="B1AF5C42-AEDA-4144-D974-4A3982245D0E" value="true"/>
</engineerTo>
<pk>true</pk>
<usedAttributes>
<attributeRef>FC0AE118-F2F9-3EAE-9CB8-2C704A85CA09</attributeRef>
</usedAttributes>
</identifier>
</identifiers>
</Entity>