<?xml version = '1.0' encoding = 'UTF-8'?>
<Entity class="oracle.dbtools.crest.model.design.logical.Entity" directorySegmentName="seg_0" id="27A32F6A-C594-FB8E-AE85-36A126099875" name="MOVIMIENTO_INTENTARIO">
<createdBy>Benjamin</createdBy>
<createdTime>2025-10-04 21:42:14 UTC</createdTime>
<ownerDesignName>mec-im_DB</ownerDesignName>
<engineerTo>
<item key="B1AF5C42-AEDA-4144-D974-4A3982245D0E" value="true"/>
</engineerTo>
<adequatelyNormalized>NO</adequatelyNormalized>
<expectedVolumes>0</expectedVolumes>
<fwdEngineeringStrategyName>Single Table</fwdEngineeringStrategyName>
<growthPercent>0</growthPercent>
<growthType>Year</growthType>
<maxVolumes>9999999</maxVolumes>
<minVolumes>0</minVolumes>
<normalForm>Third</normalForm>
<attributes itemClass="oracle.dbtools.crest.model.design.logical.Attribute">
<Attribute name="id_movimiento " id="D58E9186-E4A7-709F-78FD-CD8386A9395D">
<createdBy>Benjamin</createdBy>
<createdTime>2025-10-04 21:46:00 UTC</createdTime>
<ownerDesignName>mec-im_DB</ownerDesignName>
<engineerTo>
<item key="B1AF5C42-AEDA-4144-D974-4A3982245D0E" value="true"/>
</engineerTo>
<useDomainConstraints>false</useDomainConstraints>
<use>1</use>
<logicalDatatype>LOGDT011</logicalDatatype>
<ownDataTypeParameters>,,</ownDataTypeParameters>
</Attribute>
<Attribute name="motivo" id="81CE7361-0AE8-43F1-B634-AB021807095F">
<createdBy>Benjamin</createdBy>
<createdTime>2025-10-04 21:50:07 UTC</createdTime>
<ownerDesignName>mec-im_DB</ownerDesignName>
<engineerTo>
<item key="B1AF5C42-AEDA-4144-D974-4A3982245D0E" value="true"/>
</engineerTo>
<useDomainConstraints>false</useDomainConstraints>
<use>1</use>
<logicalDatatype>LOGDT040</logicalDatatype>
<ownDataTypeParameters>,,</ownDataTypeParameters>
</Attribute>
<Attribute name="fecha_movimiento" id="B7B1F582-BD53-4987-A042-B7AE711DEC86">
<createdBy>Benjamin</createdBy>
<createdTime>2025-10-04 21:50:57 UTC</createdTime>
<ownerDesignName>mec-im_DB</ownerDesignName>
<engineerTo>
<item key="B1AF5C42-AEDA-4144-D974-4A3982245D0E" value="true"/>
</engineerTo>
<useDomainConstraints>false</useDomainConstraints>
<use>1</use>
<logicalDatatype>LOGDT015</logicalDatatype>
<ownDataTypeParameters>,,</ownDataTypeParameters>
</Attribute>
<Attribute name="stock_anterior" id="D6A523C6-BA01-4696-D154-FBADE5D45B7E">
<createdBy>Benjamin</createdBy>
<createdTime>2025-10-05 19:52:39 UTC</createdTime>
<ownerDesignName>mec-im_DB</ownerDesignName>
<engineerTo>
<item key="B1AF5C42-AEDA-4144-D974-4A3982245D0E" value="true"/>
</engineerTo>
<useDomainConstraints>false</useDomainConstraints>
<use>1</use>
<logicalDatatype>LOGDT011</logicalDatatype>
<ownDataTypeParameters>,,</ownDataTypeParameters>
</Attribute>
<Attribute name="stock_posterior" id="A5CD7AA5-DE46-9CB6-2545-75A4957371DE">
<createdBy>Benjamin</createdBy>
<createdTime>2025-10-05 19:53:00 UTC</createdTime>
<ownerDesignName>mec-im_DB</ownerDesignName>
<engineerTo>
<item key="B1AF5C42-AEDA-4144-D974-4A3982245D0E" value="true"/>
</engineerTo>
<useDomainConstraints>false</useDomainConstraints>
<use>1</use>
<logicalDatatype>LOGDT011</logicalDatatype>
<ownDataTypeParameters>,,</ownDataTypeParameters>
</Attribute>
<Attribute name="id_repuesto" id="326BEEE6-D1A6-249B-D675-7FE4FF5E1853">
<createdBy>Benjamin</createdBy>
<createdTime>2025-10-05 19:52:15 UTC</createdTime>
<generatorID>1EE5213A-B12D-71C7-E955-42E7CFC33A33</generatorID>
<ownerDesignName>mec-im_DB</ownerDesignName>
<engineerTo>
<item key="B1AF5C42-AEDA-4144-D974-4A3982245D0E" value="true"/>
</engineerTo>
<referedAttribute>A8069424-14D3-DFEA-7F0A-E7A829270889</referedAttribute>
<useDomainConstraints>false</useDomainConstraints>
<use>1</use>
<logicalDatatype>LOGDT011</logicalDatatype>
<ownDataTypeParameters>,,</ownDataTypeParameters>
</Attribute>
<Attribute name="documento_referencia" id="C7E13230-0DCA-98F7-A277-B4B73DDBA3E5">
<createdBy>Benjamin</createdBy>
<createdTime>2025-10-05 19:53:46 UTC</createdTime>
<ownerDesignName>mec-im_DB</ownerDesignName>
<engineerTo>
<item key="B1AF5C42-AEDA-4144-D974-4A3982245D0E" value="true"/>
</engineerTo>
<nullsAllowed>true</nullsAllowed>
<useDomainConstraints>false</useDomainConstraints>
<use>1</use>
<logicalDatatype>LOGDT024</logicalDatatype>
<dataTypeSize>100 CHAR</dataTypeSize>
<ownDataTypeParameters>100 CHAR,,</ownDataTypeParameters>
</Attribute>
<Attribute name="id_tipo_movimiento" id="7F4C1E6A-FF13-93C2-2DEC-5AB55F254CA5">
<createdBy>Benjamin</createdBy>
<createdTime>2025-10-05 19:55:42 UTC</createdTime>
<generatorID>EE742045-9119-3F59-CD61-2DAB439E1512</generatorID>
<ownerDesignName>mec-im_DB</ownerDesignName>
<engineerTo>
<item key="B1AF5C42-AEDA-4144-D974-4A3982245D0E" value="true"/>
</engineerTo>
<referedAttribute>C0088E3E-D08A-9344-A6AB-5DB8F9FA3B00</referedAttribute>
<useDomainConstraints>false</useDomainConstraints>
<use>1</use>
<logicalDatatype>LOGDT011</logicalDatatype>
<ownDataTypeParameters>,,</ownDataTypeParameters>
</Attribute>
</attributes>
<identifiers itemClass="oracle.dbtools.crest.model.design.logical.CandidateKey">
<identifier id="C5C3132C-F942-25A5-CA10-E777E89F6931" name="MOVIMIENTO_INTENTARIO PK">
<createdBy>Benjamin</createdBy>
<createdTime>2025-10-04 21:46:32 UTC</createdTime>
<ownerDesignName>mec-im_DB</ownerDesignName>
<engineerTo>
<item key="B1AF5C42-AEDA-4144-D974-4A3982245D0E" value="true"/>
</engineerTo>
<pk>true</pk>
<usedAttributes>
<attributeRef>D58E9186-E4A7-709F-78FD-CD8386A9395D</attributeRef>
</usedAttributes>
</identifier>
</identifiers>
</Entity>