<?xml version = '1.0' encoding = 'UTF-8'?>
<Entity class="oracle.dbtools.crest.model.design.logical.Entity" directorySegmentName="seg_0" id="28E67F72-C267-BDC0-6451-24AAF3D988A4" name="RECURSO_TALLER">
<createdBy>Benjamin</createdBy>
<createdTime>2025-10-05 20:16:19 UTC</createdTime>
<ownerDesignName>mec-im_DB</ownerDesignName>
<engineerTo>
<item key="B1AF5C42-AEDA-4144-D974-4A3982245D0E" value="true"/>
</engineerTo>
<adequatelyNormalized>NO</adequatelyNormalized>
<expectedVolumes>0</expectedVolumes>
<fwdEngineeringStrategyName>Single Table</fwdEngineeringStrategyName>
<growthPercent>0</growthPercent>
<growthType>Year</growthType>
<maxVolumes>9999999</maxVolumes>
<minVolumes>0</minVolumes>
<normalForm>Third</normalForm>
<attributes itemClass="oracle.dbtools.crest.model.design.logical.Attribute">
<Attribute name="id_recurso" id="E98F08F9-F121-C37E-AA61-7553BA8C45F8">
<createdBy>Benjamin</createdBy>
<createdTime>2025-10-05 20:16:28 UTC</createdTime>
<ownerDesignName>mec-im_DB</ownerDesignName>
<engineerTo>
<item key="B1AF5C42-AEDA-4144-D974-4A3982245D0E" value="true"/>
</engineerTo>
<useDomainConstraints>false</useDomainConstraints>
<use>1</use>
<logicalDatatype>LOGDT011</logicalDatatype>
<ownDataTypeParameters>,,</ownDataTypeParameters>
</Attribute>
<Attribute name="nombre_recurso" id="3A2F1E76-11BF-5186-1186-F7E9F604CB63">
<createdBy>Benjamin</createdBy>
<createdTime>2025-10-05 20:16:41 UTC</createdTime>
<ownerDesignName>mec-im_DB</ownerDesignName>
<engineerTo>
<item key="B1AF5C42-AEDA-4144-D974-4A3982245D0E" value="true"/>
</engineerTo>
<useDomainConstraints>false</useDomainConstraints>
<use>1</use>
<logicalDatatype>LOGDT024</logicalDatatype>
<dataTypeSize>100 CHAR</dataTypeSize>
<ownDataTypeParameters>100 CHAR,,</ownDataTypeParameters>
</Attribute>
<Attribute name="capacidad" id="654596C6-12BB-5F92-73B3-81253E6C8F44">
<createdBy>Benjamin</createdBy>
<createdTime>2025-10-05 20:17:12 UTC</createdTime>
<ownerDesignName>mec-im_DB</ownerDesignName>
<engineerTo>
<item key="B1AF5C42-AEDA-4144-D974-4A3982245D0E" value="true"/>
</engineerTo>
<useDomainConstraints>false</useDomainConstraints>
<use>1</use>
<logicalDatatype>LOGDT011</logicalDatatype>
<ownDataTypeParameters>,,</ownDataTypeParameters>
</Attribute>
<Attribute name="ubicacion" id="0EB0F1A4-84D4-F39D-7CED-E4939D47A3C1">
<createdBy>Benjamin</createdBy>
<createdTime>2025-10-05 20:17:26 UTC</createdTime>
<ownerDesignName>mec-im_DB</ownerDesignName>
<engineerTo>
<item key="B1AF5C42-AEDA-4144-D974-4A3982245D0E" value="true"/>
</engineerTo>
<useDomainConstraints>false</useDomainConstraints>
<use>1</use>
<logicalDatatype>LOGDT024</logicalDatatype>
<dataTypeSize>100 CHAR</dataTypeSize>
<ownDataTypeParameters>100 CHAR,,</ownDataTypeParameters>
</Attribute>
<Attribute name="descripcion" id="59C9A97B-2306-B176-DB33-2E0FF869D845">
<createdBy>Benjamin</createdBy>
<createdTime>2025-10-05 20:17:44 UTC</createdTime>
<ownerDesignName>mec-im_DB</ownerDesignName>
<engineerTo>
<item key="B1AF5C42-AEDA-4144-D974-4A3982245D0E" value="true"/>
</engineerTo>
<nullsAllowed>true</nullsAllowed>
<useDomainConstraints>false</useDomainConstraints>
<use>1</use>
<logicalDatatype>LOGDT040</logicalDatatype>
<ownDataTypeParameters>,,</ownDataTypeParameters>
</Attribute>
<Attribute name="activo" id="680C26C6-B0E2-B9DD-8923-D171BDFAF7A9">
<createdBy>Benjamin</createdBy>
<createdTime>2025-10-05 20:18:01 UTC</createdTime>
<ownerDesignName>mec-im_DB</ownerDesignName>
<engineerTo>
<item key="B1AF5C42-AEDA-4144-D974-4A3982245D0E" value="true"/>
</engineerTo>
<useDomainConstraints>false</useDomainConstraints>
<use>1</use>
<logicalDatatype>LOGDT006</logicalDatatype>
<dataTypeSize>7 CHAR</dataTypeSize>
<ownDataTypeParameters>7 CHAR,,</ownDataTypeParameters>
</Attribute>
<Attribute name="id_tipo_recurso" id="EA8DE837-6750-65C4-FEDB-4E7E09EBD287">
<createdBy>Benjamin</createdBy>
<createdTime>2025-10-05 20:19:07 UTC</createdTime>
<generatorID>426DFD17-8EC2-C415-8D05-00103290F259</generatorID>
<ownerDesignName>mec-im_DB</ownerDesignName>
<engineerTo>
<item key="B1AF5C42-AEDA-4144-D974-4A3982245D0E" value="true"/>
</engineerTo>
<referedAttribute>3DFBF225-7BD4-3816-DCB6-5944322B708E</referedAttribute>
<useDomainConstraints>false</useDomainConstraints>
<use>1</use>
<logicalDatatype>LOGDT011</logicalDatatype>
<ownDataTypeParameters>,,</ownDataTypeParameters>
</Attribute>
<Attribute name="id_estado_recurso" id="18648686-682C-BE1F-E042-E4E3C5F343C7">
<createdBy>Benjamin</createdBy>
<createdTime>2025-10-05 20:20:21 UTC</createdTime>
<generatorID>1DD3CBEE-6C0A-C9EA-25F3-897B39A72D2E</generatorID>
<ownerDesignName>mec-im_DB</ownerDesignName>
<engineerTo>
<item key="B1AF5C42-AEDA-4144-D974-4A3982245D0E" value="true"/>
</engineerTo>
<referedAttribute>10DE9DC7-97A8-ADE9-7454-4C0FBA204FE7</referedAttribute>
<useDomainConstraints>false</useDomainConstraints>
<use>1</use>
<logicalDatatype>LOGDT011</logicalDatatype>
<ownDataTypeParameters>,,</ownDataTypeParameters>
</Attribute>
</attributes>
<identifiers itemClass="oracle.dbtools.crest.model.design.logical.CandidateKey">
<identifier id="634FDDB8-484C-8EC8-A95A-21E2CB56BE3A" name="RECURSO_TALLER PK">
<createdBy>Benjamin</createdBy>
<createdTime>2025-10-05 20:16:40 UTC</createdTime>
<ownerDesignName>mec-im_DB</ownerDesignName>
<engineerTo>
<item key="B1AF5C42-AEDA-4144-D974-4A3982245D0E" value="true"/>
</engineerTo>
<pk>true</pk>
<usedAttributes>
<attributeRef>E98F08F9-F121-C37E-AA61-7553BA8C45F8</attributeRef>
</usedAttributes>
</identifier>
</identifiers>
</Entity>