<?xml version = '1.0' encoding = 'UTF-8'?>
<Entity class="oracle.dbtools.crest.model.design.logical.Entity" directorySegmentName="seg_0" id="3177ED20-8797-608E-5E75-52EE1899838C" name="HISTORIAL_VEHICULO">
<createdBy>Benjamin</createdBy>
<createdTime>2025-10-05 17:50:23 UTC</createdTime>
<ownerDesignName>mec-im_DB</ownerDesignName>
<engineerTo>
<item key="B1AF5C42-AEDA-4144-D974-4A3982245D0E" value="true"/>
</engineerTo>
<adequatelyNormalized>NO</adequatelyNormalized>
<expectedVolumes>0</expectedVolumes>
<fwdEngineeringStrategyName>Single Table</fwdEngineeringStrategyName>
<growthPercent>0</growthPercent>
<growthType>Year</growthType>
<maxVolumes>9999999</maxVolumes>
<minVolumes>0</minVolumes>
<normalForm>Third</normalForm>
<attributes itemClass="oracle.dbtools.crest.model.design.logical.Attribute">
<Attribute name="id_accion" id="BFF19771-4C3F-B119-25D3-669928FD5F39">
<createdBy>Benjamin</createdBy>
<createdTime>2025-10-05 17:50:34 UTC</createdTime>
<ownerDesignName>mec-im_DB</ownerDesignName>
<engineerTo>
<item key="B1AF5C42-AEDA-4144-D974-4A3982245D0E" value="true"/>
</engineerTo>
<useDomainConstraints>false</useDomainConstraints>
<use>1</use>
<logicalDatatype>LOGDT011</logicalDatatype>
<ownDataTypeParameters>,,</ownDataTypeParameters>
</Attribute>
<Attribute name="descripción" id="44E179CB-7DCF-0627-3ADE-A656538E3D06">
<createdBy>Benjamin</createdBy>
<createdTime>2025-10-05 17:50:34 UTC</createdTime>
<ownerDesignName>mec-im_DB</ownerDesignName>
<engineerTo>
<item key="B1AF5C42-AEDA-4144-D974-4A3982245D0E" value="true"/>
</engineerTo>
<useDomainConstraints>false</useDomainConstraints>
<use>1</use>
<logicalDatatype>LOGDT040</logicalDatatype>
<ownDataTypeParameters>,,</ownDataTypeParameters>
</Attribute>
<Attribute name="fecha_modificacion" id="B0EEA1D1-B85D-B68B-1433-89D42E2E1907">
<createdBy>Benjamin</createdBy>
<createdTime>2025-10-05 17:50:35 UTC</createdTime>
<ownerDesignName>mec-im_DB</ownerDesignName>
<engineerTo>
<item key="B1AF5C42-AEDA-4144-D974-4A3982245D0E" value="true"/>
</engineerTo>
<useDomainConstraints>false</useDomainConstraints>
<use>1</use>
<logicalDatatype>LOGDT007</logicalDatatype>
<ownDataTypeParameters>,,</ownDataTypeParameters>
</Attribute>
<Attribute name="id_vehiculo" id="920F9E41-71E2-0C29-1290-720C4F119DFC">
<createdBy>Benjamin</createdBy>
<createdTime>2025-10-05 17:52:50 UTC</createdTime>
<generatorID>D3095F4E-3A71-8A90-7541-CC520FEAA957</generatorID>
<ownerDesignName>mec-im_DB</ownerDesignName>
<engineerTo>
<item key="B1AF5C42-AEDA-4144-D974-4A3982245D0E" value="true"/>
</engineerTo>
<referedAttribute>EF0C5177-EC74-FE7B-C58E-934BFAA04248</referedAttribute>
<useDomainConstraints>false</useDomainConstraints>
<use>1</use>
<logicalDatatype>LOGDT011</logicalDatatype>
<ownDataTypeParameters>,,</ownDataTypeParameters>
</Attribute>
</attributes>
<identifiers itemClass="oracle.dbtools.crest.model.design.logical.CandidateKey">
<identifier id="B1FB640E-43DB-C68C-2867-90B506EC7C65" name="HISTORIAL_VEHICULO PK">
<createdBy>Benjamin</createdBy>
<createdTime>2025-10-05 17:50:54 UTC</createdTime>
<ownerDesignName>mec-im_DB</ownerDesignName>
<engineerTo>
<item key="B1AF5C42-AEDA-4144-D974-4A3982245D0E" value="true"/>
</engineerTo>
<pk>true</pk>
<usedAttributes>
<attributeRef>BFF19771-4C3F-B119-25D3-669928FD5F39</attributeRef>
</usedAttributes>
</identifier>
</identifiers>
</Entity>