<?xml version = '1.0' encoding = 'UTF-8'?>
<Entity class="oracle.dbtools.crest.model.design.logical.Entity" directorySegmentName="seg_0" id="3ED2C38A-8C6D-3144-A26D-2F6F0D80E9FB" name="CRITICIDAD">
<createdBy>Benjamin</createdBy>
<createdTime>2025-10-05 19:50:28 UTC</createdTime>
<ownerDesignName>mec-im_DB</ownerDesignName>
<engineerTo>
<item key="B1AF5C42-AEDA-4144-D974-4A3982245D0E" value="true"/>
</engineerTo>
<adequatelyNormalized>NO</adequatelyNormalized>
<expectedVolumes>0</expectedVolumes>
<fwdEngineeringStrategyName>Single Table</fwdEngineeringStrategyName>
<growthPercent>0</growthPercent>
<growthType>Year</growthType>
<maxVolumes>9999999</maxVolumes>
<minVolumes>0</minVolumes>
<normalForm>Third</normalForm>
<attributes itemClass="oracle.dbtools.crest.model.design.logical.Attribute">
<Attribute name="id_nivel_crit" id="57DC02E2-88F4-4F4D-4753-897C2F5AD6BA">
<createdBy>Benjamin</createdBy>
<createdTime>2025-10-05 19:50:35 UTC</createdTime>
<ownerDesignName>mec-im_DB</ownerDesignName>
<engineerTo>
<item key="B1AF5C42-AEDA-4144-D974-4A3982245D0E" value="true"/>
</engineerTo>
<useDomainConstraints>false</useDomainConstraints>
<use>1</use>
<logicalDatatype>LOGDT011</logicalDatatype>
<ownDataTypeParameters>,,</ownDataTypeParameters>
</Attribute>
<Attribute name="nom_nivel_crit" id="69CCDA41-E3A9-6AFA-600E-3C3CA48B2426">
<createdBy>Benjamin</createdBy>
<createdTime>2025-10-05 19:50:48 UTC</createdTime>
<ownerDesignName>mec-im_DB</ownerDesignName>
<engineerTo>
<item key="B1AF5C42-AEDA-4144-D974-4A3982245D0E" value="true"/>
</engineerTo>
<useDomainConstraints>false</useDomainConstraints>
<use>1</use>
<logicalDatatype>LOGDT024</logicalDatatype>
<dataTypeSize>24 CHAR</dataTypeSize>
<ownDataTypeParameters>24 CHAR,,</ownDataTypeParameters>
</Attribute>
</attributes>
<identifiers itemClass="oracle.dbtools.crest.model.design.logical.CandidateKey">
<identifier id="C8BF3AC0-862C-FC04-8920-806AB7956064" name="CRITICIDAD PK">
<createdBy>Benjamin</createdBy>
<createdTime>2025-10-05 19:50:44 UTC</createdTime>
<ownerDesignName>mec-im_DB</ownerDesignName>
<engineerTo>
<item key="B1AF5C42-AEDA-4144-D974-4A3982245D0E" value="true"/>
</engineerTo>
<pk>true</pk>
<usedAttributes>
<attributeRef>57DC02E2-88F4-4F4D-4753-897C2F5AD6BA</attributeRef>
</usedAttributes>
</identifier>
</identifiers>
</Entity>