<?xml version = '1.0' encoding = 'UTF-8'?>
<Entity class="oracle.dbtools.crest.model.design.logical.Entity" directorySegmentName="seg_0" id="4DACD18E-19A3-40F5-224C-A03B5AEB3CAF" name="USUARIO">
<createdBy>bdiazo</createdBy>
<createdTime>2025-10-03 19:25:21 UTC</createdTime>
<ownerDesignName>mec-im_DB</ownerDesignName>
<engineerTo>
<item key="B1AF5C42-AEDA-4144-D974-4A3982245D0E" value="true"/>
</engineerTo>
<adequatelyNormalized>NO</adequatelyNormalized>
<expectedVolumes>0</expectedVolumes>
<fwdEngineeringStrategyName>Single Table</fwdEngineeringStrategyName>
<growthPercent>0</growthPercent>
<growthType>Year</growthType>
<maxVolumes>9999999</maxVolumes>
<minVolumes>0</minVolumes>
<normalForm>Third</normalForm>
<attributes itemClass="oracle.dbtools.crest.model.design.logical.Attribute">
<Attribute name="id_usuario" id="5A0E677D-EB50-13ED-F7B4-52E194718208">
<createdBy>bdiazo</createdBy>
<createdTime>2025-10-03 19:25:47 UTC</createdTime>
<ownerDesignName>mec-im_DB</ownerDesignName>
<engineerTo>
<item key="B1AF5C42-AEDA-4144-D974-4A3982245D0E" value="true"/>
</engineerTo>
<useDomainConstraints>false</useDomainConstraints>
<use>1</use>
<logicalDatatype>LOGDT011</logicalDatatype>
<ownDataTypeParameters>,,</ownDataTypeParameters>
</Attribute>
<Attribute name="rut" id="ECF1C5C2-FE57-5DFA-93DE-D6A52F79CAED">
<createdBy>bdiazo</createdBy>
<createdTime>2025-10-03 19:26:44 UTC</createdTime>
<commentInRDBMS><![CDATA[debe ser unico]]></commentInRDBMS>
<ownerDesignName>mec-im_DB</ownerDesignName>
<engineerTo>
<item key="B1AF5C42-AEDA-4144-D974-4A3982245D0E" value="true"/>
</engineerTo>
<useDomainConstraints>false</useDomainConstraints>
<use>1</use>
<logicalDatatype>LOGDT024</logicalDatatype>
<dataTypeSize>12 CHAR</dataTypeSize>
<ownDataTypeParameters>12 CHAR,,</ownDataTypeParameters>
</Attribute>
<Attribute name="nombre" id="EB930394-A265-F973-A0A7-6B8BF7B1A7E3">
<createdBy>bdiazo</createdBy>
<createdTime>2025-10-03 19:28:30 UTC</createdTime>
<ownerDesignName>mec-im_DB</ownerDesignName>
<engineerTo>
<item key="B1AF5C42-AEDA-4144-D974-4A3982245D0E" value="true"/>
</engineerTo>
<useDomainConstraints>false</useDomainConstraints>
<use>1</use>
<logicalDatatype>LOGDT024</logicalDatatype>
<dataTypeSize>100 CHAR</dataTypeSize>
<ownDataTypeParameters>100 CHAR,,</ownDataTypeParameters>
</Attribute>
<Attribute name="apellido" id="74A2FA92-783F-ADA6-0ABD-C7F94E82275E">
<createdBy>bdiazo</createdBy>
<createdTime>2025-10-03 19:28:58 UTC</createdTime>
<ownerDesignName>mec-im_DB</ownerDesignName>
<engineerTo>
<item key="B1AF5C42-AEDA-4144-D974-4A3982245D0E" value="true"/>
</engineerTo>
<useDomainConstraints>false</useDomainConstraints>
<use>1</use>
<logicalDatatype>LOGDT024</logicalDatatype>
<dataTypeSize>100 CHAR</dataTypeSize>
<ownDataTypeParameters>100 CHAR,,</ownDataTypeParameters>
</Attribute>
<Attribute name="telefono" id="A543518D-DF06-E825-4ABA-9230F6951E84">
<createdBy>bdiazo</createdBy>
<createdTime>2025-10-03 19:32:16 UTC</createdTime>
<ownerDesignName>mec-im_DB</ownerDesignName>
<engineerTo>
<item key="B1AF5C42-AEDA-4144-D974-4A3982245D0E" value="true"/>
</engineerTo>
<useDomainConstraints>false</useDomainConstraints>
<use>1</use>
<logicalDatatype>LOGDT024</logicalDatatype>
<dataTypeSize>20 CHAR</dataTypeSize>
<ownDataTypeParameters>20 CHAR,,</ownDataTypeParameters>
</Attribute>
<Attribute name="id_rol" id="0390E36D-562B-A0A5-180A-54AFFC8BF8C7">
<createdBy>bdiazo</createdBy>
<createdTime>2025-10-03 19:35:42 UTC</createdTime>
<generatorID>B76BB096-DF13-2AAA-3E57-CD4D13691B52</generatorID>
<ownerDesignName>mec-im_DB</ownerDesignName>
<engineerTo>
<item key="B1AF5C42-AEDA-4144-D974-4A3982245D0E" value="true"/>
</engineerTo>
<referedAttribute>69E1D109-309E-1CA0-DF16-E8068A1BE560</referedAttribute>
<useDomainConstraints>false</useDomainConstraints>
<use>1</use>
<logicalDatatype>LOGDT011</logicalDatatype>
<ownDataTypeParameters>,,</ownDataTypeParameters>
</Attribute>
<Attribute name="id_zona" id="8E7AD551-5CAA-1CB9-A261-A9A22F1E8036">
<createdBy>Benjamin</createdBy>
<createdTime>2025-10-05 17:44:00 UTC</createdTime>
<generatorID>8C8AF35A-FE35-05FE-5FEB-0CC55C4324F9</generatorID>
<ownerDesignName>mec-im_DB</ownerDesignName>
<engineerTo>
<item key="B1AF5C42-AEDA-4144-D974-4A3982245D0E" value="true"/>
</engineerTo>
<referedAttribute>D8FA295A-7140-4BEA-865C-1D525DDDE4EB</referedAttribute>
<useDomainConstraints>false</useDomainConstraints>
<use>1</use>
<logicalDatatype>LOGDT011</logicalDatatype>
<ownDataTypeParameters>,,</ownDataTypeParameters>
</Attribute>
</attributes>
<identifiers itemClass="oracle.dbtools.crest.model.design.logical.CandidateKey">
<identifier id="7D2722EA-08CE-26EC-A8A7-C0204D758D4D" name="USUARIO PK">
<createdBy>bdiazo</createdBy>
<createdTime>2025-10-03 19:26:39 UTC</createdTime>
<ownerDesignName>mec-im_DB</ownerDesignName>
<shouldEngineer>false</shouldEngineer>
<engineerTo>
<item key="B1AF5C42-AEDA-4144-D974-4A3982245D0E" value="false"/>
</engineerTo>
<pk>true</pk>
<usedAttributes>
<attributeRef>5A0E677D-EB50-13ED-F7B4-52E194718208</attributeRef>
</usedAttributes>
</identifier>
</identifiers>
</Entity>