<?xml version = '1.0' encoding = 'UTF-8'?>
<Entity class="oracle.dbtools.crest.model.design.logical.Entity" directorySegmentName="seg_0" id="8D9E642A-00D2-19EA-3B52-6891A6BB87B3" name="HISTORIAL_ROL">
<createdBy>Benjamin</createdBy>
<createdTime>2025-10-05 16:10:13 UTC</createdTime>
<ownerDesignName>mec-im_DB</ownerDesignName>
<engineerTo>
<item key="B1AF5C42-AEDA-4144-D974-4A3982245D0E" value="true"/>
</engineerTo>
<adequatelyNormalized>NO</adequatelyNormalized>
<expectedVolumes>0</expectedVolumes>
<fwdEngineeringStrategyName>Single Table</fwdEngineeringStrategyName>
<growthPercent>0</growthPercent>
<growthType>Year</growthType>
<maxVolumes>9999999</maxVolumes>
<minVolumes>0</minVolumes>
<normalForm>Third</normalForm>
<attributes itemClass="oracle.dbtools.crest.model.design.logical.Attribute">
<Attribute name="id_modificacion" id="C69FD306-F871-8B2E-647C-368E310E9053">
<createdBy>Benjamin</createdBy>
<createdTime>2025-10-05 16:10:18 UTC</createdTime>
<ownerDesignName>mec-im_DB</ownerDesignName>
<engineerTo>
<item key="B1AF5C42-AEDA-4144-D974-4A3982245D0E" value="true"/>
</engineerTo>
<useDomainConstraints>false</useDomainConstraints>
<use>1</use>
<logicalDatatype>LOGDT011</logicalDatatype>
<ownDataTypeParameters>,,</ownDataTypeParameters>
</Attribute>
<Attribute name="fecha_modificacion" id="34B4DC52-04AE-0F63-5A9E-990721F77245">
<createdBy>Benjamin</createdBy>
<createdTime>2025-10-05 16:10:22 UTC</createdTime>
<ownerDesignName>mec-im_DB</ownerDesignName>
<engineerTo>
<item key="B1AF5C42-AEDA-4144-D974-4A3982245D0E" value="true"/>
</engineerTo>
<use>0</use>
<ownDataTypeParameters>,,</ownDataTypeParameters>
</Attribute>
<Attribute name="id_rol" id="648A45CF-B7F2-6FC0-4653-17A4987382E2">
<createdBy>Benjamin</createdBy>
<createdTime>2025-10-05 16:11:52 UTC</createdTime>
<generatorID>CCA2A985-9277-C7D8-76B8-929583514C50</generatorID>
<ownerDesignName>mec-im_DB</ownerDesignName>
<engineerTo>
<item key="B1AF5C42-AEDA-4144-D974-4A3982245D0E" value="true"/>
</engineerTo>
<referedAttribute>69E1D109-309E-1CA0-DF16-E8068A1BE560</referedAttribute>
<useDomainConstraints>false</useDomainConstraints>
<use>1</use>
<logicalDatatype>LOGDT011</logicalDatatype>
<ownDataTypeParameters>,,</ownDataTypeParameters>
</Attribute>
<Attribute name="resumen_modificacion" id="8F287CFF-AF9E-C4BF-D934-0BC52F6BBBD2">
<createdBy>Benjamin</createdBy>
<createdTime>2025-10-05 17:34:13 UTC</createdTime>
<ownerDesignName>mec-im_DB</ownerDesignName>
<engineerTo>
<item key="B1AF5C42-AEDA-4144-D974-4A3982245D0E" value="true"/>
</engineerTo>
<useDomainConstraints>false</useDomainConstraints>
<use>1</use>
<logicalDatatype>LOGDT040</logicalDatatype>
<ownDataTypeParameters>,,</ownDataTypeParameters>
</Attribute>
</attributes>
<identifiers itemClass="oracle.dbtools.crest.model.design.logical.CandidateKey">
<identifier id="6AA7F206-49CB-B7D4-732E-439D705E6209" name="historial_rol PK">
<createdBy>Benjamin</createdBy>
<createdTime>2025-10-05 16:10:40 UTC</createdTime>
<ownerDesignName>mec-im_DB</ownerDesignName>
<engineerTo>
<item key="B1AF5C42-AEDA-4144-D974-4A3982245D0E" value="true"/>
</engineerTo>
<pk>true</pk>
<usedAttributes>
<attributeRef>C69FD306-F871-8B2E-647C-368E310E9053</attributeRef>
</usedAttributes>
</identifier>
</identifiers>
</Entity>