<?xml version = '1.0' encoding = 'UTF-8'?>
<Entity class="oracle.dbtools.crest.model.design.logical.Entity" directorySegmentName="seg_0" id="8DAD8133-9CBB-E860-8C83-5D67C5BD7A14" name="PAUSA_ORDEN">
<createdBy>Benjamin</createdBy>
<createdTime>2025-10-05 19:29:52 UTC</createdTime>
<ownerDesignName>mec-im_DB</ownerDesignName>
<engineerTo>
<item key="B1AF5C42-AEDA-4144-D974-4A3982245D0E" value="true"/>
</engineerTo>
<adequatelyNormalized>NO</adequatelyNormalized>
<expectedVolumes>0</expectedVolumes>
<fwdEngineeringStrategyName>Single Table</fwdEngineeringStrategyName>
<growthPercent>0</growthPercent>
<growthType>Year</growthType>
<maxVolumes>9999999</maxVolumes>
<minVolumes>0</minVolumes>
<normalForm>Third</normalForm>
<attributes itemClass="oracle.dbtools.crest.model.design.logical.Attribute">
<Attribute name="id_pausa" id="EC07A22D-D73A-1815-4664-F3ED9ED04057">
<createdBy>Benjamin</createdBy>
<createdTime>2025-10-05 19:30:03 UTC</createdTime>
<ownerDesignName>mec-im_DB</ownerDesignName>
<engineerTo>
<item key="B1AF5C42-AEDA-4144-D974-4A3982245D0E" value="true"/>
</engineerTo>
<useDomainConstraints>false</useDomainConstraints>
<use>1</use>
<logicalDatatype>LOGDT011</logicalDatatype>
<ownDataTypeParameters>,,</ownDataTypeParameters>
</Attribute>
<Attribute name="motivo_pausa" id="C19C5393-60C1-7F8C-7944-1C4798C7F2AA">
<createdBy>Benjamin</createdBy>
<createdTime>2025-10-05 19:30:14 UTC</createdTime>
<ownerDesignName>mec-im_DB</ownerDesignName>
<engineerTo>
<item key="B1AF5C42-AEDA-4144-D974-4A3982245D0E" value="true"/>
</engineerTo>
<useDomainConstraints>false</useDomainConstraints>
<use>1</use>
<logicalDatatype>LOGDT040</logicalDatatype>
<ownDataTypeParameters>,,</ownDataTypeParameters>
</Attribute>
<Attribute name="fecha_inicio_pausa" id="AF6059D4-9F1A-04E6-A1B7-669BE9B28F28">
<createdBy>Benjamin</createdBy>
<createdTime>2025-10-05 19:30:24 UTC</createdTime>
<ownerDesignName>mec-im_DB</ownerDesignName>
<engineerTo>
<item key="B1AF5C42-AEDA-4144-D974-4A3982245D0E" value="true"/>
</engineerTo>
<useDomainConstraints>false</useDomainConstraints>
<use>1</use>
<logicalDatatype>LOGDT008</logicalDatatype>
<ownDataTypeParameters>,,</ownDataTypeParameters>
</Attribute>
<Attribute name="fecha_fin_pausa" id="FD9A6904-602D-14F3-E6FD-8EEB1589EBB5">
<createdBy>Benjamin</createdBy>
<createdTime>2025-10-05 19:30:39 UTC</createdTime>
<ownerDesignName>mec-im_DB</ownerDesignName>
<engineerTo>
<item key="B1AF5C42-AEDA-4144-D974-4A3982245D0E" value="true"/>
</engineerTo>
<nullsAllowed>true</nullsAllowed>
<useDomainConstraints>false</useDomainConstraints>
<use>1</use>
<logicalDatatype>LOGDT008</logicalDatatype>
<ownDataTypeParameters>,,</ownDataTypeParameters>
</Attribute>
<Attribute name="id_orden" id="DAE645F6-4520-47A3-A35B-2ADA9212AF03">
<createdBy>Benjamin</createdBy>
<createdTime>2025-10-05 19:31:29 UTC</createdTime>
<generatorID>9924AF74-2F56-5BEA-DCFB-A1BAA955A56F</generatorID>
<ownerDesignName>mec-im_DB</ownerDesignName>
<engineerTo>
<item key="B1AF5C42-AEDA-4144-D974-4A3982245D0E" value="true"/>
</engineerTo>
<referedAttribute>930C20A9-6F01-5B9A-E905-E9A26049869E</referedAttribute>
<useDomainConstraints>false</useDomainConstraints>
<use>1</use>
<logicalDatatype>LOGDT011</logicalDatatype>
<ownDataTypeParameters>,,</ownDataTypeParameters>
</Attribute>
<Attribute name="id_usuario" id="7F9ECA03-4395-84AC-0ACE-8D5B822E1888">
<createdBy>Benjamin</createdBy>
<createdTime>2025-10-05 19:31:38 UTC</createdTime>
<generatorID>1BF7C281-879B-821F-3AE0-D72D788B5872</generatorID>
<ownerDesignName>mec-im_DB</ownerDesignName>
<engineerTo>
<item key="B1AF5C42-AEDA-4144-D974-4A3982245D0E" value="true"/>
</engineerTo>
<referedAttribute>5A0E677D-EB50-13ED-F7B4-52E194718208</referedAttribute>
<useDomainConstraints>false</useDomainConstraints>
<use>1</use>
<logicalDatatype>LOGDT011</logicalDatatype>
<ownDataTypeParameters>,,</ownDataTypeParameters>
</Attribute>
</attributes>
<identifiers itemClass="oracle.dbtools.crest.model.design.logical.CandidateKey">
<identifier id="0C5E5B3E-5A33-C06E-0FA5-F13AF20BA1E9" name="PAUSA_ORDEN PK">
<createdBy>Benjamin</createdBy>
<createdTime>2025-10-05 19:30:08 UTC</createdTime>
<ownerDesignName>mec-im_DB</ownerDesignName>
<engineerTo>
<item key="B1AF5C42-AEDA-4144-D974-4A3982245D0E" value="true"/>
</engineerTo>
<pk>true</pk>
<usedAttributes>
<attributeRef>EC07A22D-D73A-1815-4664-F3ED9ED04057</attributeRef>
</usedAttributes>
</identifier>
</identifiers>
</Entity>