<?xml version = '1.0' encoding = 'UTF-8'?>
<Entity class="oracle.dbtools.crest.model.design.logical.Entity" directorySegmentName="seg_0" id="9CA562F4-162C-6A7B-5DF1-CC8A4331FECF" name="CALENDARIO_TALLER">
<createdBy>Benjamin</createdBy>
<createdTime>2025-10-04 22:29:31 UTC</createdTime>
<ownerDesignName>mec-im_DB</ownerDesignName>
<engineerTo>
<item key="B1AF5C42-AEDA-4144-D974-4A3982245D0E" value="true"/>
</engineerTo>
<adequatelyNormalized>NO</adequatelyNormalized>
<expectedVolumes>0</expectedVolumes>
<fwdEngineeringStrategyName>Single Table</fwdEngineeringStrategyName>
<growthPercent>0</growthPercent>
<growthType>Year</growthType>
<maxVolumes>9999999</maxVolumes>
<minVolumes>0</minVolumes>
<normalForm>Third</normalForm>
<attributes itemClass="oracle.dbtools.crest.model.design.logical.Attribute">
<Attribute name="id_reserva" id="2BA3FD99-406F-BD63-9009-4E9C47340B1A">
<createdBy>Benjamin</createdBy>
<createdTime>2025-10-04 22:30:53 UTC</createdTime>
<ownerDesignName>mec-im_DB</ownerDesignName>
<engineerTo>
<item key="B1AF5C42-AEDA-4144-D974-4A3982245D0E" value="true"/>
</engineerTo>
<useDomainConstraints>false</useDomainConstraints>
<use>1</use>
<logicalDatatype>LOGDT011</logicalDatatype>
<ownDataTypeParameters>,,</ownDataTypeParameters>
</Attribute>
<Attribute name="tipo_recurso" id="3F051128-7C95-2F0F-530C-9E8383D74177">
<createdBy>Benjamin</createdBy>
<createdTime>2025-10-04 22:31:16 UTC</createdTime>
<ownerDesignName>mec-im_DB</ownerDesignName>
<engineerTo>
<item key="B1AF5C42-AEDA-4144-D974-4A3982245D0E" value="true"/>
</engineerTo>
<useDomainConstraints>false</useDomainConstraints>
<use>1</use>
<logicalDatatype>LOGDT024</logicalDatatype>
<dataTypeSize>35 CHAR</dataTypeSize>
<ownDataTypeParameters>35 CHAR,,</ownDataTypeParameters>
</Attribute>
<Attribute name="fecha_inicio" id="1AEEF140-825E-4B81-DF64-843A96578D29">
<createdBy>Benjamin</createdBy>
<createdTime>2025-10-04 22:31:43 UTC</createdTime>
<ownerDesignName>mec-im_DB</ownerDesignName>
<engineerTo>
<item key="B1AF5C42-AEDA-4144-D974-4A3982245D0E" value="true"/>
</engineerTo>
<useDomainConstraints>false</useDomainConstraints>
<use>1</use>
<logicalDatatype>LOGDT008</logicalDatatype>
<ownDataTypeParameters>,,</ownDataTypeParameters>
</Attribute>
<Attribute name="fecha_fin" id="F1CBF936-ACC6-D564-2D0C-805959BCF9FC">
<createdBy>Benjamin</createdBy>
<createdTime>2025-10-04 22:31:55 UTC</createdTime>
<ownerDesignName>mec-im_DB</ownerDesignName>
<engineerTo>
<item key="B1AF5C42-AEDA-4144-D974-4A3982245D0E" value="true"/>
</engineerTo>
<useDomainConstraints>false</useDomainConstraints>
<use>1</use>
<logicalDatatype>LOGDT008</logicalDatatype>
<ownDataTypeParameters>,,</ownDataTypeParameters>
</Attribute>
<Attribute name="duracion_estimada_minutos" id="ED8B1466-6644-52D1-8291-1A1E760D719F">
<createdBy>Benjamin</createdBy>
<createdTime>2025-10-05 22:01:47 UTC</createdTime>
<ownerDesignName>mec-im_DB</ownerDesignName>
<engineerTo>
<item key="B1AF5C42-AEDA-4144-D974-4A3982245D0E" value="true"/>
</engineerTo>
<useDomainConstraints>false</useDomainConstraints>
<use>1</use>
<logicalDatatype>LOGDT011</logicalDatatype>
<ownDataTypeParameters>,,</ownDataTypeParameters>
</Attribute>
<Attribute name="estado_reserva" id="549C0406-400D-2490-F625-015A672ED1D0">
<createdBy>Benjamin</createdBy>
<createdTime>2025-10-04 22:32:12 UTC</createdTime>
<ownerDesignName>mec-im_DB</ownerDesignName>
<engineerTo>
<item key="B1AF5C42-AEDA-4144-D974-4A3982245D0E" value="true"/>
</engineerTo>
<useDomainConstraints>false</useDomainConstraints>
<use>1</use>
<logicalDatatype>LOGDT024</logicalDatatype>
<dataTypeSize>35 CHAR</dataTypeSize>
<ownDataTypeParameters>35 CHAR,,</ownDataTypeParameters>
</Attribute>
<Attribute name="observaciones" id="D7755082-8FC6-598D-7E0F-523F1C0F33B7">
<createdBy>Benjamin</createdBy>
<createdTime>2025-10-04 22:32:42 UTC</createdTime>
<ownerDesignName>mec-im_DB</ownerDesignName>
<engineerTo>
<item key="B1AF5C42-AEDA-4144-D974-4A3982245D0E" value="true"/>
</engineerTo>
<useDomainConstraints>false</useDomainConstraints>
<use>1</use>
<logicalDatatype>LOGDT040</logicalDatatype>
<ownDataTypeParameters>,,</ownDataTypeParameters>
</Attribute>
<Attribute name="buffer_limpieza_minutos" id="0946E577-0279-7E23-8A8B-A635F550CDF6">
<createdBy>Benjamin</createdBy>
<createdTime>2025-10-05 22:00:58 UTC</createdTime>
<ownerDesignName>mec-im_DB</ownerDesignName>
<engineerTo>
<item key="B1AF5C42-AEDA-4144-D974-4A3982245D0E" value="true"/>
</engineerTo>
<nullsAllowed>true</nullsAllowed>
<useDomainConstraints>false</useDomainConstraints>
<use>1</use>
<logicalDatatype>LOGDT011</logicalDatatype>
<ownDataTypeParameters>,,</ownDataTypeParameters>
</Attribute>
<Attribute name="motivo_cancelacion" id="6A8110B3-483A-E53B-FCAB-B8E96665A0B1">
<createdBy>Benjamin</createdBy>
<createdTime>2025-10-05 22:02:38 UTC</createdTime>
<ownerDesignName>mec-im_DB</ownerDesignName>
<engineerTo>
<item key="B1AF5C42-AEDA-4144-D974-4A3982245D0E" value="true"/>
</engineerTo>
<nullsAllowed>true</nullsAllowed>
<useDomainConstraints>false</useDomainConstraints>
<use>1</use>
<logicalDatatype>LOGDT040</logicalDatatype>
<ownDataTypeParameters>,,</ownDataTypeParameters>
</Attribute>
<Attribute name="id_orden" id="ECCE99CC-34AE-E66A-F0EB-89DE87B6B21C">
<createdBy>Benjamin</createdBy>
<createdTime>2025-10-04 22:36:02 UTC</createdTime>
<generatorID>B3D2A829-C3B7-50A6-45E6-3A04A285F7FE</generatorID>
<ownerDesignName>mec-im_DB</ownerDesignName>
<engineerTo>
<item key="B1AF5C42-AEDA-4144-D974-4A3982245D0E" value="true"/>
</engineerTo>
<referedAttribute>930C20A9-6F01-5B9A-E905-E9A26049869E</referedAttribute>
<useDomainConstraints>false</useDomainConstraints>
<use>1</use>
<logicalDatatype>LOGDT011</logicalDatatype>
<ownDataTypeParameters>,,</ownDataTypeParameters>
</Attribute>
<Attribute name="id_vehiculo" id="6CB8E16B-1FF2-3506-CF54-AA5843095EB8">
<createdBy>Benjamin</createdBy>
<createdTime>2025-10-04 22:36:23 UTC</createdTime>
<generatorID>1FB14D69-8724-3304-E4B7-FDA6E1F18B26</generatorID>
<ownerDesignName>mec-im_DB</ownerDesignName>
<engineerTo>
<item key="B1AF5C42-AEDA-4144-D974-4A3982245D0E" value="true"/>
</engineerTo>
<referedAttribute>EF0C5177-EC74-FE7B-C58E-934BFAA04248</referedAttribute>
<useDomainConstraints>false</useDomainConstraints>
<use>1</use>
<logicalDatatype>LOGDT011</logicalDatatype>
<ownDataTypeParameters>,,</ownDataTypeParameters>
</Attribute>
<Attribute name="id_usuario" id="4CA089A8-95D3-6648-5CE7-5C1A970B0B6F">
<createdBy>Benjamin</createdBy>
<createdTime>2025-10-05 21:39:07 UTC</createdTime>
<generatorID>39C5B8CE-CE91-E7DD-F64F-8296EE97F490</generatorID>
<ownerDesignName>mec-im_DB</ownerDesignName>
<engineerTo>
<item key="B1AF5C42-AEDA-4144-D974-4A3982245D0E" value="true"/>
</engineerTo>
<referedAttribute>5A0E677D-EB50-13ED-F7B4-52E194718208</referedAttribute>
<useDomainConstraints>false</useDomainConstraints>
<use>1</use>
<logicalDatatype>LOGDT011</logicalDatatype>
<ownDataTypeParameters>,,</ownDataTypeParameters>
</Attribute>
<Attribute name="id_recurso" id="3457D5F8-80FF-21E7-B0FB-1E3DDD041524">
<createdBy>Benjamin</createdBy>
<createdTime>2025-10-05 22:00:26 UTC</createdTime>
<generatorID>146B4A98-7D0B-FBE9-1902-1A9CB4F7570E</generatorID>
<ownerDesignName>mec-im_DB</ownerDesignName>
<engineerTo>
<item key="B1AF5C42-AEDA-4144-D974-4A3982245D0E" value="true"/>
</engineerTo>
<referedAttribute>E98F08F9-F121-C37E-AA61-7553BA8C45F8</referedAttribute>
<useDomainConstraints>false</useDomainConstraints>
<use>1</use>
<logicalDatatype>LOGDT011</logicalDatatype>
<ownDataTypeParameters>,,</ownDataTypeParameters>
</Attribute>
<Attribute name="id_prior" id="12A28C0D-DFF9-4733-2930-E05D003BFF31">
<createdBy>Benjamin</createdBy>
<createdTime>2025-10-05 22:04:08 UTC</createdTime>
<generatorID>B50B9FB7-190C-2E19-4081-8A3059848173</generatorID>
<ownerDesignName>mec-im_DB</ownerDesignName>
<engineerTo>
<item key="B1AF5C42-AEDA-4144-D974-4A3982245D0E" value="true"/>
</engineerTo>
<referedAttribute>F35A04EA-C11B-CDD9-7710-EF24F9559F96</referedAttribute>
<useDomainConstraints>false</useDomainConstraints>
<use>1</use>
<logicalDatatype>LOGDT011</logicalDatatype>
<ownDataTypeParameters>,,</ownDataTypeParameters>
</Attribute>
<Attribute name="id_estado_reserva" id="5B487EBD-1C10-30CB-E475-9CB5BC28E529">
<createdBy>Benjamin</createdBy>
<createdTime>2025-10-05 22:04:57 UTC</createdTime>
<generatorID>2FAC4C27-9B81-8928-C5D6-2E4EC3069EC8</generatorID>
<ownerDesignName>mec-im_DB</ownerDesignName>
<engineerTo>
<item key="B1AF5C42-AEDA-4144-D974-4A3982245D0E" value="true"/>
</engineerTo>
<referedAttribute>55D76C62-3B26-6218-1391-05F3558460BA</referedAttribute>
<useDomainConstraints>false</useDomainConstraints>
<use>1</use>
<logicalDatatype>LOGDT011</logicalDatatype>
<ownDataTypeParameters>,,</ownDataTypeParameters>
</Attribute>
<Attribute name="id_tipo_reserva" id="4139423C-61A0-9A73-CDFC-EFF8CECC4C9C">
<createdBy>Benjamin</createdBy>
<createdTime>2025-10-05 22:07:35 UTC</createdTime>
<generatorID>99A1D608-C2F4-7854-DE33-6EC5F3B53BB1</generatorID>
<ownerDesignName>mec-im_DB</ownerDesignName>
<engineerTo>
<item key="B1AF5C42-AEDA-4144-D974-4A3982245D0E" value="true"/>
</engineerTo>
<referedAttribute>2FC417F9-91C3-6F51-A348-2D22A1EB3916</referedAttribute>
<useDomainConstraints>false</useDomainConstraints>
<use>1</use>
<logicalDatatype>LOGDT011</logicalDatatype>
<ownDataTypeParameters>,,</ownDataTypeParameters>
</Attribute>
</attributes>
<identifiers itemClass="oracle.dbtools.crest.model.design.logical.CandidateKey">
<identifier id="D11F3471-8542-9420-5EDD-70BD38E49F3D" name="CALENDARIO_TALLER PK">
<createdBy>Benjamin</createdBy>
<createdTime>2025-10-04 22:31:15 UTC</createdTime>
<ownerDesignName>mec-im_DB</ownerDesignName>
<engineerTo>
<item key="B1AF5C42-AEDA-4144-D974-4A3982245D0E" value="true"/>
</engineerTo>
<pk>true</pk>
<usedAttributes>
<attributeRef>2BA3FD99-406F-BD63-9009-4E9C47340B1A</attributeRef>
</usedAttributes>
</identifier>
</identifiers>
</Entity>