<?xml version = '1.0' encoding = 'UTF-8'?>
<Entity class="oracle.dbtools.crest.model.design.logical.Entity" directorySegmentName="seg_0" id="A4395FB2-1242-E683-2281-D62E00EB0484" name="TIPO_MANTENIMIENTO">
<createdBy>Benjamin</createdBy>
<createdTime>2025-10-05 19:20:03 UTC</createdTime>
<ownerDesignName>mec-im_DB</ownerDesignName>
<engineerTo>
<item key="B1AF5C42-AEDA-4144-D974-4A3982245D0E" value="true"/>
</engineerTo>
<adequatelyNormalized>NO</adequatelyNormalized>
<expectedVolumes>0</expectedVolumes>
<fwdEngineeringStrategyName>Single Table</fwdEngineeringStrategyName>
<growthPercent>0</growthPercent>
<growthType>Year</growthType>
<maxVolumes>9999999</maxVolumes>
<minVolumes>0</minVolumes>
<normalForm>Third</normalForm>
<attributes itemClass="oracle.dbtools.crest.model.design.logical.Attribute">
<Attribute name="id_tipo_m" id="DBFE4525-0B3C-5DC7-00ED-6E943AD6BB15">
<createdBy>Benjamin</createdBy>
<createdTime>2025-10-05 19:20:10 UTC</createdTime>
<ownerDesignName>mec-im_DB</ownerDesignName>
<engineerTo>
<item key="B1AF5C42-AEDA-4144-D974-4A3982245D0E" value="true"/>
</engineerTo>
<useDomainConstraints>false</useDomainConstraints>
<use>1</use>
<logicalDatatype>LOGDT011</logicalDatatype>
<ownDataTypeParameters>,,</ownDataTypeParameters>
</Attribute>
<Attribute name="nom_tipo_m" id="2523578E-D641-4CAE-CC2C-F7087AC3113C">
<createdBy>Benjamin</createdBy>
<createdTime>2025-10-05 19:20:19 UTC</createdTime>
<ownerDesignName>mec-im_DB</ownerDesignName>
<engineerTo>
<item key="B1AF5C42-AEDA-4144-D974-4A3982245D0E" value="true"/>
</engineerTo>
<useDomainConstraints>false</useDomainConstraints>
<use>1</use>
<logicalDatatype>LOGDT024</logicalDatatype>
<dataTypeSize>15 CHAR</dataTypeSize>
<ownDataTypeParameters>15 CHAR,,</ownDataTypeParameters>
</Attribute>
</attributes>
<identifiers itemClass="oracle.dbtools.crest.model.design.logical.CandidateKey">
<identifier id="8E636E6E-7BA6-9FE1-7F38-7DB08073A12F" name="TIPO_MANTENIMIENTO PK">
<createdBy>Benjamin</createdBy>
<createdTime>2025-10-05 19:20:15 UTC</createdTime>
<ownerDesignName>mec-im_DB</ownerDesignName>
<engineerTo>
<item key="B1AF5C42-AEDA-4144-D974-4A3982245D0E" value="true"/>
</engineerTo>
<pk>true</pk>
<usedAttributes>
<attributeRef>DBFE4525-0B3C-5DC7-00ED-6E943AD6BB15</attributeRef>
</usedAttributes>
</identifier>
</identifiers>
</Entity>