<?xml version = '1.0' encoding = 'UTF-8'?>
<Entity class="oracle.dbtools.crest.model.design.logical.Entity" directorySegmentName="seg_0" id="A97F6C52-F500-538A-68D6-BF8685A9E62E" name="REPORTES_GENERADOS">
<createdBy>Benjamin</createdBy>
<createdTime>2025-10-05 23:08:36 UTC</createdTime>
<ownerDesignName>mec-im_DB</ownerDesignName>
<engineerTo>
<item key="B1AF5C42-AEDA-4144-D974-4A3982245D0E" value="true"/>
</engineerTo>
<adequatelyNormalized>NO</adequatelyNormalized>
<expectedVolumes>0</expectedVolumes>
<fwdEngineeringStrategyName>Single Table</fwdEngineeringStrategyName>
<growthPercent>0</growthPercent>
<growthType>Year</growthType>
<maxVolumes>9999999</maxVolumes>
<minVolumes>0</minVolumes>
<normalForm>Third</normalForm>
<attributes itemClass="oracle.dbtools.crest.model.design.logical.Attribute">
<Attribute name="id_reporte" id="D20E0124-A50D-61B6-3C6E-FCCB31B0CAEA">
<createdBy>Benjamin</createdBy>
<createdTime>2025-10-05 23:08:53 UTC</createdTime>
<ownerDesignName>mec-im_DB</ownerDesignName>
<engineerTo>
<item key="B1AF5C42-AEDA-4144-D974-4A3982245D0E" value="true"/>
</engineerTo>
<useDomainConstraints>false</useDomainConstraints>
<use>1</use>
<logicalDatatype>LOGDT011</logicalDatatype>
<ownDataTypeParameters>,,</ownDataTypeParameters>
</Attribute>
<Attribute name="nombre_reporte" id="DBF8FBDF-CA39-785A-3944-283E89BA6331">
<createdBy>Benjamin</createdBy>
<createdTime>2025-10-05 23:09:17 UTC</createdTime>
<ownerDesignName>mec-im_DB</ownerDesignName>
<engineerTo>
<item key="B1AF5C42-AEDA-4144-D974-4A3982245D0E" value="true"/>
</engineerTo>
<useDomainConstraints>false</useDomainConstraints>
<use>1</use>
<logicalDatatype>LOGDT024</logicalDatatype>
<dataTypeSize>150 CHAR</dataTypeSize>
<ownDataTypeParameters>150 CHAR,,</ownDataTypeParameters>
</Attribute>
<Attribute name="parametros" id="691AA827-F3A5-8C67-B5CD-B3497CC30F92">
<createdBy>Benjamin</createdBy>
<createdTime>2025-10-05 23:09:40 UTC</createdTime>
<ownerDesignName>mec-im_DB</ownerDesignName>
<engineerTo>
<item key="B1AF5C42-AEDA-4144-D974-4A3982245D0E" value="true"/>
</engineerTo>
<useDomainConstraints>false</useDomainConstraints>
<use>1</use>
<logicalDatatype>47823B89-BECE-2D4A-B641-EE3BE6149078</logicalDatatype>
<ownDataTypeParameters>,,</ownDataTypeParameters>
</Attribute>
<Attribute name="fecha_generacion" id="1B63ACDD-EE59-8B19-C8F5-53124C0543F0">
<createdBy>Benjamin</createdBy>
<createdTime>2025-10-05 23:09:52 UTC</createdTime>
<ownerDesignName>mec-im_DB</ownerDesignName>
<engineerTo>
<item key="B1AF5C42-AEDA-4144-D974-4A3982245D0E" value="true"/>
</engineerTo>
<useDomainConstraints>false</useDomainConstraints>
<use>1</use>
<logicalDatatype>LOGDT015</logicalDatatype>
<dataTypePrecision>3</dataTypePrecision>
<ownDataTypeParameters>,3,</ownDataTypeParameters>
</Attribute>
<Attribute name="ruta_archivo" id="A0921E2A-F15E-7812-E4B5-57086E1D225D">
<createdBy>Benjamin</createdBy>
<createdTime>2025-10-05 23:10:16 UTC</createdTime>
<ownerDesignName>mec-im_DB</ownerDesignName>
<engineerTo>
<item key="B1AF5C42-AEDA-4144-D974-4A3982245D0E" value="true"/>
</engineerTo>
<useDomainConstraints>false</useDomainConstraints>
<use>1</use>
<logicalDatatype>LOGDT024</logicalDatatype>
<dataTypeSize>255 CHAR</dataTypeSize>
<ownDataTypeParameters>255 CHAR,,</ownDataTypeParameters>
</Attribute>
<Attribute name="id_usuario" id="B16AC109-C83F-DBCD-7996-F189D63BE2AB">
<createdBy>Benjamin</createdBy>
<createdTime>2025-10-05 23:10:59 UTC</createdTime>
<generatorID>406EC9AD-E813-0A82-C384-A216C4E8C4E5</generatorID>
<ownerDesignName>mec-im_DB</ownerDesignName>
<engineerTo>
<item key="B1AF5C42-AEDA-4144-D974-4A3982245D0E" value="true"/>
</engineerTo>
<referedAttribute>5A0E677D-EB50-13ED-F7B4-52E194718208</referedAttribute>
<useDomainConstraints>false</useDomainConstraints>
<use>1</use>
<logicalDatatype>LOGDT011</logicalDatatype>
<ownDataTypeParameters>,,</ownDataTypeParameters>
</Attribute>
<Attribute name="id_tipo" id="4DA8FF8C-02F7-EA71-CCAE-7455BD4CC835">
<createdBy>Benjamin</createdBy>
<createdTime>2025-10-05 23:12:04 UTC</createdTime>
<generatorID>C9BE4952-2C57-0370-C2D4-C31D036C24BB</generatorID>
<ownerDesignName>mec-im_DB</ownerDesignName>
<engineerTo>
<item key="B1AF5C42-AEDA-4144-D974-4A3982245D0E" value="true"/>
</engineerTo>
<referedAttribute>D841A289-8AB6-4F97-526E-7DA72586246F</referedAttribute>
<useDomainConstraints>false</useDomainConstraints>
<use>1</use>
<logicalDatatype>LOGDT011</logicalDatatype>
<ownDataTypeParameters>,,</ownDataTypeParameters>
</Attribute>
<Attribute name="id_formato_reporte" id="6AE00CF3-33F9-69B5-8C15-02EB1F809B9E">
<createdBy>Benjamin</createdBy>
<createdTime>2025-10-05 23:13:15 UTC</createdTime>
<generatorID>C02B6ADD-7E5C-3BB8-3930-3288E7CC91FD</generatorID>
<ownerDesignName>mec-im_DB</ownerDesignName>
<engineerTo>
<item key="B1AF5C42-AEDA-4144-D974-4A3982245D0E" value="true"/>
</engineerTo>
<referedAttribute>20B9A663-717F-4FDF-5825-7136AD610882</referedAttribute>
<useDomainConstraints>false</useDomainConstraints>
<use>1</use>
<logicalDatatype>LOGDT011</logicalDatatype>
<ownDataTypeParameters>,,</ownDataTypeParameters>
</Attribute>
</attributes>
<identifiers itemClass="oracle.dbtools.crest.model.design.logical.CandidateKey">
<identifier id="8D90B640-9CC4-05D6-8A17-382BAA2F7C31" name="REPORTES_GENERADOS PK">
<createdBy>Benjamin</createdBy>
<createdTime>2025-10-05 23:09:16 UTC</createdTime>
<ownerDesignName>mec-im_DB</ownerDesignName>
<engineerTo>
<item key="B1AF5C42-AEDA-4144-D974-4A3982245D0E" value="true"/>
</engineerTo>
<pk>true</pk>
<usedAttributes>
<attributeRef>D20E0124-A50D-61B6-3C6E-FCCB31B0CAEA</attributeRef>
</usedAttributes>
</identifier>
</identifiers>
</Entity>