<?xml version = '1.0' encoding = 'UTF-8'?>
<Entity class="oracle.dbtools.crest.model.design.logical.Entity" directorySegmentName="seg_0" id="B01E1C75-61B8-A0A1-A405-1ADBC30989DD" name="TIPO_EVIDENCIA">
<createdBy>Benjamin</createdBy>
<createdTime>2025-10-05 17:54:37 UTC</createdTime>
<ownerDesignName>mec-im_DB</ownerDesignName>
<engineerTo>
<item key="B1AF5C42-AEDA-4144-D974-4A3982245D0E" value="true"/>
</engineerTo>
<adequatelyNormalized>NO</adequatelyNormalized>
<expectedVolumes>0</expectedVolumes>
<fwdEngineeringStrategyName>Single Table</fwdEngineeringStrategyName>
<growthPercent>0</growthPercent>
<growthType>Year</growthType>
<maxVolumes>9999999</maxVolumes>
<minVolumes>0</minVolumes>
<normalForm>Third</normalForm>
<attributes itemClass="oracle.dbtools.crest.model.design.logical.Attribute">
<Attribute name="id_tipo" id="E45B8AFA-564F-6C8B-E54B-1D8E7818C670">
<createdBy>Benjamin</createdBy>
<createdTime>2025-10-05 17:54:54 UTC</createdTime>
<ownerDesignName>mec-im_DB</ownerDesignName>
<engineerTo>
<item key="B1AF5C42-AEDA-4144-D974-4A3982245D0E" value="true"/>
</engineerTo>
<useDomainConstraints>false</useDomainConstraints>
<use>1</use>
<logicalDatatype>LOGDT011</logicalDatatype>
<ownDataTypeParameters>,,</ownDataTypeParameters>
</Attribute>
<Attribute name="nom_tipo" id="07101C46-6E83-CA29-41FB-6D7388D5350E">
<createdBy>Benjamin</createdBy>
<createdTime>2025-10-05 17:55:07 UTC</createdTime>
<ownerDesignName>mec-im_DB</ownerDesignName>
<engineerTo>
<item key="B1AF5C42-AEDA-4144-D974-4A3982245D0E" value="true"/>
</engineerTo>
<useDomainConstraints>false</useDomainConstraints>
<use>1</use>
<logicalDatatype>LOGDT024</logicalDatatype>
<dataTypeSize>35 CHAR</dataTypeSize>
<ownDataTypeParameters>35 CHAR,,</ownDataTypeParameters>
</Attribute>
</attributes>
<identifiers itemClass="oracle.dbtools.crest.model.design.logical.CandidateKey">
<identifier id="2CCDE81E-59FF-1F76-32C2-EA49A8CE28CD" name="TIPO_EVIDENCIA PK">
<createdBy>Benjamin</createdBy>
<createdTime>2025-10-05 17:55:05 UTC</createdTime>
<ownerDesignName>mec-im_DB</ownerDesignName>
<engineerTo>
<item key="B1AF5C42-AEDA-4144-D974-4A3982245D0E" value="true"/>
</engineerTo>
<pk>true</pk>
<usedAttributes>
<attributeRef>E45B8AFA-564F-6C8B-E54B-1D8E7818C670</attributeRef>
</usedAttributes>
</identifier>
</identifiers>
</Entity>