<?xml version = '1.0' encoding = 'UTF-8'?>
<Entity class="oracle.dbtools.crest.model.design.logical.Entity" directorySegmentName="seg_0" id="CE74B307-F3EE-6A4D-E862-FB0FEB7B4D51" name="NOTIFICACION">
<createdBy>Benjamin</createdBy>
<createdTime>2025-10-04 22:37:10 UTC</createdTime>
<ownerDesignName>mec-im_DB</ownerDesignName>
<engineerTo>
<item key="B1AF5C42-AEDA-4144-D974-4A3982245D0E" value="true"/>
</engineerTo>
<adequatelyNormalized>NO</adequatelyNormalized>
<expectedVolumes>0</expectedVolumes>
<fwdEngineeringStrategyName>Single Table</fwdEngineeringStrategyName>
<growthPercent>0</growthPercent>
<growthType>Year</growthType>
<maxVolumes>9999999</maxVolumes>
<minVolumes>0</minVolumes>
<normalForm>Third</normalForm>
<attributes itemClass="oracle.dbtools.crest.model.design.logical.Attribute">
<Attribute name="id_notificacion" id="1D5BC5F9-D63C-4015-259F-602B1A2CE11F">
<createdBy>Benjamin</createdBy>
<createdTime>2025-10-04 22:37:20 UTC</createdTime>
<ownerDesignName>mec-im_DB</ownerDesignName>
<engineerTo>
<item key="B1AF5C42-AEDA-4144-D974-4A3982245D0E" value="true"/>
</engineerTo>
<useDomainConstraints>false</useDomainConstraints>
<use>1</use>
<logicalDatatype>LOGDT011</logicalDatatype>
<ownDataTypeParameters>,,</ownDataTypeParameters>
</Attribute>
<Attribute name="titulo" id="E50D7338-ED36-70F6-D981-142199E0A77F">
<createdBy>Benjamin</createdBy>
<createdTime>2025-10-04 22:39:31 UTC</createdTime>
<ownerDesignName>mec-im_DB</ownerDesignName>
<engineerTo>
<item key="B1AF5C42-AEDA-4144-D974-4A3982245D0E" value="true"/>
</engineerTo>
<useDomainConstraints>false</useDomainConstraints>
<use>1</use>
<logicalDatatype>LOGDT024</logicalDatatype>
<dataTypeSize>150 CHAR</dataTypeSize>
<ownDataTypeParameters>150 CHAR,,</ownDataTypeParameters>
</Attribute>
<Attribute name="mensaje" id="7277F001-22FD-8ED1-FED4-4C9E8E3E0BD7">
<createdBy>Benjamin</createdBy>
<createdTime>2025-10-04 22:39:50 UTC</createdTime>
<ownerDesignName>mec-im_DB</ownerDesignName>
<engineerTo>
<item key="B1AF5C42-AEDA-4144-D974-4A3982245D0E" value="true"/>
</engineerTo>
<nullsAllowed>true</nullsAllowed>
<useDomainConstraints>false</useDomainConstraints>
<use>1</use>
<logicalDatatype>LOGDT040</logicalDatatype>
<ownDataTypeParameters>,,</ownDataTypeParameters>
</Attribute>
<Attribute name="leida" id="8B990711-179E-966B-3052-BCE55798CF85">
<createdBy>Benjamin</createdBy>
<createdTime>2025-10-04 22:41:15 UTC</createdTime>
<ownerDesignName>mec-im_DB</ownerDesignName>
<engineerTo>
<item key="B1AF5C42-AEDA-4144-D974-4A3982245D0E" value="true"/>
</engineerTo>
<useDomainConstraints>false</useDomainConstraints>
<use>1</use>
<logicalDatatype>LOGDT006</logicalDatatype>
<dataTypeSize>23 CHAR</dataTypeSize>
<ownDataTypeParameters>23 CHAR,,</ownDataTypeParameters>
</Attribute>
<Attribute name="fecha_leida" id="B65872BB-05EF-5231-F50F-D35CA92F110C">
<createdBy>Benjamin</createdBy>
<createdTime>2025-10-05 22:40:36 UTC</createdTime>
<ownerDesignName>mec-im_DB</ownerDesignName>
<engineerTo>
<item key="B1AF5C42-AEDA-4144-D974-4A3982245D0E" value="true"/>
</engineerTo>
<nullsAllowed>true</nullsAllowed>
<useDomainConstraints>false</useDomainConstraints>
<use>1</use>
<logicalDatatype>LOGDT008</logicalDatatype>
<ownDataTypeParameters>,,</ownDataTypeParameters>
</Attribute>
<Attribute name="fecha_creacion" id="A49E33BB-4513-F9E5-FCD5-04E0A7A8DECD">
<createdBy>Benjamin</createdBy>
<createdTime>2025-10-04 22:42:00 UTC</createdTime>
<ownerDesignName>mec-im_DB</ownerDesignName>
<engineerTo>
<item key="B1AF5C42-AEDA-4144-D974-4A3982245D0E" value="true"/>
</engineerTo>
<useDomainConstraints>false</useDomainConstraints>
<use>1</use>
<logicalDatatype>LOGDT015</logicalDatatype>
<ownDataTypeParameters>,,</ownDataTypeParameters>
</Attribute>
<Attribute name="id_usuario" id="EA55DE42-5FC6-8209-DA8B-77DB9969CBCF">
<createdBy>Benjamin</createdBy>
<createdTime>2025-10-04 22:42:32 UTC</createdTime>
<generatorID>AB461B6E-692F-3D1A-869F-C43B8630D26D</generatorID>
<ownerDesignName>mec-im_DB</ownerDesignName>
<engineerTo>
<item key="B1AF5C42-AEDA-4144-D974-4A3982245D0E" value="true"/>
</engineerTo>
<referedAttribute>5A0E677D-EB50-13ED-F7B4-52E194718208</referedAttribute>
<useDomainConstraints>false</useDomainConstraints>
<use>1</use>
<logicalDatatype>LOGDT011</logicalDatatype>
<ownDataTypeParameters>,,</ownDataTypeParameters>
</Attribute>
<Attribute name="requiiere_accion" id="385D59E5-0292-9ED2-6F2C-A9644540A01B">
<createdBy>Benjamin</createdBy>
<createdTime>2025-10-05 22:40:52 UTC</createdTime>
<ownerDesignName>mec-im_DB</ownerDesignName>
<engineerTo>
<item key="B1AF5C42-AEDA-4144-D974-4A3982245D0E" value="true"/>
</engineerTo>
<nullsAllowed>true</nullsAllowed>
<useDomainConstraints>false</useDomainConstraints>
<use>1</use>
<logicalDatatype>LOGDT006</logicalDatatype>
<dataTypeSize>6 CHAR</dataTypeSize>
<ownDataTypeParameters>6 CHAR,,</ownDataTypeParameters>
</Attribute>
<Attribute name="fecha_expiracion" id="55566B12-ECD8-64CD-9C65-AE3243E84FE1">
<createdBy>Benjamin</createdBy>
<createdTime>2025-10-05 22:41:09 UTC</createdTime>
<ownerDesignName>mec-im_DB</ownerDesignName>
<engineerTo>
<item key="B1AF5C42-AEDA-4144-D974-4A3982245D0E" value="true"/>
</engineerTo>
<nullsAllowed>true</nullsAllowed>
<useDomainConstraints>false</useDomainConstraints>
<use>1</use>
<logicalDatatype>LOGDT008</logicalDatatype>
<ownDataTypeParameters>,,</ownDataTypeParameters>
</Attribute>
<Attribute name="id_prioridad" id="D26345C2-5C72-BDEC-7FB2-D05C7E66B8F4">
<createdBy>Benjamin</createdBy>
<createdTime>2025-10-05 22:59:40 UTC</createdTime>
<generatorID>F45B06C5-72C9-A169-1AA7-18633213DB47</generatorID>
<ownerDesignName>mec-im_DB</ownerDesignName>
<engineerTo>
<item key="B1AF5C42-AEDA-4144-D974-4A3982245D0E" value="true"/>
</engineerTo>
<referedAttribute>428EF2FB-55BD-8935-B348-43FC6672BF4A</referedAttribute>
<useDomainConstraints>false</useDomainConstraints>
<use>1</use>
<logicalDatatype>LOGDT011</logicalDatatype>
<ownDataTypeParameters>,,</ownDataTypeParameters>
</Attribute>
<Attribute name="id_tipo_not" id="887FB3CD-9350-D740-545A-6AA0C27249B3">
<createdBy>Benjamin</createdBy>
<createdTime>2025-10-05 23:00:49 UTC</createdTime>
<generatorID>3E58048B-0C4E-DF46-93BE-21A34671E7E7</generatorID>
<ownerDesignName>mec-im_DB</ownerDesignName>
<engineerTo>
<item key="B1AF5C42-AEDA-4144-D974-4A3982245D0E" value="true"/>
</engineerTo>
<referedAttribute>1231B20E-4850-E42D-4F2B-DC2860EE3D48</referedAttribute>
<useDomainConstraints>false</useDomainConstraints>
<use>1</use>
<logicalDatatype>LOGDT011</logicalDatatype>
<ownDataTypeParameters>,,</ownDataTypeParameters>
</Attribute>
<Attribute name="id_tipo_referencia" id="04E36341-5419-56A2-FD4B-0C3E3F5506B5">
<createdBy>Benjamin</createdBy>
<createdTime>2025-10-05 23:01:46 UTC</createdTime>
<generatorID>D73DD8F4-CA20-3897-D441-8496BF0163A7</generatorID>
<ownerDesignName>mec-im_DB</ownerDesignName>
<engineerTo>
<item key="B1AF5C42-AEDA-4144-D974-4A3982245D0E" value="true"/>
</engineerTo>
<referedAttribute>79E60E09-6C7C-E342-B5B4-885D6DED4C73</referedAttribute>
<useDomainConstraints>false</useDomainConstraints>
<use>1</use>
<logicalDatatype>LOGDT011</logicalDatatype>
<ownDataTypeParameters>,,</ownDataTypeParameters>
</Attribute>
</attributes>
<identifiers itemClass="oracle.dbtools.crest.model.design.logical.CandidateKey">
<identifier id="7DB2359B-393D-E648-1CFD-6C049098453B" name="NOTIFICACION PK">
<createdBy>Benjamin</createdBy>
<createdTime>2025-10-04 22:37:36 UTC</createdTime>
<ownerDesignName>mec-im_DB</ownerDesignName>
<shouldEngineer>false</shouldEngineer>
<engineerTo>
<item key="B1AF5C42-AEDA-4144-D974-4A3982245D0E" value="false"/>
</engineerTo>
<pk>true</pk>
<usedAttributes>
<attributeRef>1D5BC5F9-D63C-4015-259F-602B1A2CE11F</attributeRef>
</usedAttributes>
</identifier>
</identifiers>
</Entity>