<?xml version = '1.0' encoding = 'UTF-8'?>
<Entity class="oracle.dbtools.crest.model.design.logical.Entity" directorySegmentName="seg_0" id="D2F84A5E-BCC1-475C-BD11-B8C23F8B8098" name="PRESTAMO_LLAVES">
<createdBy>Benjamin</createdBy>
<createdTime>2025-10-04 22:11:17 UTC</createdTime>
<ownerDesignName>mec-im_DB</ownerDesignName>
<engineerTo>
<item key="B1AF5C42-AEDA-4144-D974-4A3982245D0E" value="true"/>
</engineerTo>
<adequatelyNormalized>NO</adequatelyNormalized>
<expectedVolumes>0</expectedVolumes>
<fwdEngineeringStrategyName>Single Table</fwdEngineeringStrategyName>
<growthPercent>0</growthPercent>
<growthType>Year</growthType>
<maxVolumes>9999999</maxVolumes>
<minVolumes>0</minVolumes>
<normalForm>Third</normalForm>
<attributes itemClass="oracle.dbtools.crest.model.design.logical.Attribute">
<Attribute name="id_prestamo" id="F5D93410-227A-CD57-965D-384412E2EBB7">
<createdBy>Benjamin</createdBy>
<createdTime>2025-10-04 22:14:03 UTC</createdTime>
<ownerDesignName>mec-im_DB</ownerDesignName>
<engineerTo>
<item key="B1AF5C42-AEDA-4144-D974-4A3982245D0E" value="true"/>
</engineerTo>
<useDomainConstraints>false</useDomainConstraints>
<use>1</use>
<logicalDatatype>LOGDT011</logicalDatatype>
<ownDataTypeParameters>,,</ownDataTypeParameters>
</Attribute>
<Attribute name="fecha_prestamo" id="535DF787-F58E-8203-0325-BF50B7C19614">
<createdBy>Benjamin</createdBy>
<createdTime>2025-10-04 22:20:01 UTC</createdTime>
<ownerDesignName>mec-im_DB</ownerDesignName>
<engineerTo>
<item key="B1AF5C42-AEDA-4144-D974-4A3982245D0E" value="true"/>
</engineerTo>
<useDomainConstraints>false</useDomainConstraints>
<use>1</use>
<logicalDatatype>LOGDT008</logicalDatatype>
<ownDataTypeParameters>,,</ownDataTypeParameters>
</Attribute>
<Attribute name="fecha_devolucion_programada" id="E646578F-0718-2A8F-21DE-3F7003126176">
<createdBy>Benjamin</createdBy>
<createdTime>2025-10-04 22:20:24 UTC</createdTime>
<ownerDesignName>mec-im_DB</ownerDesignName>
<engineerTo>
<item key="B1AF5C42-AEDA-4144-D974-4A3982245D0E" value="true"/>
</engineerTo>
<useDomainConstraints>false</useDomainConstraints>
<use>1</use>
<logicalDatatype>LOGDT008</logicalDatatype>
<ownDataTypeParameters>,,</ownDataTypeParameters>
</Attribute>
<Attribute name="fecha_devolucion_real" id="8E266BA6-31A0-E51D-36F1-76F8544B9625">
<createdBy>Benjamin</createdBy>
<createdTime>2025-10-05 20:13:52 UTC</createdTime>
<ownerDesignName>mec-im_DB</ownerDesignName>
<engineerTo>
<item key="B1AF5C42-AEDA-4144-D974-4A3982245D0E" value="true"/>
</engineerTo>
<nullsAllowed>true</nullsAllowed>
<useDomainConstraints>false</useDomainConstraints>
<use>1</use>
<logicalDatatype>LOGDT008</logicalDatatype>
<ownDataTypeParameters>,,</ownDataTypeParameters>
</Attribute>
<Attribute name="motivo" id="1AEC7C08-765C-B619-04D5-3307C70EA9E3">
<createdBy>Benjamin</createdBy>
<createdTime>2025-10-04 22:20:38 UTC</createdTime>
<ownerDesignName>mec-im_DB</ownerDesignName>
<engineerTo>
<item key="B1AF5C42-AEDA-4144-D974-4A3982245D0E" value="true"/>
</engineerTo>
<useDomainConstraints>false</useDomainConstraints>
<use>1</use>
<logicalDatatype>LOGDT040</logicalDatatype>
<ownDataTypeParameters>,,</ownDataTypeParameters>
</Attribute>
<Attribute name="observaciones" id="4AE77210-42E8-D3B3-F73F-9A01702E224E">
<createdBy>Benjamin</createdBy>
<createdTime>2025-10-04 22:20:55 UTC</createdTime>
<ownerDesignName>mec-im_DB</ownerDesignName>
<engineerTo>
<item key="B1AF5C42-AEDA-4144-D974-4A3982245D0E" value="true"/>
</engineerTo>
<useDomainConstraints>false</useDomainConstraints>
<use>1</use>
<logicalDatatype>LOGDT040</logicalDatatype>
<ownDataTypeParameters>,,</ownDataTypeParameters>
</Attribute>
<Attribute name="id_llave" id="20C39C84-5AA7-9249-DB04-79E8DCE0FCAF">
<createdBy>Benjamin</createdBy>
<createdTime>2025-10-04 22:21:41 UTC</createdTime>
<generatorID>670B60E3-9416-13B0-DAF0-8DC4A13B1D69</generatorID>
<ownerDesignName>mec-im_DB</ownerDesignName>
<engineerTo>
<item key="B1AF5C42-AEDA-4144-D974-4A3982245D0E" value="true"/>
</engineerTo>
<referedAttribute>FC722FB2-E391-6649-6727-B5727933CD58</referedAttribute>
<useDomainConstraints>false</useDomainConstraints>
<use>1</use>
<logicalDatatype>LOGDT011</logicalDatatype>
<ownDataTypeParameters>,,</ownDataTypeParameters>
</Attribute>
<Attribute name="id_usuario" id="265B7917-FB4F-F744-C6D0-049A543C33AF">
<createdBy>Benjamin</createdBy>
<createdTime>2025-10-04 22:21:57 UTC</createdTime>
<generatorID>0D350A76-5156-1B39-FB3A-C17B827D05F4</generatorID>
<ownerDesignName>mec-im_DB</ownerDesignName>
<engineerTo>
<item key="B1AF5C42-AEDA-4144-D974-4A3982245D0E" value="true"/>
</engineerTo>
<referedAttribute>5A0E677D-EB50-13ED-F7B4-52E194718208</referedAttribute>
<useDomainConstraints>false</useDomainConstraints>
<use>1</use>
<logicalDatatype>LOGDT011</logicalDatatype>
<ownDataTypeParameters>,,</ownDataTypeParameters>
</Attribute>
<Attribute name="id_estado_prestamo_llaves" id="37514C8A-5622-0259-C3A7-BA155D6EC310">
<createdBy>Benjamin</createdBy>
<createdTime>2025-10-05 20:15:22 UTC</createdTime>
<generatorID>493FDC0B-3CEE-5227-E69D-6E7CF49CD757</generatorID>
<ownerDesignName>mec-im_DB</ownerDesignName>
<engineerTo>
<item key="B1AF5C42-AEDA-4144-D974-4A3982245D0E" value="true"/>
</engineerTo>
<referedAttribute>8012D6CB-109B-B5F9-0961-01824EC8EB69</referedAttribute>
<useDomainConstraints>false</useDomainConstraints>
<use>1</use>
<logicalDatatype>LOGDT011</logicalDatatype>
<ownDataTypeParameters>,,</ownDataTypeParameters>
</Attribute>
</attributes>
<identifiers itemClass="oracle.dbtools.crest.model.design.logical.CandidateKey">
<identifier id="03000B07-3467-FACA-B13A-5C4B421D1F1F" name="PRESTAMO_LLAVES PK">
<createdBy>Benjamin</createdBy>
<createdTime>2025-10-04 22:14:34 UTC</createdTime>
<ownerDesignName>mec-im_DB</ownerDesignName>
<engineerTo>
<item key="B1AF5C42-AEDA-4144-D974-4A3982245D0E" value="true"/>
</engineerTo>
<pk>true</pk>
<usedAttributes>
<attributeRef>F5D93410-227A-CD57-965D-384412E2EBB7</attributeRef>
</usedAttributes>
</identifier>
</identifiers>
</Entity>