<?xml version = '1.0' encoding = 'UTF-8'?>
<Entity class="oracle.dbtools.crest.model.design.logical.Entity" directorySegmentName="seg_0" id="EEDCA6E9-F57C-EC61-EEC6-A71B4DFB5AE1" name="ORDEN_REPUESTO">
<createdBy>Benjamin</createdBy>
<createdTime>2025-10-04 22:02:46 UTC</createdTime>
<ownerDesignName>mec-im_DB</ownerDesignName>
<engineerTo>
<item key="B1AF5C42-AEDA-4144-D974-4A3982245D0E" value="true"/>
</engineerTo>
<adequatelyNormalized>NO</adequatelyNormalized>
<expectedVolumes>0</expectedVolumes>
<fwdEngineeringStrategyName>Single Table</fwdEngineeringStrategyName>
<growthPercent>0</growthPercent>
<growthType>Year</growthType>
<maxVolumes>9999999</maxVolumes>
<minVolumes>0</minVolumes>
<normalForm>Third</normalForm>
<attributes itemClass="oracle.dbtools.crest.model.design.logical.Attribute">
<Attribute name="id_orden_repuesto" id="D53CEB98-E57C-FDD7-B636-8636D8591E94">
<createdBy>Benjamin</createdBy>
<createdTime>2025-10-04 22:02:59 UTC</createdTime>
<ownerDesignName>mec-im_DB</ownerDesignName>
<engineerTo>
<item key="B1AF5C42-AEDA-4144-D974-4A3982245D0E" value="true"/>
</engineerTo>
<useDomainConstraints>false</useDomainConstraints>
<use>1</use>
<logicalDatatype>LOGDT011</logicalDatatype>
<ownDataTypeParameters>,,</ownDataTypeParameters>
</Attribute>
<Attribute name="cantidad_solicitada" id="D27DEF79-E0C3-4ACB-4005-0B746ED350C3">
<createdBy>Benjamin</createdBy>
<createdTime>2025-10-05 19:59:59 UTC</createdTime>
<ownerDesignName>mec-im_DB</ownerDesignName>
<engineerTo>
<item key="B1AF5C42-AEDA-4144-D974-4A3982245D0E" value="true"/>
</engineerTo>
<useDomainConstraints>false</useDomainConstraints>
<use>1</use>
<logicalDatatype>LOGDT011</logicalDatatype>
<ownDataTypeParameters>,,</ownDataTypeParameters>
</Attribute>
<Attribute name="cantidad_usada" id="D89BF183-D325-BBE7-932D-3B012CCB9779">
<createdBy>Benjamin</createdBy>
<createdTime>2025-10-04 22:03:20 UTC</createdTime>
<ownerDesignName>mec-im_DB</ownerDesignName>
<engineerTo>
<item key="B1AF5C42-AEDA-4144-D974-4A3982245D0E" value="true"/>
</engineerTo>
<useDomainConstraints>false</useDomainConstraints>
<use>1</use>
<logicalDatatype>LOGDT011</logicalDatatype>
<ownDataTypeParameters>,,</ownDataTypeParameters>
</Attribute>
<Attribute name="precio_unitario" id="4B395C9D-09F5-4FE7-844F-E10CBC4A8230">
<createdBy>Benjamin</createdBy>
<createdTime>2025-10-05 20:01:29 UTC</createdTime>
<ownerDesignName>mec-im_DB</ownerDesignName>
<engineerTo>
<item key="B1AF5C42-AEDA-4144-D974-4A3982245D0E" value="true"/>
</engineerTo>
<useDomainConstraints>false</useDomainConstraints>
<use>1</use>
<logicalDatatype>LOGDT026</logicalDatatype>
<dataTypePrecision>10</dataTypePrecision>
<dataTypeScale>2</dataTypeScale>
<ownDataTypeParameters>,10,2</ownDataTypeParameters>
</Attribute>
<Attribute name="id_repuesto" id="2140DBC6-3BD4-6655-12E2-CC8CF3920D0C">
<createdBy>Benjamin</createdBy>
<createdTime>2025-10-04 22:05:21 UTC</createdTime>
<generatorID>52C85875-9BF0-E8D9-2C5C-E0597807FB63</generatorID>
<ownerDesignName>mec-im_DB</ownerDesignName>
<engineerTo>
<item key="B1AF5C42-AEDA-4144-D974-4A3982245D0E" value="true"/>
</engineerTo>
<referedAttribute>A8069424-14D3-DFEA-7F0A-E7A829270889</referedAttribute>
<useDomainConstraints>false</useDomainConstraints>
<use>1</use>
<logicalDatatype>LOGDT011</logicalDatatype>
<ownDataTypeParameters>,,</ownDataTypeParameters>
</Attribute>
<Attribute name="id_orden" id="1789A277-D7A7-9006-D92C-1CA1F70FD025">
<createdBy>Benjamin</createdBy>
<createdTime>2025-10-05 20:01:19 UTC</createdTime>
<generatorID>DCBFFFD6-EBE1-A4B8-108E-02417A755F08</generatorID>
<ownerDesignName>mec-im_DB</ownerDesignName>
<engineerTo>
<item key="B1AF5C42-AEDA-4144-D974-4A3982245D0E" value="true"/>
</engineerTo>
<referedAttribute>930C20A9-6F01-5B9A-E905-E9A26049869E</referedAttribute>
<useDomainConstraints>false</useDomainConstraints>
<use>1</use>
<logicalDatatype>LOGDT011</logicalDatatype>
<ownDataTypeParameters>,,</ownDataTypeParameters>
</Attribute>
<Attribute name="subtotal" id="20BBCD76-B6D2-AAA4-082E-5097D3A17FC0">
<createdBy>Benjamin</createdBy>
<createdTime>2025-10-05 20:01:50 UTC</createdTime>
<ownerDesignName>mec-im_DB</ownerDesignName>
<engineerTo>
<item key="B1AF5C42-AEDA-4144-D974-4A3982245D0E" value="true"/>
</engineerTo>
<nullsAllowed>true</nullsAllowed>
<useDomainConstraints>false</useDomainConstraints>
<use>1</use>
<logicalDatatype>LOGDT026</logicalDatatype>
<dataTypePrecision>10</dataTypePrecision>
<dataTypeScale>2</dataTypeScale>
<ownDataTypeParameters>,10,2</ownDataTypeParameters>
</Attribute>
<Attribute name="fecha_solicitud" id="A7E6A2BA-61A6-ABCD-D473-CBCF15EF9BC3">
<createdBy>Benjamin</createdBy>
<createdTime>2025-10-05 20:02:53 UTC</createdTime>
<ownerDesignName>mec-im_DB</ownerDesignName>
<engineerTo>
<item key="B1AF5C42-AEDA-4144-D974-4A3982245D0E" value="true"/>
</engineerTo>
<nullsAllowed>true</nullsAllowed>
<useDomainConstraints>false</useDomainConstraints>
<use>1</use>
<logicalDatatype>LOGDT015</logicalDatatype>
<dataTypePrecision>3</dataTypePrecision>
<ownDataTypeParameters>,3,</ownDataTypeParameters>
</Attribute>
<Attribute name="fecha_entrega" id="129F271C-173D-D3FF-FAFC-7149639D6310">
<createdBy>Benjamin</createdBy>
<createdTime>2025-10-05 20:03:28 UTC</createdTime>
<ownerDesignName>mec-im_DB</ownerDesignName>
<engineerTo>
<item key="B1AF5C42-AEDA-4144-D974-4A3982245D0E" value="true"/>
</engineerTo>
<nullsAllowed>true</nullsAllowed>
<useDomainConstraints>false</useDomainConstraints>
<use>1</use>
<logicalDatatype>LOGDT015</logicalDatatype>
<dataTypePrecision>3</dataTypePrecision>
<ownDataTypeParameters>,3,</ownDataTypeParameters>
</Attribute>
<Attribute name="id_usuario" id="0260FD17-AF4C-E293-8DB9-9165B208A711">
<createdBy>Benjamin</createdBy>
<createdTime>2025-10-05 20:04:21 UTC</createdTime>
<generatorID>A5D73B05-D495-931D-E246-AF5B8D9481B3</generatorID>
<ownerDesignName>mec-im_DB</ownerDesignName>
<engineerTo>
<item key="B1AF5C42-AEDA-4144-D974-4A3982245D0E" value="true"/>
</engineerTo>
<referedAttribute>5A0E677D-EB50-13ED-F7B4-52E194718208</referedAttribute>
<useDomainConstraints>false</useDomainConstraints>
<use>1</use>
<logicalDatatype>LOGDT011</logicalDatatype>
<ownDataTypeParameters>,,</ownDataTypeParameters>
</Attribute>
<Attribute name="id_estado_orden_repuesto" id="74F5A084-0622-08C1-5317-D45CBA569AAE">
<createdBy>Benjamin</createdBy>
<createdTime>2025-10-05 20:07:07 UTC</createdTime>
<generatorID>EC9B87FF-8D7C-D4A7-3608-372256B6FA4B</generatorID>
<ownerDesignName>mec-im_DB</ownerDesignName>
<engineerTo>
<item key="B1AF5C42-AEDA-4144-D974-4A3982245D0E" value="true"/>
</engineerTo>
<referedAttribute>1818D63A-B2B1-3835-C5E3-EF69F8A4F263</referedAttribute>
<useDomainConstraints>false</useDomainConstraints>
<use>1</use>
<logicalDatatype>LOGDT011</logicalDatatype>
<ownDataTypeParameters>,,</ownDataTypeParameters>
</Attribute>
</attributes>
<identifiers itemClass="oracle.dbtools.crest.model.design.logical.CandidateKey">
<identifier id="63650F08-1415-42D0-4FBC-6E28F2249D6A" name="ORDEN_REPUESTO PK">
<createdBy>Benjamin</createdBy>
<createdTime>2025-10-04 22:03:19 UTC</createdTime>
<ownerDesignName>mec-im_DB</ownerDesignName>
<engineerTo>
<item key="B1AF5C42-AEDA-4144-D974-4A3982245D0E" value="true"/>
</engineerTo>
<pk>true</pk>
<usedAttributes>
<attributeRef>D53CEB98-E57C-FDD7-B636-8636D8591E94</attributeRef>
</usedAttributes>
</identifier>
</identifiers>
</Entity>