<?xml version = '1.0' encoding = 'UTF-8'?>
<Entity class="oracle.dbtools.crest.model.design.logical.Entity" directorySegmentName="seg_0" id="FB5616A0-3E93-FACD-5B6A-785D76D7819F" name="INGRESO_VEHICULO">
<createdBy>Benjamin</createdBy>
<createdTime>2025-10-04 02:56:21 UTC</createdTime>
<ownerDesignName>mec-im_DB</ownerDesignName>
<engineerTo>
<item key="B1AF5C42-AEDA-4144-D974-4A3982245D0E" value="true"/>
</engineerTo>
<adequatelyNormalized>NO</adequatelyNormalized>
<expectedVolumes>0</expectedVolumes>
<fwdEngineeringStrategyName>Single Table</fwdEngineeringStrategyName>
<growthPercent>0</growthPercent>
<growthType>Year</growthType>
<maxVolumes>9999999</maxVolumes>
<minVolumes>0</minVolumes>
<normalForm>Third</normalForm>
<attributes itemClass="oracle.dbtools.crest.model.design.logical.Attribute">
<Attribute name="id_ingreso" id="ECA7AD1B-0959-53F5-1D88-1106A03A3849">
<createdBy>Benjamin</createdBy>
<createdTime>2025-10-04 02:56:43 UTC</createdTime>
<ownerDesignName>mec-im_DB</ownerDesignName>
<engineerTo>
<item key="B1AF5C42-AEDA-4144-D974-4A3982245D0E" value="true"/>
</engineerTo>
<useDomainConstraints>false</useDomainConstraints>
<use>1</use>
<logicalDatatype>LOGDT011</logicalDatatype>
<ownDataTypeParameters>,,</ownDataTypeParameters>
</Attribute>
<Attribute name="fecha_ingreso" id="2405A02C-21AD-E22D-9411-6CF6322FE886">
<createdBy>Benjamin</createdBy>
<createdTime>2025-10-04 02:56:44 UTC</createdTime>
<ownerDesignName>mec-im_DB</ownerDesignName>
<engineerTo>
<item key="B1AF5C42-AEDA-4144-D974-4A3982245D0E" value="true"/>
</engineerTo>
<useDomainConstraints>false</useDomainConstraints>
<use>1</use>
<logicalDatatype>LOGDT008</logicalDatatype>
<ownDataTypeParameters>,,</ownDataTypeParameters>
</Attribute>
<Attribute name="hora_registro_guardia" id="CC9C0845-E09C-5F69-F602-FB5ABCFFDD4A">
<createdBy>Benjamin</createdBy>
<createdTime>2025-10-05 18:01:37 UTC</createdTime>
<ownerDesignName>mec-im_DB</ownerDesignName>
<engineerTo>
<item key="B1AF5C42-AEDA-4144-D974-4A3982245D0E" value="true"/>
</engineerTo>
<useDomainConstraints>false</useDomainConstraints>
<use>1</use>
<logicalDatatype>LOGDT008</logicalDatatype>
<ownDataTypeParameters>,,</ownDataTypeParameters>
</Attribute>
<Attribute name="observaciones " id="437AF95F-D9F3-7002-A7FE-5F452171B1D5">
<createdBy>Benjamin</createdBy>
<createdTime>2025-10-05 18:02:00 UTC</createdTime>
<ownerDesignName>mec-im_DB</ownerDesignName>
<engineerTo>
<item key="B1AF5C42-AEDA-4144-D974-4A3982245D0E" value="true"/>
</engineerTo>
<nullsAllowed>true</nullsAllowed>
<useDomainConstraints>false</useDomainConstraints>
<use>1</use>
<logicalDatatype>LOGDT040</logicalDatatype>
<ownDataTypeParameters>,,</ownDataTypeParameters>
</Attribute>
<Attribute name="fecha_salida " id="631F56F5-CC6A-0BC6-28CD-A7FCE6B61D3A">
<createdBy>Benjamin</createdBy>
<createdTime>2025-10-04 02:56:44 UTC</createdTime>
<ownerDesignName>mec-im_DB</ownerDesignName>
<engineerTo>
<item key="B1AF5C42-AEDA-4144-D974-4A3982245D0E" value="true"/>
</engineerTo>
<nullsAllowed>true</nullsAllowed>
<useDomainConstraints>false</useDomainConstraints>
<use>1</use>
<logicalDatatype>LOGDT008</logicalDatatype>
<ownDataTypeParameters>,,</ownDataTypeParameters>
</Attribute>
<Attribute name="motivo_ingreso" id="58134E34-335A-AD3C-D9E0-10F499970D58">
<createdBy>Benjamin</createdBy>
<createdTime>2025-10-04 02:56:44 UTC</createdTime>
<ownerDesignName>mec-im_DB</ownerDesignName>
<engineerTo>
<item key="B1AF5C42-AEDA-4144-D974-4A3982245D0E" value="true"/>
</engineerTo>
<useDomainConstraints>false</useDomainConstraints>
<use>1</use>
<logicalDatatype>LOGDT040</logicalDatatype>
<ownDataTypeParameters>,,</ownDataTypeParameters>
</Attribute>
<Attribute name="kilometraje_ingreso" id="A43DA834-511E-909D-EA96-C4A50DA31EFE">
<createdBy>Benjamin</createdBy>
<createdTime>2025-10-04 02:58:48 UTC</createdTime>
<ownerDesignName>mec-im_DB</ownerDesignName>
<engineerTo>
<item key="B1AF5C42-AEDA-4144-D974-4A3982245D0E" value="true"/>
</engineerTo>
<useDomainConstraints>false</useDomainConstraints>
<use>1</use>
<logicalDatatype>LOGDT015</logicalDatatype>
<ownDataTypeParameters>,,</ownDataTypeParameters>
</Attribute>
<Attribute name="documento_salida" id="678F66D2-7DBD-CF27-EA18-17C7D97ACA2A">
<createdBy>Benjamin</createdBy>
<createdTime>2025-10-04 03:00:37 UTC</createdTime>
<ownerDesignName>mec-im_DB</ownerDesignName>
<engineerTo>
<item key="B1AF5C42-AEDA-4144-D974-4A3982245D0E" value="true"/>
</engineerTo>
<nullsAllowed>true</nullsAllowed>
<useDomainConstraints>false</useDomainConstraints>
<use>1</use>
<logicalDatatype>LOGDT024</logicalDatatype>
<dataTypeSize>255 CHAR</dataTypeSize>
<ownDataTypeParameters>255 CHAR,,</ownDataTypeParameters>
</Attribute>
<Attribute name="fecha_cracion " id="ECB49E82-F436-7C8D-7BF9-555656EECE2C">
<createdBy>Benjamin</createdBy>
<createdTime>2025-10-04 03:01:05 UTC</createdTime>
<ownerDesignName>mec-im_DB</ownerDesignName>
<engineerTo>
<item key="B1AF5C42-AEDA-4144-D974-4A3982245D0E" value="true"/>
</engineerTo>
<useDomainConstraints>false</useDomainConstraints>
<use>1</use>
<logicalDatatype>LOGDT015</logicalDatatype>
<ownDataTypeParameters>,,</ownDataTypeParameters>
</Attribute>
<Attribute name="id_vehiculo" id="CDC40617-9EC0-A6CE-CA6D-15F1B62B9860">
<createdBy>Benjamin</createdBy>
<createdTime>2025-10-04 03:02:18 UTC</createdTime>
<generatorID>9D853DCB-B282-6E34-A19E-929EDFA3BFE7</generatorID>
<ownerDesignName>mec-im_DB</ownerDesignName>
<engineerTo>
<item key="B1AF5C42-AEDA-4144-D974-4A3982245D0E" value="true"/>
</engineerTo>
<referedAttribute>EF0C5177-EC74-FE7B-C58E-934BFAA04248</referedAttribute>
<useDomainConstraints>false</useDomainConstraints>
<use>1</use>
<logicalDatatype>LOGDT011</logicalDatatype>
<ownDataTypeParameters>,,</ownDataTypeParameters>
</Attribute>
<Attribute name="id_usuario" id="DF1476EC-2307-4186-3ADD-6775388748F0">
<createdBy>Benjamin</createdBy>
<createdTime>2025-10-05 18:00:51 UTC</createdTime>
<generatorID>B91BE2F3-B0AD-4B0D-C0E5-54113F9F83F6</generatorID>
<ownerDesignName>mec-im_DB</ownerDesignName>
<engineerTo>
<item key="B1AF5C42-AEDA-4144-D974-4A3982245D0E" value="true"/>
</engineerTo>
<referedAttribute>5A0E677D-EB50-13ED-F7B4-52E194718208</referedAttribute>
<useDomainConstraints>false</useDomainConstraints>
<use>1</use>
<logicalDatatype>LOGDT011</logicalDatatype>
<ownDataTypeParameters>,,</ownDataTypeParameters>
</Attribute>
<Attribute name="id_nivel_comb" id="6F3671B8-0120-2DF5-999A-8111511BE4C8">
<createdBy>Benjamin</createdBy>
<createdTime>2025-10-05 19:12:12 UTC</createdTime>
<generatorID>3E376DB0-D236-04EB-3ECE-163F6576B8C5</generatorID>
<ownerDesignName>mec-im_DB</ownerDesignName>
<engineerTo>
<item key="B1AF5C42-AEDA-4144-D974-4A3982245D0E" value="true"/>
</engineerTo>
<referedAttribute>0D0E220D-224A-7EBC-7D65-8FA7BC210338</referedAttribute>
<useDomainConstraints>false</useDomainConstraints>
<use>1</use>
<logicalDatatype>LOGDT011</logicalDatatype>
<ownDataTypeParameters>,,</ownDataTypeParameters>
</Attribute>
<Attribute name="id_estado" id="B505863D-0F5B-C5C6-E12D-C93015A61B21">
<createdBy>Benjamin</createdBy>
<createdTime>2025-10-05 19:14:52 UTC</createdTime>
<generatorID>0370339E-7010-EBF9-2B4B-ACD0B0B33192</generatorID>
<ownerDesignName>mec-im_DB</ownerDesignName>
<engineerTo>
<item key="B1AF5C42-AEDA-4144-D974-4A3982245D0E" value="true"/>
</engineerTo>
<referedAttribute>EC418CBB-F91C-CCCE-F0CD-C0191CFB719E</referedAttribute>
<useDomainConstraints>false</useDomainConstraints>
<use>1</use>
<logicalDatatype>LOGDT011</logicalDatatype>
<ownDataTypeParameters>,,</ownDataTypeParameters>
</Attribute>
<Attribute name="id_prio" id="4EA93609-9B83-5C52-0AAC-7EFFF7C5AC9D">
<createdBy>Benjamin</createdBy>
<createdTime>2025-10-05 19:17:20 UTC</createdTime>
<generatorID>D033689F-9E82-7D33-BCAF-DDEA0B88D167</generatorID>
<ownerDesignName>mec-im_DB</ownerDesignName>
<engineerTo>
<item key="B1AF5C42-AEDA-4144-D974-4A3982245D0E" value="true"/>
</engineerTo>
<referedAttribute>09D73AC0-0459-A1E2-89F1-C3475CBD67A9</referedAttribute>
<useDomainConstraints>false</useDomainConstraints>
<use>1</use>
<logicalDatatype>LOGDT011</logicalDatatype>
<ownDataTypeParameters>,,</ownDataTypeParameters>
</Attribute>
<Attribute name="comentarios_salida" id="43BBC052-BA73-4BC4-0899-841FA39FCE5C">
<createdBy>Benjamin</createdBy>
<createdTime>2025-10-05 19:17:44 UTC</createdTime>
<ownerDesignName>mec-im_DB</ownerDesignName>
<engineerTo>
<item key="B1AF5C42-AEDA-4144-D974-4A3982245D0E" value="true"/>
</engineerTo>
<nullsAllowed>true</nullsAllowed>
<useDomainConstraints>false</useDomainConstraints>
<use>1</use>
<logicalDatatype>LOGDT040</logicalDatatype>
<ownDataTypeParameters>,,</ownDataTypeParameters>
</Attribute>
<Attribute name="calificacion_salida" id="97E1126A-4501-DCD7-DED6-5FC18E0A888E">
<createdBy>Benjamin</createdBy>
<createdTime>2025-10-05 19:17:55 UTC</createdTime>
<ownerDesignName>mec-im_DB</ownerDesignName>
<engineerTo>
<item key="B1AF5C42-AEDA-4144-D974-4A3982245D0E" value="true"/>
</engineerTo>
<nullsAllowed>true</nullsAllowed>
<useDomainConstraints>false</useDomainConstraints>
<use>1</use>
<logicalDatatype>LOGDT011</logicalDatatype>
<ownDataTypeParameters>,,</ownDataTypeParameters>
</Attribute>
</attributes>
<identifiers itemClass="oracle.dbtools.crest.model.design.logical.CandidateKey">
<identifier id="641DEBD1-5D0F-3351-779C-1C261E621BC1" name="INGRESO_VEHICULO PK">
<createdBy>Benjamin</createdBy>
<createdTime>2025-10-04 02:57:00 UTC</createdTime>
<ownerDesignName>mec-im_DB</ownerDesignName>
<engineerTo>
<item key="B1AF5C42-AEDA-4144-D974-4A3982245D0E" value="true"/>
</engineerTo>
<pk>true</pk>
<usedAttributes>
<attributeRef>ECA7AD1B-0959-53F5-1D88-1106A03A3849</attributeRef>
</usedAttributes>
</identifier>
</identifiers>
</Entity>