<?xml version = '1.0' encoding = 'UTF-8'?>
<Diagram class="oracle.dbtools.crest.swingui.logical.DPVLogical" name="Logical" id="54534477-C38D-AEA2-2911-400984C2A057">
<createdBy>bdiazo</createdBy>
<modifiedBy>bdiazo</modifiedBy>
<createdTime>2025-10-03 19:21:22 UTC</createdTime>
<autoRoute>false</autoRoute>
<boxInbox>true</boxInbox>
<showLegend>false</showLegend>
<showLabels>false</showLabels>
<showRelAttributes>false</showRelAttributes>
<gridEnabled>false</gridEnabled>
<showGrid>false</showGrid>
<diagramColor>-1</diagramColor>
<display>false</display>
<notation>1</notation>
<objectViews>
<OView class="oracle.dbtools.crest.swingui.logical.TVEntity" oid="04DE6D11-E0CD-CB65-E79D-21CCB44BBB6D" otype="Entity" vid="A1A0F9AE-DE8B-20F7-64BB-E9D6508BC98E">
<hideElementsInCurrentOnly>false</hideElementsInCurrentOnly>
<bounds x="0" y="1128" width="235" height="183"/>
</OView>
<OView class="oracle.dbtools.crest.swingui.logical.TVEntity" oid="15EBD628-2733-B70F-BA00-9DA83A2BA4D4" otype="Entity" vid="857DE7B3-B414-C6C0-699A-F718DF3103C2">
<hideElementsInCurrentOnly>false</hideElementsInCurrentOnly>
<bounds x="2433" y="681" width="322" height="118"/>
</OView>
<OView class="oracle.dbtools.crest.swingui.logical.TVEntity" oid="17FB89AD-5981-2970-BA66-64EFF95089B8" otype="Entity" vid="56E7D77F-D0AD-8180-4A34-C8C7E094E26E">
<hideElementsInCurrentOnly>false</hideElementsInCurrentOnly>
<bounds x="1762" y="15" width="369" height="130"/>
</OView>
<OView class="oracle.dbtools.crest.swingui.logical.TVEntity" oid="1851E50F-4380-4BB2-E52B-EE89E8EAC777" otype="Entity" vid="EBB4233E-E3F0-1CA2-E5DD-46B0CAC7D550">
<hideElementsInCurrentOnly>false</hideElementsInCurrentOnly>
<bounds x="2209" y="8" width="321" height="241"/>
</OView>
<OView class="oracle.dbtools.crest.swingui.logical.TVEntity" oid="18FA1D46-81BB-9D5E-F4D1-5C336852B331" otype="Entity" vid="BA40BEF9-5E23-33D3-204B-7AC1CDCE475D">
<hideElementsInCurrentOnly>false</hideElementsInCurrentOnly>
<bounds x="2597" y="82" width="291" height="159"/>
</OView>
<OView class="oracle.dbtools.crest.swingui.logical.TVEntity" oid="1A9AC951-5AEE-985C-0ED0-26F0F2D25DCF" otype="Entity" vid="E08E1DA5-3600-F1C7-EC9D-4623D66BDA30">
<hideElementsInCurrentOnly>false</hideElementsInCurrentOnly>
<bounds x="2270" y="697" width="148" height="98"/>
</OView>
<OView class="oracle.dbtools.crest.swingui.logical.TVEntity" oid="21306C2E-D1F9-D460-BB0B-5D8310C6472F" otype="Entity" vid="A25A61B8-57C4-711B-C14E-A6C695193050">
<hideElementsInCurrentOnly>false</hideElementsInCurrentOnly>
<bounds x="1589" y="602" width="226" height="162"/>
</OView>
<OView class="oracle.dbtools.crest.swingui.logical.TVEntity" oid="27A32F6A-C594-FB8E-AE85-36A126099875" otype="Entity" vid="EFB3BAA4-F8B3-5E38-5B62-A91ED0AF0A6E">
<hideElementsInCurrentOnly>false</hideElementsInCurrentOnly>
<bounds x="73" y="1336" width="278" height="122"/>
</OView>
<OView class="oracle.dbtools.crest.swingui.logical.TVEntity" oid="28E67F72-C267-BDC0-6451-24AAF3D988A4" otype="Entity" vid="48F4BE99-E81D-00B2-9B18-349405B11A36">
<hideElementsInCurrentOnly>false</hideElementsInCurrentOnly>
<bounds x="2212" y="1145" width="269" height="136"/>
</OView>
<OView class="oracle.dbtools.crest.swingui.logical.TVEntity" oid="2B8C5D0B-119F-6A3A-7526-851F0F5D1FA0" otype="Entity" vid="20DC1231-AC93-7AC9-33EB-EDD5BDDB0939">
<hideElementsInCurrentOnly>false</hideElementsInCurrentOnly>
<bounds x="2277" y="1530" width="265" height="147"/>
</OView>
<OView class="oracle.dbtools.crest.swingui.logical.TVEntity" oid="2F292C91-0BC1-81EA-FE46-48509BF1007F" otype="Entity" vid="D0757576-C5EE-BB9F-8642-BE13CB82380A">
<hideElementsInCurrentOnly>false</hideElementsInCurrentOnly>
<bounds x="1480" y="1380" width="198" height="121"/>
</OView>
<OView class="oracle.dbtools.crest.swingui.logical.TVEntity" oid="3177ED20-8797-608E-5E75-52EE1899838C" otype="Entity" vid="20FA229D-0C7A-8112-5179-37EA541735CD">
<hideElementsInCurrentOnly>false</hideElementsInCurrentOnly>
<bounds x="1727" y="348" width="187" height="94"/>
</OView>
<OView class="oracle.dbtools.crest.swingui.logical.TVEntity" oid="359AA365-D265-AA2E-E610-03FC4142F049" otype="Entity" vid="ECA03765-6A54-872E-7C18-EAEA24FEDEDE">
<hideElementsInCurrentOnly>false</hideElementsInCurrentOnly>
<bounds x="810" y="926" width="399" height="274"/>
</OView>
<OView class="oracle.dbtools.crest.swingui.logical.TVEntity" oid="38C1A4AF-F50D-1ED7-55A4-106145EF9DCA" otype="Entity" vid="E398C16A-822C-19BA-31ED-16334D29A9ED">
<hideElementsInCurrentOnly>false</hideElementsInCurrentOnly>
<bounds x="250" y="16" width="263" height="173"/>
</OView>
<OView class="oracle.dbtools.crest.swingui.logical.TVEntity" oid="3C4B7BE3-C9C4-A85B-99AB-D2DBD6AD5498" otype="Entity" vid="4CC1CE62-AD0C-2DC8-52A2-5817DB6E12B1">
<hideElementsInCurrentOnly>false</hideElementsInCurrentOnly>
<bounds x="1728" y="203" width="243" height="124"/>
</OView>
<OView class="oracle.dbtools.crest.swingui.logical.TVEntity" oid="3ED2C38A-8C6D-3144-A26D-2F6F0D80E9FB" otype="Entity" vid="D91A4971-F6FE-1F84-F5A0-98AC2F3509AF">
<hideElementsInCurrentOnly>false</hideElementsInCurrentOnly>
<bounds x="901" y="1387" width="199" height="107"/>
</OView>
<OView class="oracle.dbtools.crest.swingui.logical.TVEntity" oid="4A540F3C-69AD-5F1C-8EC1-9FBD90391353" otype="Entity" vid="5213BA6C-470F-05A2-696B-880E5975C126">
<hideElementsInCurrentOnly>false</hideElementsInCurrentOnly>
<bounds x="2644" y="840" width="142" height="110"/>
</OView>
<OView class="oracle.dbtools.crest.swingui.logical.TVEntity" oid="4DACD18E-19A3-40F5-224C-A03B5AEB3CAF" otype="Entity" vid="71DC7CCF-B5EE-7A61-02DE-4C30BC09E393">
<hideElementsInCurrentOnly>false</hideElementsInCurrentOnly>
<bounds x="689" y="0" width="298" height="234"/>
</OView>
<OView class="oracle.dbtools.crest.swingui.logical.TVEntity" oid="54A59298-4ADF-1B7A-D794-7DE9D52A2F3B" otype="Entity" vid="ED18FA97-A0E0-5152-1305-BA1BB98066B9">
<hideElementsInCurrentOnly>false</hideElementsInCurrentOnly>
<bounds x="1908" y="1481" width="215" height="156"/>
</OView>
<OView class="oracle.dbtools.crest.swingui.logical.TVEntity" oid="57455CAD-7CE1-9687-32DC-AB088A912427" otype="Entity" vid="B7616A36-52D8-60DA-BAFB-59F967EA3EEC">
<hideElementsInCurrentOnly>false</hideElementsInCurrentOnly>
<bounds x="11" y="851" width="275" height="171"/>
</OView>
<OView class="oracle.dbtools.crest.swingui.logical.TVEntity" oid="58EC58B3-4B30-DF20-F8C6-F92B8B057AEF" otype="Entity" vid="BB675B16-AA9F-DC0D-D21A-93BB2E89C260">
<hideElementsInCurrentOnly>false</hideElementsInCurrentOnly>
<bounds x="1232" y="611" width="313" height="240"/>
</OView>
<OView class="oracle.dbtools.crest.swingui.logical.TVEntity" oid="5B73505A-6A1D-1770-6901-8795DF8FC779" otype="Entity" vid="F5C04B94-CD40-AEB7-2263-B6C955E3785C">
<hideElementsInCurrentOnly>false</hideElementsInCurrentOnly>
<bounds x="498" y="1643" width="368" height="131"/>
</OView>
<OView class="oracle.dbtools.crest.swingui.logical.TVEntity" oid="64482EE6-CE4E-12C3-344A-4CA6B7F20B80" otype="Entity" vid="DDC89D39-BD0E-BDD6-449F-D48CF04B454D">
<hideElementsInCurrentOnly>false</hideElementsInCurrentOnly>
<bounds x="57" y="291" width="260" height="208"/>
</OView>
<OView class="oracle.dbtools.crest.swingui.logical.TVEntity" oid="6B001E90-4E1D-3CED-3F77-123BF17D0D2A" otype="Entity" vid="AD0B7A84-9CC7-3F10-8EA4-6F301F1C23CF">
<hideElementsInCurrentOnly>false</hideElementsInCurrentOnly>
<bounds x="396" y="471" width="340" height="176"/>
</OView>
<OView class="oracle.dbtools.crest.swingui.logical.TVEntity" oid="773A2A95-3588-D3D1-9BB7-20078A644158" otype="Entity" vid="8957D1AD-F45E-1637-DDCD-298F3F1C58E1">
<hideElementsInCurrentOnly>false</hideElementsInCurrentOnly>
<bounds x="2499" y="490" width="299" height="103"/>
</OView>
<OView class="oracle.dbtools.crest.swingui.logical.TVEntity" oid="8150C900-2F18-C7D4-92E2-E14EA76ECDF3" otype="Entity" vid="698E1298-DCDD-108A-3864-660CFC4F186D">
<hideElementsInCurrentOnly>false</hideElementsInCurrentOnly>
<bounds x="2552" y="286" width="257" height="130"/>
</OView>
<OView class="oracle.dbtools.crest.swingui.logical.TVEntity" oid="866DD0F7-84E1-56F6-96BA-56FD77C12613" otype="Entity" vid="41C1A095-EA5F-0D02-494D-4A4D708D8A72">
<hideElementsInCurrentOnly>false</hideElementsInCurrentOnly>
<bounds x="1722" y="1114" width="136" height="92"/>
</OView>
<OView class="oracle.dbtools.crest.swingui.logical.TVEntity" oid="89D84282-679C-464B-E643-3C9E65BE665B" otype="Entity" vid="1C102306-ED19-7A2E-156D-4560D3E2573B">
<hideElementsInCurrentOnly>false</hideElementsInCurrentOnly>
<bounds x="471" y="1017" width="243" height="193"/>
</OView>
<OView class="oracle.dbtools.crest.swingui.logical.TVEntity" oid="8D9E642A-00D2-19EA-3B52-6891A6BB87B3" otype="Entity" vid="2186BE13-67E2-4C12-01FD-E544C3FF26A4">
<hideElementsInCurrentOnly>false</hideElementsInCurrentOnly>
<bounds x="0" y="69" width="219" height="159"/>
</OView>
<OView class="oracle.dbtools.crest.swingui.logical.TVEntity" oid="8DAD8133-9CBB-E860-8C83-5D67C5BD7A14" otype="Entity" vid="14ECE45B-5465-B2D6-5B3F-CCF283A88964">
<hideElementsInCurrentOnly>false</hideElementsInCurrentOnly>
<bounds x="691" y="644" width="285" height="189"/>
</OView>
<OView class="oracle.dbtools.crest.swingui.logical.TVEntity" oid="8F639870-6F92-A848-A8BC-B5DF649F5E61" otype="Entity" vid="910B3826-5F92-72CA-3185-4D033972D517">
<hideElementsInCurrentOnly>false</hideElementsInCurrentOnly>
<bounds x="2151" y="1045" width="176" height="76"/>
</OView>
<OView class="oracle.dbtools.crest.swingui.logical.TVEntity" oid="939067D4-5B22-FE66-3EED-FE59E009A466" otype="Entity" vid="6CE45289-3A50-8A67-BA45-3AB1A897CC01">
<hideElementsInCurrentOnly>false</hideElementsInCurrentOnly>
<bounds x="474" y="1264" width="309" height="252"/>
</OView>
<OView class="oracle.dbtools.crest.swingui.logical.TVEntity" oid="97B13F91-192A-1BC9-48C8-C50F4F8BD47A" otype="Entity" vid="BDB7B6C5-B280-1256-E7D7-F7DE2FA00E3C">
<hideElementsInCurrentOnly>false</hideElementsInCurrentOnly>
<bounds x="1385" y="255" width="228" height="105"/>
</OView>
<OView class="oracle.dbtools.crest.swingui.logical.TVEntity" oid="9CA562F4-162C-6A7B-5DF1-CC8A4331FECF" otype="Entity" vid="5EE614D1-6C79-6688-2426-E652A893F73E">
<hideElementsInCurrentOnly>false</hideElementsInCurrentOnly>
<bounds x="1861" y="512" width="320" height="162"/>
</OView>
<OView class="oracle.dbtools.crest.swingui.logical.TVEntity" oid="A4395FB2-1242-E683-2281-D62E00EB0484" otype="Entity" vid="5708F936-BC1D-A8CF-73F5-4F91B683CA24">
<hideElementsInCurrentOnly>false</hideElementsInCurrentOnly>
<bounds x="990" y="574" width="209" height="105"/>
</OView>
<OView class="oracle.dbtools.crest.swingui.logical.TVEntity" oid="A68579DA-5539-F153-C606-99E829285239" otype="Entity" vid="C29E7554-17D3-B71E-10CB-7C60DE5745A6">
<hideElementsInCurrentOnly>false</hideElementsInCurrentOnly>
<bounds x="2268" y="523" width="184" height="91"/>
</OView>
<OView class="oracle.dbtools.crest.swingui.logical.TVEntity" oid="A97F6C52-F500-538A-68D6-BF8685A9E62E" otype="Entity" vid="2DA49F6F-A634-874C-F734-40C183CACF06">
<hideElementsInCurrentOnly>false</hideElementsInCurrentOnly>
<bounds x="895" y="358" width="232" height="113"/>
</OView>
<OView class="oracle.dbtools.crest.swingui.logical.TVEntity" oid="B01E1C75-61B8-A0A1-A405-1ADBC30989DD" otype="Entity" vid="0BEAFC8A-51A7-CC9D-15FE-13BA1712E231">
<hideElementsInCurrentOnly>false</hideElementsInCurrentOnly>
<bounds x="2418" y="844" width="164" height="93"/>
</OView>
<OView class="oracle.dbtools.crest.swingui.logical.TVEntity" oid="B8D2878F-6D91-E6A7-F055-B81A3F04BAC3" otype="Entity" vid="6FBA04AE-9FF6-7866-B0B8-23D6C23C1BEF">
<hideElementsInCurrentOnly>false</hideElementsInCurrentOnly>
<bounds x="1047" y="47" width="267" height="223"/>
</OView>
<OView class="oracle.dbtools.crest.swingui.logical.TVEntity" oid="C8F2709A-B827-FA02-5F69-621265FADB86" otype="Entity" vid="CC6F9A85-2868-2CDE-645A-75315688AC32">
<hideElementsInCurrentOnly>false</hideElementsInCurrentOnly>
<bounds x="126" y="1519" width="299" height="108"/>
</OView>
<OView class="oracle.dbtools.crest.swingui.logical.TVEntity" oid="CD810BD4-8707-DF09-9215-44F35830A677" otype="Entity" vid="FED29880-B80F-8701-8365-99DBB381013C">
<hideElementsInCurrentOnly>false</hideElementsInCurrentOnly>
<bounds x="502" y="270" width="221" height="104"/>
</OView>
<OView class="oracle.dbtools.crest.swingui.logical.TVEntity" oid="CE74B307-F3EE-6A4D-E862-FB0FEB7B4D51" otype="Entity" vid="B6C56AA6-1D87-4AB7-4170-7DF031549206">
<hideElementsInCurrentOnly>false</hideElementsInCurrentOnly>
<bounds x="46" y="562" width="281" height="162"/>
</OView>
<OView class="oracle.dbtools.crest.swingui.logical.TVEntity" oid="D2F84A5E-BCC1-475C-BD11-B8C23F8B8098" otype="Entity" vid="F515BA0F-B81E-B6E9-E794-8D87E814A1D3">
<hideElementsInCurrentOnly>false</hideElementsInCurrentOnly>
<bounds x="1331" y="0" width="342" height="198"/>
</OView>
<OView class="oracle.dbtools.crest.swingui.logical.TVEntity" oid="E9B8A86D-5EAA-DC45-B050-2C328A8BDBE9" otype="Entity" vid="9DE7DB7C-D8DC-B776-28BF-7E31819D5094">
<hideElementsInCurrentOnly>false</hideElementsInCurrentOnly>
<bounds x="1991" y="180" width="192" height="128"/>
</OView>
<OView class="oracle.dbtools.crest.swingui.logical.TVEntity" oid="EEDCA6E9-F57C-EC61-EEC6-A71B4DFB5AE1" otype="Entity" vid="166A8A02-B766-155F-F7C5-A44E11E92CEA">
<hideElementsInCurrentOnly>false</hideElementsInCurrentOnly>
<bounds x="1356" y="1155" width="316" height="167"/>
</OView>
<OView class="oracle.dbtools.crest.swingui.logical.TVEntity" oid="F4A6534F-81D0-0B45-EAEC-E73F9A9C5445" otype="Entity" vid="DA1D3BFD-9917-BC5B-94E5-ECE7502697AC">
<hideElementsInCurrentOnly>false</hideElementsInCurrentOnly>
<bounds x="1212" y="346" width="209" height="198"/>
</OView>
<OView class="oracle.dbtools.crest.swingui.logical.TVEntity" oid="F83A16FA-5F50-8731-4766-C0E462D748F6" otype="Entity" vid="BED4FDC6-4703-F108-FABD-AA3CB3C02BB9">
<hideElementsInCurrentOnly>false</hideElementsInCurrentOnly>
<bounds x="1924" y="1185" width="190" height="74"/>
</OView>
<OView class="oracle.dbtools.crest.swingui.logical.TVEntity" oid="F96B7117-AE71-BF71-9A47-65579D029E64" otype="Entity" vid="430864AA-53B0-1F91-1FEA-E5461ADB167C">
<hideElementsInCurrentOnly>false</hideElementsInCurrentOnly>
<bounds x="414" y="847" width="249" height="110"/>
</OView>
<OView class="oracle.dbtools.crest.swingui.logical.TVEntity" oid="FB5616A0-3E93-FACD-5B6A-785D76D7819F" otype="Entity" vid="92A4AFC7-B8C8-E6F5-D820-863A2E8A5CA5">
<hideElementsInCurrentOnly>false</hideElementsInCurrentOnly>
<bounds x="1777" y="830" width="362" height="232"/>
</OView>
<OView class="oracle.dbtools.crest.swingui.logical.TVEntity" oid="FDAA84AE-B2DE-3A85-3CEC-C48758DB7084" otype="Entity" vid="1FC5107B-DC02-1B27-0C2B-5CCF384F24D2">
<hideElementsInCurrentOnly>false</hideElementsInCurrentOnly>
<bounds x="406" y="668" width="216" height="143"/>
</OView>
</objectViews>
<connectors>
<Connector class="oracle.dbtools.crest.swingui.logical.TVRelation" oid="0370339E-7010-EBF9-2B4B-ACD0B0B33192" otype="Relation" vid_source="BED4FDC6-4703-F108-FABD-AA3CB3C02BB9" vid_target="92A4AFC7-B8C8-E6F5-D820-863A2E8A5CA5">
<hideElementsInCurrentOnly>false</hideElementsInCurrentOnly>
<backgroundColor>-16777216</backgroundColor>
<lineWidth>1</lineWidth>
<points>
<point x="2019" y="1185"/>
<point x="2019" y="1062"/>
</points>
</Connector>
<Connector class="oracle.dbtools.crest.swingui.logical.TVRelation" oid="0D350A76-5156-1B39-FB3A-C17B827D05F4" otype="Relation" vid_source="71DC7CCF-B5EE-7A61-02DE-4C30BC09E393" vid_target="F515BA0F-B81E-B6E9-E794-8D87E814A1D3">
<hideElementsInCurrentOnly>false</hideElementsInCurrentOnly>
<backgroundColor>-16777216</backgroundColor>
<lineWidth>1</lineWidth>
<points>
<point x="987" y="99"/>
<point x="1331" y="99"/>
</points>
</Connector>
<Connector class="oracle.dbtools.crest.swingui.logical.TVRelation" oid="146B4A98-7D0B-FBE9-1902-1A9CB4F7570E" otype="Relation" vid_source="48F4BE99-E81D-00B2-9B18-349405B11A36" vid_target="5EE614D1-6C79-6688-2426-E652A893F73E">
<hideElementsInCurrentOnly>false</hideElementsInCurrentOnly>
<backgroundColor>-16777216</backgroundColor>
<lineWidth>1</lineWidth>
<points>
<point x="2310" y="1145"/>
<point x="2063" y="674"/>
</points>
</Connector>
<Connector class="oracle.dbtools.crest.swingui.logical.TVRelation" oid="1952BB35-E372-281D-A9D7-0531125BFBFD" otype="Relation" vid_source="71DC7CCF-B5EE-7A61-02DE-4C30BC09E393" vid_target="6FBA04AE-9FF6-7866-B0B8-23D6C23C1BEF">
<hideElementsInCurrentOnly>false</hideElementsInCurrentOnly>
<backgroundColor>-16777216</backgroundColor>
<lineWidth>1</lineWidth>
<points>
<point x="987" y="200"/>
<point x="1047" y="200"/>
</points>
</Connector>
<Connector class="oracle.dbtools.crest.swingui.logical.TVRelation" oid="1BF7C281-879B-821F-3AE0-D72D788B5872" otype="Relation" vid_source="71DC7CCF-B5EE-7A61-02DE-4C30BC09E393" vid_target="14ECE45B-5465-B2D6-5B3F-CCF283A88964">
<hideElementsInCurrentOnly>false</hideElementsInCurrentOnly>
<backgroundColor>-16777216</backgroundColor>
<lineWidth>1</lineWidth>
<points>
<point x="833" y="234"/>
<point x="833" y="644"/>
</points>
</Connector>
<Connector class="oracle.dbtools.crest.swingui.logical.TVRelation" oid="1DD3CBEE-6C0A-C9EA-25F3-897B39A72D2E" otype="Relation" vid_source="20DC1231-AC93-7AC9-33EB-EDD5BDDB0939" vid_target="48F4BE99-E81D-00B2-9B18-349405B11A36">
<hideElementsInCurrentOnly>false</hideElementsInCurrentOnly>
<backgroundColor>-16777216</backgroundColor>
<lineWidth>1</lineWidth>
<points>
<point x="2379" y="1530"/>
<point x="2379" y="1281"/>
</points>
</Connector>
<Connector class="oracle.dbtools.crest.swingui.logical.TVRelation" oid="1EE5213A-B12D-71C7-E955-42E7CFC33A33" otype="Relation" vid_source="6CE45289-3A50-8A67-BA45-3AB1A897CC01" vid_target="EFB3BAA4-F8B3-5E38-5B62-A91ED0AF0A6E">
<hideElementsInCurrentOnly>false</hideElementsInCurrentOnly>
<backgroundColor>-16777216</backgroundColor>
<lineWidth>1</lineWidth>
<points>
<point x="474" y="1397"/>
<point x="351" y="1397"/>
</points>
</Connector>
<Connector class="oracle.dbtools.crest.swingui.logical.TVRelation" oid="1FB14D69-8724-3304-E4B7-FDA6E1F18B26" otype="Relation" vid_source="EBB4233E-E3F0-1CA2-E5DD-46B0CAC7D550" vid_target="5EE614D1-6C79-6688-2426-E652A893F73E">
<hideElementsInCurrentOnly>false</hideElementsInCurrentOnly>
<backgroundColor>-16777216</backgroundColor>
<lineWidth>1</lineWidth>
<points>
<point x="2279" y="249"/>
<point x="2081" y="512"/>
</points>
</Connector>
<Connector class="oracle.dbtools.crest.swingui.logical.TVRelation" oid="23A687D6-BA29-8D74-6FCB-A4D1C3AB1EAC" otype="Relation" vid_source="D91A4971-F6FE-1F84-F5A0-98AC2F3509AF" vid_target="6CE45289-3A50-8A67-BA45-3AB1A897CC01">
<hideElementsInCurrentOnly>false</hideElementsInCurrentOnly>
<backgroundColor>-16777216</backgroundColor>
<lineWidth>1</lineWidth>
<points>
<point x="901" y="1440"/>
<point x="783" y="1440"/>
</points>
</Connector>
<Connector class="oracle.dbtools.crest.swingui.logical.TVRelation" oid="2599A476-61A5-7138-440A-3ED609125361" otype="Relation" vid_source="8957D1AD-F45E-1637-DDCD-298F3F1C58E1" vid_target="EBB4233E-E3F0-1CA2-E5DD-46B0CAC7D550">
<hideElementsInCurrentOnly>false</hideElementsInCurrentOnly>
<backgroundColor>-16777216</backgroundColor>
<lineWidth>1</lineWidth>
<points>
<point x="2514" y="490"/>
<point x="2514" y="249"/>
</points>
</Connector>
<Connector class="oracle.dbtools.crest.swingui.logical.TVRelation" oid="2FAC4C27-9B81-8928-C5D6-2E4EC3069EC8" otype="Relation" vid_source="E08E1DA5-3600-F1C7-EC9D-4623D66BDA30" vid_target="5EE614D1-6C79-6688-2426-E652A893F73E">
<hideElementsInCurrentOnly>false</hideElementsInCurrentOnly>
<backgroundColor>-16777216</backgroundColor>
<lineWidth>1</lineWidth>
<points>
<point x="2270" y="710"/>
<point x="2181" y="668"/>
</points>
</Connector>
<Connector class="oracle.dbtools.crest.swingui.logical.TVRelation" oid="39C5B8CE-CE91-E7DD-F64F-8296EE97F490" otype="Relation" vid_source="71DC7CCF-B5EE-7A61-02DE-4C30BC09E393" vid_target="5EE614D1-6C79-6688-2426-E652A893F73E">
<hideElementsInCurrentOnly>false</hideElementsInCurrentOnly>
<backgroundColor>-16777216</backgroundColor>
<lineWidth>1</lineWidth>
<points>
<point x="987" y="176"/>
<point x="1861" y="528"/>
</points>
</Connector>
<Connector class="oracle.dbtools.crest.swingui.logical.TVRelation" oid="3E34D1BC-2967-1268-35C5-D9EB2EF6A880" otype="Relation" vid_source="71DC7CCF-B5EE-7A61-02DE-4C30BC09E393" vid_target="AD0B7A84-9CC7-3F10-8EA4-6F301F1C23CF">
<hideElementsInCurrentOnly>false</hideElementsInCurrentOnly>
<backgroundColor>-16777216</backgroundColor>
<lineWidth>1</lineWidth>
<points>
<point x="712" y="234"/>
<point x="712" y="471"/>
</points>
</Connector>
<Connector class="oracle.dbtools.crest.swingui.logical.TVRelation" oid="3E376DB0-D236-04EB-3ECE-163F6576B8C5" otype="Relation" vid_source="41C1A095-EA5F-0D02-494D-4A4D708D8A72" vid_target="92A4AFC7-B8C8-E6F5-D820-863A2E8A5CA5">
<hideElementsInCurrentOnly>false</hideElementsInCurrentOnly>
<backgroundColor>-16777216</backgroundColor>
<lineWidth>1</lineWidth>
<points>
<point x="1817" y="1114"/>
<point x="1817" y="1062"/>
</points>
</Connector>
<Connector class="oracle.dbtools.crest.swingui.logical.TVRelation" oid="3E58048B-0C4E-DF46-93BE-21A34671E7E7" otype="Relation" vid_source="1FC5107B-DC02-1B27-0C2B-5CCF384F24D2" vid_target="B6C56AA6-1D87-4AB7-4170-7DF031549206">
<hideElementsInCurrentOnly>false</hideElementsInCurrentOnly>
<backgroundColor>-16777216</backgroundColor>
<lineWidth>1</lineWidth>
<points>
<point x="406" y="696"/>
<point x="327" y="696"/>
</points>
</Connector>
<Connector class="oracle.dbtools.crest.swingui.logical.TVRelation" oid="406EC9AD-E813-0A82-C384-A216C4E8C4E5" otype="Relation" vid_source="71DC7CCF-B5EE-7A61-02DE-4C30BC09E393" vid_target="2DA49F6F-A634-874C-F734-40C183CACF06">
<hideElementsInCurrentOnly>false</hideElementsInCurrentOnly>
<backgroundColor>-16777216</backgroundColor>
<lineWidth>1</lineWidth>
<points>
<point x="941" y="234"/>
<point x="941" y="358"/>
</points>
</Connector>
<Connector class="oracle.dbtools.crest.swingui.logical.TVRelation" oid="426DFD17-8EC2-C415-8D05-00103290F259" otype="Relation" vid_source="ED18FA97-A0E0-5152-1305-BA1BB98066B9" vid_target="48F4BE99-E81D-00B2-9B18-349405B11A36">
<hideElementsInCurrentOnly>false</hideElementsInCurrentOnly>
<backgroundColor>-16777216</backgroundColor>
<lineWidth>1</lineWidth>
<points>
<point x="2090" y="1481"/>
<point x="2281" y="1281"/>
</points>
</Connector>
<Connector class="oracle.dbtools.crest.swingui.logical.TVRelation" oid="493FDC0B-3CEE-5227-E69D-6E7CF49CD757" otype="Relation" vid_source="BDB7B6C5-B280-1256-E7D7-F7DE2FA00E3C" vid_target="F515BA0F-B81E-B6E9-E794-8D87E814A1D3">
<hideElementsInCurrentOnly>false</hideElementsInCurrentOnly>
<backgroundColor>-16777216</backgroundColor>
<lineWidth>1</lineWidth>
<points>
<point x="1499" y="255"/>
<point x="1499" y="198"/>
</points>
</Connector>
<Connector class="oracle.dbtools.crest.swingui.logical.TVRelation" oid="52C85875-9BF0-E8D9-2C5C-E0597807FB63" otype="Relation" vid_source="6CE45289-3A50-8A67-BA45-3AB1A897CC01" vid_target="166A8A02-B766-155F-F7C5-A44E11E92CEA">
<hideElementsInCurrentOnly>false</hideElementsInCurrentOnly>
<backgroundColor>-16777216</backgroundColor>
<lineWidth>1</lineWidth>
<points>
<point x="783" y="1293"/>
<point x="1356" y="1293"/>
</points>
</Connector>
<Connector class="oracle.dbtools.crest.swingui.logical.TVRelation" oid="5BCE70B0-A682-3370-4F85-01B4F213AE53" otype="Relation" vid_source="698E1298-DCDD-108A-3864-660CFC4F186D" vid_target="BA40BEF9-5E23-33D3-204B-7AC1CDCE475D">
<hideElementsInCurrentOnly>false</hideElementsInCurrentOnly>
<backgroundColor>-16777216</backgroundColor>
<lineWidth>1</lineWidth>
<points>
<point x="2703" y="286"/>
<point x="2703" y="241"/>
</points>
</Connector>
<Connector class="oracle.dbtools.crest.swingui.logical.TVRelation" oid="6360F148-3E20-56AB-A3C1-024313737F23" otype="Relation" vid_source="92A4AFC7-B8C8-E6F5-D820-863A2E8A5CA5" vid_target="857DE7B3-B414-C6C0-699A-F718DF3103C2">
<hideElementsInCurrentOnly>false</hideElementsInCurrentOnly>
<backgroundColor>-16777216</backgroundColor>
<lineWidth>1</lineWidth>
<points>
<point x="2139" y="887"/>
<point x="2433" y="792"/>
</points>
</Connector>
<Connector class="oracle.dbtools.crest.swingui.logical.TVRelation" oid="670B60E3-9416-13B0-DAF0-8DC4A13B1D69" otype="Relation" vid_source="56E7D77F-D0AD-8180-4A34-C8C7E094E26E" vid_target="F515BA0F-B81E-B6E9-E794-8D87E814A1D3">
<hideElementsInCurrentOnly>false</hideElementsInCurrentOnly>
<backgroundColor>-16777216</backgroundColor>
<lineWidth>1</lineWidth>
<points>
<point x="1762" y="80"/>
<point x="1673" y="80"/>
</points>
</Connector>
<Connector class="oracle.dbtools.crest.swingui.logical.TVRelation" oid="742C47C4-89AD-DBD5-E7C3-CF154023B97D" otype="Relation" vid_source="4CC1CE62-AD0C-2DC8-52A2-5817DB6E12B1" vid_target="56E7D77F-D0AD-8180-4A34-C8C7E094E26E">
<hideElementsInCurrentOnly>false</hideElementsInCurrentOnly>
<backgroundColor>-16777216</backgroundColor>
<lineWidth>1</lineWidth>
<points>
<point x="1866" y="203"/>
<point x="1866" y="145"/>
</points>
</Connector>
<Connector class="oracle.dbtools.crest.swingui.logical.TVRelation" oid="74D61301-E5B8-3E83-E7E0-3628FF6F9B8D" otype="Relation" vid_source="71DC7CCF-B5EE-7A61-02DE-4C30BC09E393" vid_target="ECA03765-6A54-872E-7C18-EAEA24FEDEDE">
<hideElementsInCurrentOnly>false</hideElementsInCurrentOnly>
<backgroundColor>-16777216</backgroundColor>
<lineWidth>1</lineWidth>
<points>
<point x="913" y="234"/>
<point x="913" y="926"/>
</points>
</Connector>
<Connector class="oracle.dbtools.crest.swingui.logical.TVRelation" oid="77F681F3-67AD-70E7-891F-AD3EC8B9FCE6" otype="Relation" vid_source="9DE7DB7C-D8DC-B776-28BF-7E31819D5094" vid_target="56E7D77F-D0AD-8180-4A34-C8C7E094E26E">
<hideElementsInCurrentOnly>false</hideElementsInCurrentOnly>
<backgroundColor>-16777216</backgroundColor>
<lineWidth>1</lineWidth>
<points>
<point x="2061" y="180"/>
<point x="2061" y="145"/>
</points>
</Connector>
<Connector class="oracle.dbtools.crest.swingui.logical.TVRelation" oid="896FBDE5-854A-BBF8-A994-777C4067DA21" otype="Relation" vid_source="71DC7CCF-B5EE-7A61-02DE-4C30BC09E393" vid_target="BA40BEF9-5E23-33D3-204B-7AC1CDCE475D">
<hideElementsInCurrentOnly>false</hideElementsInCurrentOnly>
<backgroundColor>-16777216</backgroundColor>
<lineWidth>1</lineWidth>
<points>
<point x="987" y="143"/>
<point x="2597" y="143"/>
</points>
</Connector>
<Connector class="oracle.dbtools.crest.swingui.logical.TVRelation" oid="8C8AF35A-FE35-05FE-5FEB-0CC55C4324F9" otype="Relation" vid_source="E398C16A-822C-19BA-31ED-16334D29A9ED" vid_target="71DC7CCF-B5EE-7A61-02DE-4C30BC09E393">
<hideElementsInCurrentOnly>false</hideElementsInCurrentOnly>
<backgroundColor>-16777216</backgroundColor>
<lineWidth>1</lineWidth>
<points>
<point x="513" y="102"/>
<point x="689" y="102"/>
</points>
</Connector>
<Connector class="oracle.dbtools.crest.swingui.logical.TVRelation" oid="9231AE39-1642-4986-44D3-79A98055F63C" otype="Relation" vid_source="0BEAFC8A-51A7-CC9D-15FE-13BA1712E231" vid_target="857DE7B3-B414-C6C0-699A-F718DF3103C2">
<hideElementsInCurrentOnly>false</hideElementsInCurrentOnly>
<backgroundColor>-16777216</backgroundColor>
<lineWidth>1</lineWidth>
<points>
<point x="2507" y="844"/>
<point x="2507" y="799"/>
</points>
</Connector>
<Connector class="oracle.dbtools.crest.swingui.logical.TVRelation" oid="95240235-A080-6C9F-E673-73F3669C8C8F" otype="Relation" vid_source="1C102306-ED19-7A2E-156D-4560D3E2573B" vid_target="ECA03765-6A54-872E-7C18-EAEA24FEDEDE">
<hideElementsInCurrentOnly>false</hideElementsInCurrentOnly>
<backgroundColor>-16777216</backgroundColor>
<lineWidth>1</lineWidth>
<points>
<point x="714" y="1108"/>
<point x="810" y="1108"/>
</points>
</Connector>
<Connector class="oracle.dbtools.crest.swingui.logical.TVRelation" oid="9924AF74-2F56-5BEA-DCFB-A1BAA955A56F" otype="Relation" vid_source="ECA03765-6A54-872E-7C18-EAEA24FEDEDE" vid_target="14ECE45B-5465-B2D6-5B3F-CCF283A88964">
<hideElementsInCurrentOnly>false</hideElementsInCurrentOnly>
<backgroundColor>-16777216</backgroundColor>
<lineWidth>1</lineWidth>
<points>
<point x="893" y="926"/>
<point x="893" y="833"/>
</points>
</Connector>
<Connector class="oracle.dbtools.crest.swingui.logical.TVRelation" oid="99A1D608-C2F4-7854-DE33-6EC5F3B53BB1" otype="Relation" vid_source="C29E7554-17D3-B71E-10CB-7C60DE5745A6" vid_target="5EE614D1-6C79-6688-2426-E652A893F73E">
<hideElementsInCurrentOnly>false</hideElementsInCurrentOnly>
<backgroundColor>-16777216</backgroundColor>
<lineWidth>1</lineWidth>
<points>
<point x="2268" y="568"/>
<point x="2181" y="568"/>
</points>
</Connector>
<Connector class="oracle.dbtools.crest.swingui.logical.TVRelation" oid="9D853DCB-B282-6E34-A19E-929EDFA3BFE7" otype="Relation" vid_source="EBB4233E-E3F0-1CA2-E5DD-46B0CAC7D550" vid_target="92A4AFC7-B8C8-E6F5-D820-863A2E8A5CA5">
<hideElementsInCurrentOnly>false</hideElementsInCurrentOnly>
<backgroundColor>-16777216</backgroundColor>
<lineWidth>1</lineWidth>
<points>
<point x="2308" y="249"/>
<point x="2016" y="830"/>
</points>
</Connector>
<Connector class="oracle.dbtools.crest.swingui.logical.TVRelation" oid="A08DF181-8963-5B73-BBEE-96E282B0CACA" otype="Relation" vid_source="EBB4233E-E3F0-1CA2-E5DD-46B0CAC7D550" vid_target="BA40BEF9-5E23-33D3-204B-7AC1CDCE475D">
<hideElementsInCurrentOnly>false</hideElementsInCurrentOnly>
<backgroundColor>-16777216</backgroundColor>
<lineWidth>1</lineWidth>
<points>
<point x="2530" y="161"/>
<point x="2597" y="161"/>
</points>
</Connector>
<Connector class="oracle.dbtools.crest.swingui.logical.TVRelation" oid="A5D73B05-D495-931D-E246-AF5B8D9481B3" otype="Relation" vid_source="71DC7CCF-B5EE-7A61-02DE-4C30BC09E393" vid_target="166A8A02-B766-155F-F7C5-A44E11E92CEA">
<hideElementsInCurrentOnly>false</hideElementsInCurrentOnly>
<backgroundColor>-16777216</backgroundColor>
<lineWidth>1</lineWidth>
<points>
<point x="908" y="234"/>
<point x="1463" y="1155"/>
</points>
</Connector>
<Connector class="oracle.dbtools.crest.swingui.logical.TVRelation" oid="AB461B6E-692F-3D1A-869F-C43B8630D26D" otype="Relation" vid_source="71DC7CCF-B5EE-7A61-02DE-4C30BC09E393" vid_target="B6C56AA6-1D87-4AB7-4170-7DF031549206">
<hideElementsInCurrentOnly>false</hideElementsInCurrentOnly>
<backgroundColor>-16777216</backgroundColor>
<lineWidth>1</lineWidth>
<points>
<point x="693" y="234"/>
<point x="286" y="562"/>
</points>
</Connector>
<Connector class="oracle.dbtools.crest.swingui.logical.TVRelation" oid="B3D2A829-C3B7-50A6-45E6-3A04A285F7FE" otype="Relation" vid_source="ECA03765-6A54-872E-7C18-EAEA24FEDEDE" vid_target="5EE614D1-6C79-6688-2426-E652A893F73E">
<hideElementsInCurrentOnly>false</hideElementsInCurrentOnly>
<backgroundColor>-16777216</backgroundColor>
<lineWidth>1</lineWidth>
<points>
<point x="1209" y="970"/>
<point x="1861" y="667"/>
</points>
</Connector>
<Connector class="oracle.dbtools.crest.swingui.logical.TVRelation" oid="B50B9FB7-190C-2E19-4081-8A3059848173" otype="Relation" vid_source="A25A61B8-57C4-711B-C14E-A6C695193050" vid_target="5EE614D1-6C79-6688-2426-E652A893F73E">
<hideElementsInCurrentOnly>false</hideElementsInCurrentOnly>
<backgroundColor>-16777216</backgroundColor>
<lineWidth>1</lineWidth>
<points>
<point x="1815" y="638"/>
<point x="1861" y="638"/>
</points>
</Connector>
<Connector class="oracle.dbtools.crest.swingui.logical.TVRelation" oid="B76BB096-DF13-2AAA-3E57-CD4D13691B52" otype="Relation" vid_source="DDC89D39-BD0E-BDD6-449F-D48CF04B454D" vid_target="71DC7CCF-B5EE-7A61-02DE-4C30BC09E393">
<hideElementsInCurrentOnly>false</hideElementsInCurrentOnly>
<backgroundColor>-16777216</backgroundColor>
<lineWidth>1</lineWidth>
<points>
<point x="317" y="339"/>
<point x="689" y="180"/>
</points>
</Connector>
<Connector class="oracle.dbtools.crest.swingui.logical.TVRelation" oid="B91BE2F3-B0AD-4B0D-C0E5-54113F9F83F6" otype="Relation" vid_source="71DC7CCF-B5EE-7A61-02DE-4C30BC09E393" vid_target="92A4AFC7-B8C8-E6F5-D820-863A2E8A5CA5">
<hideElementsInCurrentOnly>false</hideElementsInCurrentOnly>
<backgroundColor>-16777216</backgroundColor>
<lineWidth>1</lineWidth>
<points>
<point x="987" y="227"/>
<point x="1801" y="830"/>
</points>
</Connector>
<Connector class="oracle.dbtools.crest.swingui.logical.TVRelation" oid="BBE3F655-1636-8764-6B65-ED20E0C362F6" otype="Relation" vid_source="71DC7CCF-B5EE-7A61-02DE-4C30BC09E393" vid_target="BB675B16-AA9F-DC0D-D21A-93BB2E89C260">
<hideElementsInCurrentOnly>false</hideElementsInCurrentOnly>
<backgroundColor>-16777216</backgroundColor>
<lineWidth>1</lineWidth>
<points>
<point x="942" y="234"/>
<point x="1280" y="611"/>
</points>
</Connector>
<Connector class="oracle.dbtools.crest.swingui.logical.TVRelation" oid="BD15194D-CCED-3169-41D5-87684C324F07" otype="Relation" vid_source="F5C04B94-CD40-AEB7-2263-B6C955E3785C" vid_target="6CE45289-3A50-8A67-BA45-3AB1A897CC01">
<hideElementsInCurrentOnly>false</hideElementsInCurrentOnly>
<backgroundColor>-16777216</backgroundColor>
<lineWidth>1</lineWidth>
<points>
<point x="640" y="1643"/>
<point x="640" y="1516"/>
</points>
</Connector>
<Connector class="oracle.dbtools.crest.swingui.logical.TVRelation" oid="C02B6ADD-7E5C-3BB8-3930-3288E7CC91FD" otype="Relation" vid_source="FED29880-B80F-8701-8365-99DBB381013C" vid_target="2DA49F6F-A634-874C-F734-40C183CACF06">
<hideElementsInCurrentOnly>false</hideElementsInCurrentOnly>
<backgroundColor>-16777216</backgroundColor>
<lineWidth>1</lineWidth>
<points>
<point x="723" y="366"/>
<point x="895" y="366"/>
</points>
</Connector>
<Connector class="oracle.dbtools.crest.swingui.logical.TVRelation" oid="C9BE4952-2C57-0370-C2D4-C31D036C24BB" otype="Relation" vid_source="DA1D3BFD-9917-BC5B-94E5-ECE7502697AC" vid_target="2DA49F6F-A634-874C-F734-40C183CACF06">
<hideElementsInCurrentOnly>false</hideElementsInCurrentOnly>
<backgroundColor>-16777216</backgroundColor>
<lineWidth>1</lineWidth>
<points>
<point x="1212" y="414"/>
<point x="1127" y="414"/>
</points>
</Connector>
<Connector class="oracle.dbtools.crest.swingui.logical.TVRelation" oid="CCA2A985-9277-C7D8-76B8-929583514C50" otype="Relation" vid_source="DDC89D39-BD0E-BDD6-449F-D48CF04B454D" vid_target="2186BE13-67E2-4C12-01FD-E544C3FF26A4">
<hideElementsInCurrentOnly>false</hideElementsInCurrentOnly>
<backgroundColor>-16777216</backgroundColor>
<lineWidth>1</lineWidth>
<points>
<point x="138" y="291"/>
<point x="138" y="228"/>
</points>
</Connector>
<Connector class="oracle.dbtools.crest.swingui.logical.TVRelation" oid="D033689F-9E82-7D33-BCAF-DDEA0B88D167" otype="Relation" vid_source="910B3826-5F92-72CA-3185-4D033972D517" vid_target="92A4AFC7-B8C8-E6F5-D820-863A2E8A5CA5">
<hideElementsInCurrentOnly>false</hideElementsInCurrentOnly>
<backgroundColor>-16777216</backgroundColor>
<lineWidth>1</lineWidth>
<points>
<point x="2151" y="1053"/>
<point x="2139" y="1053"/>
</points>
</Connector>
<Connector class="oracle.dbtools.crest.swingui.logical.TVRelation" oid="D3095F4E-3A71-8A90-7541-CC520FEAA957" otype="Relation" vid_source="EBB4233E-E3F0-1CA2-E5DD-46B0CAC7D550" vid_target="20FA229D-0C7A-8112-5179-37EA541735CD">
<hideElementsInCurrentOnly>false</hideElementsInCurrentOnly>
<backgroundColor>-16777216</backgroundColor>
<lineWidth>1</lineWidth>
<points>
<point x="2209" y="206"/>
<point x="1914" y="349"/>
</points>
</Connector>
<Connector class="oracle.dbtools.crest.swingui.logical.TVRelation" oid="D58BAC1A-DDB1-DDC4-AEE1-E51DF0CB8EFE" otype="Relation" vid_source="5708F936-BC1D-A8CF-73F5-4F91B683CA24" vid_target="ECA03765-6A54-872E-7C18-EAEA24FEDEDE">
<hideElementsInCurrentOnly>false</hideElementsInCurrentOnly>
<backgroundColor>-16777216</backgroundColor>
<lineWidth>1</lineWidth>
<points>
<point x="1094" y="679"/>
<point x="1094" y="926"/>
</points>
</Connector>
<Connector class="oracle.dbtools.crest.swingui.logical.TVRelation" oid="D73DD8F4-CA20-3897-D441-8496BF0163A7" otype="Relation" vid_source="430864AA-53B0-1F91-1FEA-E5461ADB167C" vid_target="B6C56AA6-1D87-4AB7-4170-7DF031549206">
<hideElementsInCurrentOnly>false</hideElementsInCurrentOnly>
<backgroundColor>-16777216</backgroundColor>
<lineWidth>1</lineWidth>
<points>
<point x="463" y="847"/>
<point x="296" y="724"/>
</points>
</Connector>
<Connector class="oracle.dbtools.crest.swingui.logical.TVRelation" oid="DCBFFFD6-EBE1-A4B8-108E-02417A755F08" otype="Relation" vid_source="ECA03765-6A54-872E-7C18-EAEA24FEDEDE" vid_target="166A8A02-B766-155F-F7C5-A44E11E92CEA">
<hideElementsInCurrentOnly>false</hideElementsInCurrentOnly>
<backgroundColor>-16777216</backgroundColor>
<lineWidth>1</lineWidth>
<points>
<point x="1209" y="1177"/>
<point x="1356" y="1177"/>
</points>
</Connector>
<Connector class="oracle.dbtools.crest.swingui.logical.TVRelation" oid="EC9B87FF-8D7C-D4A7-3608-372256B6FA4B" otype="Relation" vid_source="D0757576-C5EE-BB9F-8642-BE13CB82380A" vid_target="166A8A02-B766-155F-F7C5-A44E11E92CEA">
<hideElementsInCurrentOnly>false</hideElementsInCurrentOnly>
<backgroundColor>-16777216</backgroundColor>
<lineWidth>1</lineWidth>
<points>
<point x="1576" y="1380"/>
<point x="1576" y="1322"/>
</points>
</Connector>
<Connector class="oracle.dbtools.crest.swingui.logical.TVRelation" oid="EE742045-9119-3F59-CD61-2DAB439E1512" otype="Relation" vid_source="CC6F9A85-2868-2CDE-645A-75315688AC32" vid_target="EFB3BAA4-F8B3-5E38-5B62-A91ED0AF0A6E">
<hideElementsInCurrentOnly>false</hideElementsInCurrentOnly>
<backgroundColor>-16777216</backgroundColor>
<lineWidth>1</lineWidth>
<points>
<point x="238" y="1519"/>
<point x="238" y="1458"/>
</points>
</Connector>
<Connector class="oracle.dbtools.crest.swingui.logical.TVRelation" oid="F16A95CE-B780-1D1A-699F-ED2C0EBCF48C" otype="Relation" vid_source="5213BA6C-470F-05A2-696B-880E5975C126" vid_target="857DE7B3-B414-C6C0-699A-F718DF3103C2">
<hideElementsInCurrentOnly>false</hideElementsInCurrentOnly>
<backgroundColor>-16777216</backgroundColor>
<lineWidth>1</lineWidth>
<points>
<point x="2699" y="840"/>
<point x="2699" y="799"/>
</points>
</Connector>
<Connector class="oracle.dbtools.crest.swingui.logical.TVRelation" oid="F45B06C5-72C9-A169-1AA7-18633213DB47" otype="Relation" vid_source="B7616A36-52D8-60DA-BAFB-59F967EA3EEC" vid_target="B6C56AA6-1D87-4AB7-4170-7DF031549206">
<hideElementsInCurrentOnly>false</hideElementsInCurrentOnly>
<backgroundColor>-16777216</backgroundColor>
<lineWidth>1</lineWidth>
<points>
<point x="166" y="851"/>
<point x="166" y="724"/>
</points>
</Connector>
<Connector class="oracle.dbtools.crest.swingui.logical.TVRelation" oid="F4E7463F-D6F7-5143-32B5-E3AA21116520" otype="Relation" vid_source="92A4AFC7-B8C8-E6F5-D820-863A2E8A5CA5" vid_target="ECA03765-6A54-872E-7C18-EAEA24FEDEDE">
<hideElementsInCurrentOnly>false</hideElementsInCurrentOnly>
<backgroundColor>-16777216</backgroundColor>
<lineWidth>1</lineWidth>
<points>
<point x="1777" y="994"/>
<point x="1209" y="994"/>
</points>
</Connector>
<Connector class="oracle.dbtools.crest.swingui.logical.TVRelation" oid="FDB45836-7A60-DA32-C55E-3055246035A8" otype="Relation" vid_source="56E7D77F-D0AD-8180-4A34-C8C7E094E26E" vid_target="EBB4233E-E3F0-1CA2-E5DD-46B0CAC7D550">
<hideElementsInCurrentOnly>false</hideElementsInCurrentOnly>
<backgroundColor>-16777216</backgroundColor>
<lineWidth>1</lineWidth>
<points>
<point x="2131" y="80"/>
<point x="2209" y="80"/>
</points>
</Connector>
</connectors>
</Diagram>