<?xml version = '1.0' encoding = 'UTF-8'?>
<Relation class="oracle.dbtools.crest.model.design.logical.Relation" name="Relation_39" directorySegmentName="seg_0" id="0370339E-7010-EBF9-2B4B-ACD0B0B33192">
<createdBy>Benjamin</createdBy>
<createdTime>2025-10-05 19:14:52 UTC</createdTime>
<ownerDesignName>mec-im_DB</ownerDesignName>
<engineerTo>
<item key="B1AF5C42-AEDA-4144-D974-4A3982245D0E" value="true"/>
</engineerTo>
<sourcePk>8174568C-79EE-39C7-47D2-37682AFC1CB1</sourcePk>
<identifying>false</identifying>
<optionalSource>true</optionalSource>
<optionalTarget>false</optionalTarget>
<sourceCardinality>1</sourceCardinality>
<sourceEntity>F83A16FA-5F50-8731-4766-C0E462D748F6</sourceEntity>
<targetCardinalityString>*</targetCardinalityString>
<targetEntity>FB5616A0-3E93-FACD-5B6A-785D76D7819F</targetEntity>
<transferable>true</transferable>
<deleteRule>NO ACTION</deleteRule>
</Relation>