<?xml version = '1.0' encoding = 'UTF-8'?>
<Relation class="oracle.dbtools.crest.model.design.logical.Relation" name="Relation_65" directorySegmentName="seg_0" id="146B4A98-7D0B-FBE9-1902-1A9CB4F7570E">
<createdBy>Benjamin</createdBy>
<createdTime>2025-10-05 22:00:26 UTC</createdTime>
<ownerDesignName>mec-im_DB</ownerDesignName>
<engineerTo>
<item key="B1AF5C42-AEDA-4144-D974-4A3982245D0E" value="true"/>
</engineerTo>
<sourcePk>634FDDB8-484C-8EC8-A95A-21E2CB56BE3A</sourcePk>
<identifying>false</identifying>
<optionalSource>true</optionalSource>
<optionalTarget>false</optionalTarget>
<sourceCardinality>1</sourceCardinality>
<sourceEntity>28E67F72-C267-BDC0-6451-24AAF3D988A4</sourceEntity>
<targetCardinalityString>*</targetCardinalityString>
<targetEntity>9CA562F4-162C-6A7B-5DF1-CC8A4331FECF</targetEntity>
<transferable>true</transferable>
<deleteRule>NO ACTION</deleteRule>
</Relation>