<?xml version = '1.0' encoding = 'UTF-8'?>
<Relation class="oracle.dbtools.crest.model.design.logical.Relation" name="Relation_88" directorySegmentName="seg_0" id="1952BB35-E372-281D-A9D7-0531125BFBFD">
<createdBy>Benjamin</createdBy>
<createdTime>2025-10-07 23:46:55 UTC</createdTime>
<ownerDesignName>mec-im_DB</ownerDesignName>
<engineerTo>
<item key="B1AF5C42-AEDA-4144-D974-4A3982245D0E" value="true"/>
</engineerTo>
<sourcePk>7D2722EA-08CE-26EC-A8A7-C0204D758D4D</sourcePk>
<identifying>false</identifying>
<optionalSource>true</optionalSource>
<optionalTarget>false</optionalTarget>
<sourceCardinality>1</sourceCardinality>
<sourceEntity>4DACD18E-19A3-40F5-224C-A03B5AEB3CAF</sourceEntity>
<targetCardinalityString>1</targetCardinalityString>
<targetEntity>B8D2878F-6D91-E6A7-F055-B81A3F04BAC3</targetEntity>
<transferable>true</transferable>
<deleteRule>NO ACTION</deleteRule>
</Relation>