<?xml version = '1.0' encoding = 'UTF-8'?>
<Relation class="oracle.dbtools.crest.model.design.logical.Relation" name="Relation_57" directorySegmentName="seg_0" id="1DD3CBEE-6C0A-C9EA-25F3-897B39A72D2E">
<createdBy>Benjamin</createdBy>
<createdTime>2025-10-05 20:20:21 UTC</createdTime>
<ownerDesignName>mec-im_DB</ownerDesignName>
<engineerTo>
<item key="B1AF5C42-AEDA-4144-D974-4A3982245D0E" value="true"/>
</engineerTo>
<sourcePk>57F63AE0-D719-7680-D9AC-73D780A1C9D6</sourcePk>
<identifying>false</identifying>
<optionalSource>true</optionalSource>
<optionalTarget>false</optionalTarget>
<sourceCardinality>1</sourceCardinality>
<sourceEntity>2B8C5D0B-119F-6A3A-7526-851F0F5D1FA0</sourceEntity>
<targetCardinalityString>*</targetCardinalityString>
<targetEntity>28E67F72-C267-BDC0-6451-24AAF3D988A4</targetEntity>
<transferable>true</transferable>
<deleteRule>NO ACTION</deleteRule>
</Relation>