<?xml version = '1.0' encoding = 'UTF-8'?>
<Relation class="oracle.dbtools.crest.model.design.logical.Relation" name="Relation_47" directorySegmentName="seg_0" id="1EE5213A-B12D-71C7-E955-42E7CFC33A33">
<createdBy>Benjamin</createdBy>
<createdTime>2025-10-05 19:52:15 UTC</createdTime>
<ownerDesignName>mec-im_DB</ownerDesignName>
<engineerTo>
<item key="B1AF5C42-AEDA-4144-D974-4A3982245D0E" value="true"/>
</engineerTo>
<sourcePk>3DAC4D2D-DA15-485F-99D1-6AE18EDD61F6</sourcePk>
<identifying>false</identifying>
<optionalSource>true</optionalSource>
<optionalTarget>false</optionalTarget>
<sourceCardinality>1</sourceCardinality>
<sourceEntity>939067D4-5B22-FE66-3EED-FE59E009A466</sourceEntity>
<targetCardinalityString>*</targetCardinalityString>
<targetEntity>27A32F6A-C594-FB8E-AE85-36A126099875</targetEntity>
<transferable>true</transferable>
<deleteRule>NO ACTION</deleteRule>
</Relation>