<?xml version = '1.0' encoding = 'UTF-8'?>
<Relation class="oracle.dbtools.crest.model.design.logical.Relation" name="Relation_46" directorySegmentName="seg_0" id="23A687D6-BA29-8D74-6FCB-A4D1C3AB1EAC">
<createdBy>Benjamin</createdBy>
<createdTime>2025-10-05 19:51:10 UTC</createdTime>
<ownerDesignName>mec-im_DB</ownerDesignName>
<engineerTo>
<item key="B1AF5C42-AEDA-4144-D974-4A3982245D0E" value="true"/>
</engineerTo>
<sourcePk>C8BF3AC0-862C-FC04-8920-806AB7956064</sourcePk>
<identifying>false</identifying>
<optionalSource>true</optionalSource>
<optionalTarget>false</optionalTarget>
<sourceCardinality>1</sourceCardinality>
<sourceEntity>3ED2C38A-8C6D-3144-A26D-2F6F0D80E9FB</sourceEntity>
<targetCardinalityString>*</targetCardinalityString>
<targetEntity>939067D4-5B22-FE66-3EED-FE59E009A466</targetEntity>
<transferable>true</transferable>
<deleteRule>NO ACTION</deleteRule>
</Relation>