<?xml version = '1.0' encoding = 'UTF-8'?>
<Relation class="oracle.dbtools.crest.model.design.logical.Relation" name="Relation_33" directorySegmentName="seg_0" id="2599A476-61A5-7138-440A-3ED609125361">
<createdBy>Benjamin</createdBy>
<createdTime>2025-10-05 17:46:15 UTC</createdTime>
<ownerDesignName>mec-im_DB</ownerDesignName>
<engineerTo>
<item key="B1AF5C42-AEDA-4144-D974-4A3982245D0E" value="true"/>
</engineerTo>
<sourcePk>D6A70124-E833-2A63-FAF9-B3E24B31E31F</sourcePk>
<identifying>false</identifying>
<optionalSource>true</optionalSource>
<optionalTarget>false</optionalTarget>
<sourceCardinality>1</sourceCardinality>
<sourceEntity>773A2A95-3588-D3D1-9BB7-20078A644158</sourceEntity>
<targetCardinalityString>*</targetCardinalityString>
<targetEntity>1851E50F-4380-4BB2-E52B-EE89E8EAC777</targetEntity>
<transferable>true</transferable>
<deleteRule>NO ACTION</deleteRule>
</Relation>