<?xml version = '1.0' encoding = 'UTF-8'?>
<Relation class="oracle.dbtools.crest.model.design.logical.Relation" name="TIPO_RESERVA" directorySegmentName="seg_0" id="2FAC4C27-9B81-8928-C5D6-2E4EC3069EC8">
<createdBy>Benjamin</createdBy>
<createdTime>2025-10-05 22:04:57 UTC</createdTime>
<ownerDesignName>mec-im_DB</ownerDesignName>
<engineerTo>
<item key="B1AF5C42-AEDA-4144-D974-4A3982245D0E" value="true"/>
</engineerTo>
<sourcePk>461BC485-C14B-C597-A947-5494FA01EF5D</sourcePk>
<identifying>false</identifying>
<optionalSource>true</optionalSource>
<optionalTarget>false</optionalTarget>
<sourceCardinality>1</sourceCardinality>
<sourceEntity>1A9AC951-5AEE-985C-0ED0-26F0F2D25DCF</sourceEntity>
<targetCardinalityString>*</targetCardinalityString>
<targetEntity>9CA562F4-162C-6A7B-5DF1-CC8A4331FECF</targetEntity>
<transferable>true</transferable>
<deleteRule>NO ACTION</deleteRule>
<attributes itemClass="oracle.dbtools.crest.model.design.logical.Attribute">
<attribute name="id_tipo_reserva" id="FC4AF5EC-7A91-9CF5-3EB3-1BB1B8A3FAA4">
<createdBy>Benjamin</createdBy>
<createdTime>2025-10-05 22:06:25 UTC</createdTime>
<ownerDesignName>mec-im_DB</ownerDesignName>
<engineerTo>
<item key="B1AF5C42-AEDA-4144-D974-4A3982245D0E" value="true"/>
</engineerTo>
<nullsAllowed>true</nullsAllowed>
<useDomainConstraints>false</useDomainConstraints>
<use>1</use>
<logicalDatatype>LOGDT011</logicalDatatype>
<ownDataTypeParameters>,,</ownDataTypeParameters>
</attribute>
</attributes>
</Relation>