<?xml version = '1.0' encoding = 'UTF-8'?>
<Relation class="oracle.dbtools.crest.model.design.logical.Relation" name="Relation_63" directorySegmentName="seg_0" id="39C5B8CE-CE91-E7DD-F64F-8296EE97F490">
<createdBy>Benjamin</createdBy>
<createdTime>2025-10-05 21:39:07 UTC</createdTime>
<ownerDesignName>mec-im_DB</ownerDesignName>
<engineerTo>
<item key="B1AF5C42-AEDA-4144-D974-4A3982245D0E" value="true"/>
</engineerTo>
<sourcePk>7D2722EA-08CE-26EC-A8A7-C0204D758D4D</sourcePk>
<identifying>false</identifying>
<optionalSource>true</optionalSource>
<optionalTarget>false</optionalTarget>
<sourceCardinality>1</sourceCardinality>
<sourceEntity>4DACD18E-19A3-40F5-224C-A03B5AEB3CAF</sourceEntity>
<targetCardinalityString>*</targetCardinalityString>
<targetEntity>9CA562F4-162C-6A7B-5DF1-CC8A4331FECF</targetEntity>
<transferable>true</transferable>
<deleteRule>NO ACTION</deleteRule>
</Relation>