<?xml version = '1.0' encoding = 'UTF-8'?>
<Relation class="oracle.dbtools.crest.model.design.logical.Relation" name="Relation_38" directorySegmentName="seg_0" id="3E376DB0-D236-04EB-3ECE-163F6576B8C5">
<createdBy>Benjamin</createdBy>
<createdTime>2025-10-05 19:12:12 UTC</createdTime>
<ownerDesignName>mec-im_DB</ownerDesignName>
<engineerTo>
<item key="B1AF5C42-AEDA-4144-D974-4A3982245D0E" value="true"/>
</engineerTo>
<sourcePk>846DCA5B-C4B3-7E80-7B64-A2A0D9A75988</sourcePk>
<identifying>false</identifying>
<optionalSource>true</optionalSource>
<optionalTarget>false</optionalTarget>
<sourceCardinality>1</sourceCardinality>
<sourceEntity>866DD0F7-84E1-56F6-96BA-56FD77C12613</sourceEntity>
<targetCardinalityString>*</targetCardinalityString>
<targetEntity>FB5616A0-3E93-FACD-5B6A-785D76D7819F</targetEntity>
<transferable>true</transferable>
<deleteRule>NO ACTION</deleteRule>
</Relation>