<?xml version = '1.0' encoding = 'UTF-8'?>
<Relation class="oracle.dbtools.crest.model.design.logical.Relation" name="Relation_74" directorySegmentName="seg_0" id="3E58048B-0C4E-DF46-93BE-21A34671E7E7">
<createdBy>Benjamin</createdBy>
<createdTime>2025-10-05 23:00:49 UTC</createdTime>
<ownerDesignName>mec-im_DB</ownerDesignName>
<engineerTo>
<item key="B1AF5C42-AEDA-4144-D974-4A3982245D0E" value="true"/>
</engineerTo>
<sourcePk>FEE143C6-D7C7-99DE-8D72-93A2EA387777</sourcePk>
<identifying>false</identifying>
<optionalSource>true</optionalSource>
<optionalTarget>false</optionalTarget>
<sourceCardinality>1</sourceCardinality>
<sourceEntity>FDAA84AE-B2DE-3A85-3CEC-C48758DB7084</sourceEntity>
<targetCardinalityString>*</targetCardinalityString>
<targetEntity>CE74B307-F3EE-6A4D-E862-FB0FEB7B4D51</targetEntity>
<transferable>true</transferable>
<deleteRule>NO ACTION</deleteRule>
</Relation>