<?xml version = '1.0' encoding = 'UTF-8'?>
<Relation class="oracle.dbtools.crest.model.design.logical.Relation" name="Relation_77" directorySegmentName="seg_0" id="406EC9AD-E813-0A82-C384-A216C4E8C4E5">
<createdBy>Benjamin</createdBy>
<createdTime>2025-10-05 23:10:59 UTC</createdTime>
<ownerDesignName>mec-im_DB</ownerDesignName>
<engineerTo>
<item key="B1AF5C42-AEDA-4144-D974-4A3982245D0E" value="true"/>
</engineerTo>
<sourcePk>7D2722EA-08CE-26EC-A8A7-C0204D758D4D</sourcePk>
<identifying>false</identifying>
<optionalSource>true</optionalSource>
<optionalTarget>false</optionalTarget>
<sourceCardinality>1</sourceCardinality>
<sourceEntity>4DACD18E-19A3-40F5-224C-A03B5AEB3CAF</sourceEntity>
<targetCardinalityString>*</targetCardinalityString>
<targetEntity>A97F6C52-F500-538A-68D6-BF8685A9E62E</targetEntity>
<transferable>true</transferable>
<deleteRule>NO ACTION</deleteRule>
</Relation>