<?xml version = '1.0' encoding = 'UTF-8'?>
<Relation class="oracle.dbtools.crest.model.design.logical.Relation" name="Relation_56" directorySegmentName="seg_0" id="426DFD17-8EC2-C415-8D05-00103290F259">
<createdBy>Benjamin</createdBy>
<createdTime>2025-10-05 20:19:07 UTC</createdTime>
<ownerDesignName>mec-im_DB</ownerDesignName>
<engineerTo>
<item key="B1AF5C42-AEDA-4144-D974-4A3982245D0E" value="true"/>
</engineerTo>
<sourcePk>5996753F-E3B6-00AE-1398-6F9B78AF36F2</sourcePk>
<identifying>false</identifying>
<optionalSource>true</optionalSource>
<optionalTarget>false</optionalTarget>
<sourceCardinality>1</sourceCardinality>
<sourceEntity>54A59298-4ADF-1B7A-D794-7DE9D52A2F3B</sourceEntity>
<targetCardinalityString>*</targetCardinalityString>
<targetEntity>28E67F72-C267-BDC0-6451-24AAF3D988A4</targetEntity>
<transferable>true</transferable>
<deleteRule>NO ACTION</deleteRule>
</Relation>