<?xml version = '1.0' encoding = 'UTF-8'?>
<Relation class="oracle.dbtools.crest.model.design.logical.Relation" name="Relation_55" directorySegmentName="seg_0" id="493FDC0B-3CEE-5227-E69D-6E7CF49CD757">
<createdBy>Benjamin</createdBy>
<createdTime>2025-10-05 20:15:22 UTC</createdTime>
<ownerDesignName>mec-im_DB</ownerDesignName>
<engineerTo>
<item key="B1AF5C42-AEDA-4144-D974-4A3982245D0E" value="true"/>
</engineerTo>
<sourcePk>F813F7E9-21BE-6341-FB2E-393870713584</sourcePk>
<identifying>false</identifying>
<optionalSource>true</optionalSource>
<optionalTarget>false</optionalTarget>
<sourceCardinality>1</sourceCardinality>
<sourceEntity>97B13F91-192A-1BC9-48C8-C50F4F8BD47A</sourceEntity>
<targetCardinalityString>*</targetCardinalityString>
<targetEntity>D2F84A5E-BCC1-475C-BD11-B8C23F8B8098</targetEntity>
<transferable>true</transferable>
<deleteRule>NO ACTION</deleteRule>
</Relation>