<?xml version = '1.0' encoding = 'UTF-8'?>
<Relation class="oracle.dbtools.crest.model.design.logical.Relation" name="Relation_10" directorySegmentName="seg_0" id="52C85875-9BF0-E8D9-2C5C-E0597807FB63">
<createdBy>Benjamin</createdBy>
<createdTime>2025-10-04 22:05:21 UTC</createdTime>
<ownerDesignName>mec-im_DB</ownerDesignName>
<engineerTo>
<item key="B1AF5C42-AEDA-4144-D974-4A3982245D0E" value="true"/>
</engineerTo>
<sourcePk>3DAC4D2D-DA15-485F-99D1-6AE18EDD61F6</sourcePk>
<identifying>false</identifying>
<optionalSource>true</optionalSource>
<optionalTarget>false</optionalTarget>
<sourceCardinality>1</sourceCardinality>
<sourceEntity>939067D4-5B22-FE66-3EED-FE59E009A466</sourceEntity>
<targetCardinalityString>*</targetCardinalityString>
<targetEntity>EEDCA6E9-F57C-EC61-EEC6-A71B4DFB5AE1</targetEntity>
<transferable>true</transferable>
<deleteRule>NO ACTION</deleteRule>
</Relation>