<?xml version = '1.0' encoding = 'UTF-8'?>
<Relation class="oracle.dbtools.crest.model.design.logical.Relation" name="Relation_71" directorySegmentName="seg_0" id="5BCE70B0-A682-3370-4F85-01B4F213AE53">
<createdBy>Benjamin</createdBy>
<createdTime>2025-10-05 22:38:17 UTC</createdTime>
<ownerDesignName>mec-im_DB</ownerDesignName>
<engineerTo>
<item key="B1AF5C42-AEDA-4144-D974-4A3982245D0E" value="true"/>
</engineerTo>
<sourcePk>22A83EDF-A873-3EB6-244B-C386F0C8A2A0</sourcePk>
<identifying>false</identifying>
<optionalSource>true</optionalSource>
<optionalTarget>false</optionalTarget>
<sourceCardinality>1</sourceCardinality>
<sourceEntity>8150C900-2F18-C7D4-92E2-E14EA76ECDF3</sourceEntity>
<targetCardinalityString>*</targetCardinalityString>
<targetEntity>18FA1D46-81BB-9D5E-F4D1-5C336852B331</targetEntity>
<transferable>true</transferable>
<deleteRule>NO ACTION</deleteRule>
</Relation>