<?xml version = '1.0' encoding = 'UTF-8'?>
<Relation class="oracle.dbtools.crest.model.design.logical.Relation" name="Relation_17" directorySegmentName="seg_0" id="670B60E3-9416-13B0-DAF0-8DC4A13B1D69">
<createdBy>Benjamin</createdBy>
<createdTime>2025-10-04 22:21:41 UTC</createdTime>
<ownerDesignName>mec-im_DB</ownerDesignName>
<engineerTo>
<item key="B1AF5C42-AEDA-4144-D974-4A3982245D0E" value="true"/>
</engineerTo>
<sourcePk>3DDB263F-1A57-5CD2-5195-DEE03E1DD831</sourcePk>
<identifying>false</identifying>
<optionalSource>true</optionalSource>
<optionalTarget>false</optionalTarget>
<sourceCardinality>1</sourceCardinality>
<sourceEntity>17FB89AD-5981-2970-BA66-64EFF95089B8</sourceEntity>
<targetCardinalityString>*</targetCardinalityString>
<targetEntity>D2F84A5E-BCC1-475C-BD11-B8C23F8B8098</targetEntity>
<transferable>true</transferable>
<deleteRule>NO ACTION</deleteRule>
</Relation>