<?xml version = '1.0' encoding = 'UTF-8'?>
<Relation class="oracle.dbtools.crest.model.design.logical.Relation" name="Relation_53" directorySegmentName="seg_0" id="742C47C4-89AD-DBD5-E7C3-CF154023B97D">
<createdBy>Benjamin</createdBy>
<createdTime>2025-10-05 20:10:58 UTC</createdTime>
<ownerDesignName>mec-im_DB</ownerDesignName>
<engineerTo>
<item key="B1AF5C42-AEDA-4144-D974-4A3982245D0E" value="true"/>
</engineerTo>
<sourcePk>9FA1D02A-D21B-A5E9-E797-0E74D6B15D43</sourcePk>
<identifying>false</identifying>
<optionalSource>true</optionalSource>
<optionalTarget>false</optionalTarget>
<sourceCardinality>1</sourceCardinality>
<sourceEntity>3C4B7BE3-C9C4-A85B-99AB-D2DBD6AD5498</sourceEntity>
<targetCardinalityString>*</targetCardinalityString>
<targetEntity>17FB89AD-5981-2970-BA66-64EFF95089B8</targetEntity>
<transferable>true</transferable>
<deleteRule>NO ACTION</deleteRule>
</Relation>