<?xml version = '1.0' encoding = 'UTF-8'?>
<Relation class="oracle.dbtools.crest.model.design.logical.Relation" name="Relation_11" directorySegmentName="seg_0" id="74D61301-E5B8-3E83-E7E0-3628FF6F9B8D">
<createdBy>Benjamin</createdBy>
<createdTime>2025-10-04 22:08:06 UTC</createdTime>
<ownerDesignName>mec-im_DB</ownerDesignName>
<engineerTo>
<item key="B1AF5C42-AEDA-4144-D974-4A3982245D0E" value="true"/>
</engineerTo>
<sourcePk>7D2722EA-08CE-26EC-A8A7-C0204D758D4D</sourcePk>
<identifying>false</identifying>
<optionalSource>true</optionalSource>
<optionalTarget>false</optionalTarget>
<sourceCardinality>1</sourceCardinality>
<sourceEntity>4DACD18E-19A3-40F5-224C-A03B5AEB3CAF</sourceEntity>
<targetCardinalityString>*</targetCardinalityString>
<targetEntity>359AA365-D265-AA2E-E610-03FC4142F049</targetEntity>
<transferable>true</transferable>
<deleteRule>NO ACTION</deleteRule>
</Relation>