<?xml version = '1.0' encoding = 'UTF-8'?>
<Relation class="oracle.dbtools.crest.model.design.logical.Relation" name="Relation_54" directorySegmentName="seg_0" id="77F681F3-67AD-70E7-891F-AD3EC8B9FCE6">
<createdBy>Benjamin</createdBy>
<createdTime>2025-10-05 20:11:50 UTC</createdTime>
<ownerDesignName>mec-im_DB</ownerDesignName>
<engineerTo>
<item key="B1AF5C42-AEDA-4144-D974-4A3982245D0E" value="true"/>
</engineerTo>
<sourcePk>DF680E54-8494-1877-D6D3-2B6DCD36D9C5</sourcePk>
<identifying>false</identifying>
<optionalSource>true</optionalSource>
<optionalTarget>false</optionalTarget>
<sourceCardinality>1</sourceCardinality>
<sourceEntity>E9B8A86D-5EAA-DC45-B050-2C328A8BDBE9</sourceEntity>
<targetCardinalityString>*</targetCardinalityString>
<targetEntity>17FB89AD-5981-2970-BA66-64EFF95089B8</targetEntity>
<transferable>true</transferable>
<deleteRule>NO ACTION</deleteRule>
</Relation>