<?xml version = '1.0' encoding = 'UTF-8'?>
<Relation class="oracle.dbtools.crest.model.design.logical.Relation" name="Relation_32" directorySegmentName="seg_0" id="8C8AF35A-FE35-05FE-5FEB-0CC55C4324F9">
<createdBy>Benjamin</createdBy>
<createdTime>2025-10-05 17:44:00 UTC</createdTime>
<ownerDesignName>mec-im_DB</ownerDesignName>
<engineerTo>
<item key="B1AF5C42-AEDA-4144-D974-4A3982245D0E" value="true"/>
</engineerTo>
<sourcePk>8F0906E5-0504-977B-A4C6-1A7D00127380</sourcePk>
<identifying>false</identifying>
<optionalSource>true</optionalSource>
<optionalTarget>false</optionalTarget>
<sourceCardinality>1</sourceCardinality>
<sourceEntity>38C1A4AF-F50D-1ED7-55A4-106145EF9DCA</sourceEntity>
<targetCardinalityString>*</targetCardinalityString>
<targetEntity>4DACD18E-19A3-40F5-224C-A03B5AEB3CAF</targetEntity>
<transferable>true</transferable>
<deleteRule>NO ACTION</deleteRule>
</Relation>