<?xml version = '1.0' encoding = 'UTF-8'?>
<Relation class="oracle.dbtools.crest.model.design.logical.Relation" name="Relation_35" directorySegmentName="seg_0" id="9231AE39-1642-4986-44D3-79A98055F63C">
<createdBy>Benjamin</createdBy>
<createdTime>2025-10-05 17:55:51 UTC</createdTime>
<ownerDesignName>mec-im_DB</ownerDesignName>
<engineerTo>
<item key="B1AF5C42-AEDA-4144-D974-4A3982245D0E" value="true"/>
</engineerTo>
<sourcePk>2CCDE81E-59FF-1F76-32C2-EA49A8CE28CD</sourcePk>
<identifying>false</identifying>
<optionalSource>true</optionalSource>
<optionalTarget>false</optionalTarget>
<sourceCardinality>1</sourceCardinality>
<sourceEntity>B01E1C75-61B8-A0A1-A405-1ADBC30989DD</sourceEntity>
<targetCardinalityString>*</targetCardinalityString>
<targetEntity>15EBD628-2733-B70F-BA00-9DA83A2BA4D4</targetEntity>
<transferable>true</transferable>
<deleteRule>NO ACTION</deleteRule>
</Relation>