<?xml version = '1.0' encoding = 'UTF-8'?>
<Relation class="oracle.dbtools.crest.model.design.logical.Relation" name="Relation_42" directorySegmentName="seg_0" id="95240235-A080-6C9F-E673-73F3669C8C8F">
<createdBy>Benjamin</createdBy>
<createdTime>2025-10-05 19:29:14 UTC</createdTime>
<ownerDesignName>mec-im_DB</ownerDesignName>
<engineerTo>
<item key="B1AF5C42-AEDA-4144-D974-4A3982245D0E" value="true"/>
</engineerTo>
<sourcePk>77960F27-7FDE-6277-F22F-F191940DEB4F</sourcePk>
<identifying>false</identifying>
<optionalSource>true</optionalSource>
<optionalTarget>false</optionalTarget>
<sourceCardinality>1</sourceCardinality>
<sourceEntity>89D84282-679C-464B-E643-3C9E65BE665B</sourceEntity>
<targetCardinalityString>*</targetCardinalityString>
<targetEntity>359AA365-D265-AA2E-E610-03FC4142F049</targetEntity>
<transferable>true</transferable>
<deleteRule>NO ACTION</deleteRule>
</Relation>