<?xml version = '1.0' encoding = 'UTF-8'?>
<Relation class="oracle.dbtools.crest.model.design.logical.Relation" name="Relation_44" directorySegmentName="seg_0" id="9924AF74-2F56-5BEA-DCFB-A1BAA955A56F">
<createdBy>Benjamin</createdBy>
<createdTime>2025-10-05 19:31:29 UTC</createdTime>
<ownerDesignName>mec-im_DB</ownerDesignName>
<engineerTo>
<item key="B1AF5C42-AEDA-4144-D974-4A3982245D0E" value="true"/>
</engineerTo>
<sourcePk>A594FDBA-D9D0-D6A1-9029-69F3015EC655</sourcePk>
<identifying>false</identifying>
<optionalSource>true</optionalSource>
<optionalTarget>false</optionalTarget>
<sourceCardinality>1</sourceCardinality>
<sourceEntity>359AA365-D265-AA2E-E610-03FC4142F049</sourceEntity>
<targetCardinalityString>*</targetCardinalityString>
<targetEntity>8DAD8133-9CBB-E860-8C83-5D67C5BD7A14</targetEntity>
<transferable>true</transferable>
<deleteRule>NO ACTION</deleteRule>
</Relation>