<?xml version = '1.0' encoding = 'UTF-8'?>
<Relation class="oracle.dbtools.crest.model.design.logical.Relation" name="Relation_68" directorySegmentName="seg_0" id="99A1D608-C2F4-7854-DE33-6EC5F3B53BB1">
<createdBy>Benjamin</createdBy>
<createdTime>2025-10-05 22:07:35 UTC</createdTime>
<ownerDesignName>mec-im_DB</ownerDesignName>
<engineerTo>
<item key="B1AF5C42-AEDA-4144-D974-4A3982245D0E" value="true"/>
</engineerTo>
<sourcePk>CA7056F1-996E-379F-D5B3-B7C262CCEA08</sourcePk>
<identifying>false</identifying>
<optionalSource>true</optionalSource>
<optionalTarget>false</optionalTarget>
<sourceCardinality>1</sourceCardinality>
<sourceEntity>A68579DA-5539-F153-C606-99E829285239</sourceEntity>
<targetCardinalityString>*</targetCardinalityString>
<targetEntity>9CA562F4-162C-6A7B-5DF1-CC8A4331FECF</targetEntity>
<transferable>true</transferable>
<deleteRule>NO ACTION</deleteRule>
</Relation>