<?xml version = '1.0' encoding = 'UTF-8'?>
<Relation class="oracle.dbtools.crest.model.design.logical.Relation" name="Relation_4" directorySegmentName="seg_0" id="9D853DCB-B282-6E34-A19E-929EDFA3BFE7">
<createdBy>Benjamin</createdBy>
<createdTime>2025-10-04 03:02:18 UTC</createdTime>
<ownerDesignName>mec-im_DB</ownerDesignName>
<engineerTo>
<item key="B1AF5C42-AEDA-4144-D974-4A3982245D0E" value="true"/>
</engineerTo>
<sourcePk>F3A9E280-5FA0-818B-B1A3-FAF5F99F8AAA</sourcePk>
<identifying>false</identifying>
<optionalSource>true</optionalSource>
<optionalTarget>false</optionalTarget>
<sourceCardinality>1</sourceCardinality>
<sourceEntity>1851E50F-4380-4BB2-E52B-EE89E8EAC777</sourceEntity>
<targetCardinalityString>*</targetCardinalityString>
<targetEntity>FB5616A0-3E93-FACD-5B6A-785D76D7819F</targetEntity>
<transferable>true</transferable>
<deleteRule>NO ACTION</deleteRule>
</Relation>