<?xml version = '1.0' encoding = 'UTF-8'?>
<Relation class="oracle.dbtools.crest.model.design.logical.Relation" name="Relation_21" directorySegmentName="seg_0" id="A08DF181-8963-5B73-BBEE-96E282B0CACA">
<createdBy>Benjamin</createdBy>
<createdTime>2025-10-04 22:28:57 UTC</createdTime>
<ownerDesignName>mec-im_DB</ownerDesignName>
<engineerTo>
<item key="B1AF5C42-AEDA-4144-D974-4A3982245D0E" value="true"/>
</engineerTo>
<sourcePk>F3A9E280-5FA0-818B-B1A3-FAF5F99F8AAA</sourcePk>
<identifying>false</identifying>
<optionalSource>true</optionalSource>
<optionalTarget>false</optionalTarget>
<sourceCardinality>1</sourceCardinality>
<sourceEntity>1851E50F-4380-4BB2-E52B-EE89E8EAC777</sourceEntity>
<targetCardinalityString>1</targetCardinalityString>
<targetEntity>18FA1D46-81BB-9D5E-F4D1-5C336852B331</targetEntity>
<transferable>true</transferable>
<deleteRule>NO ACTION</deleteRule>
</Relation>