<?xml version = '1.0' encoding = 'UTF-8'?>
<Relation class="oracle.dbtools.crest.model.design.logical.Relation" name="Relation_23" directorySegmentName="seg_0" id="B3D2A829-C3B7-50A6-45E6-3A04A285F7FE">
<createdBy>Benjamin</createdBy>
<createdTime>2025-10-04 22:36:02 UTC</createdTime>
<ownerDesignName>mec-im_DB</ownerDesignName>
<engineerTo>
<item key="B1AF5C42-AEDA-4144-D974-4A3982245D0E" value="true"/>
</engineerTo>
<sourcePk>A594FDBA-D9D0-D6A1-9029-69F3015EC655</sourcePk>
<identifying>false</identifying>
<optionalSource>true</optionalSource>
<optionalTarget>false</optionalTarget>
<sourceCardinality>1</sourceCardinality>
<sourceEntity>359AA365-D265-AA2E-E610-03FC4142F049</sourceEntity>
<targetCardinalityString>1</targetCardinalityString>
<targetEntity>9CA562F4-162C-6A7B-5DF1-CC8A4331FECF</targetEntity>
<transferable>true</transferable>
<deleteRule>NO ACTION</deleteRule>
</Relation>