<?xml version = '1.0' encoding = 'UTF-8'?>
<Relation class="oracle.dbtools.crest.model.design.logical.Relation" name="Relation_66" directorySegmentName="seg_0" id="B50B9FB7-190C-2E19-4081-8A3059848173">
<createdBy>Benjamin</createdBy>
<createdTime>2025-10-05 22:04:08 UTC</createdTime>
<ownerDesignName>mec-im_DB</ownerDesignName>
<engineerTo>
<item key="B1AF5C42-AEDA-4144-D974-4A3982245D0E" value="true"/>
</engineerTo>
<sourcePk>1AC1CFF7-B794-8D8E-BF66-BAC35AA433E3</sourcePk>
<identifying>false</identifying>
<optionalSource>true</optionalSource>
<optionalTarget>false</optionalTarget>
<sourceCardinality>1</sourceCardinality>
<sourceEntity>21306C2E-D1F9-D460-BB0B-5D8310C6472F</sourceEntity>
<targetCardinalityString>*</targetCardinalityString>
<targetEntity>9CA562F4-162C-6A7B-5DF1-CC8A4331FECF</targetEntity>
<transferable>true</transferable>
<deleteRule>NO ACTION</deleteRule>
</Relation>