<?xml version = '1.0' encoding = 'UTF-8'?>
<Relation class="oracle.dbtools.crest.model.design.logical.Relation" name="Relation_3" directorySegmentName="seg_0" id="B76BB096-DF13-2AAA-3E57-CD4D13691B52">
<createdBy>bdiazo</createdBy>
<createdTime>2025-10-03 19:35:42 UTC</createdTime>
<ownerDesignName>mec-im_DB</ownerDesignName>
<engineerTo>
<item key="B1AF5C42-AEDA-4144-D974-4A3982245D0E" value="true"/>
</engineerTo>
<sourcePk>3C9BE05D-A2B0-F5D3-A341-6638C20BC991</sourcePk>
<identifying>false</identifying>
<optionalSource>true</optionalSource>
<optionalTarget>false</optionalTarget>
<sourceCardinality>1</sourceCardinality>
<sourceEntity>64482EE6-CE4E-12C3-344A-4CA6B7F20B80</sourceEntity>
<targetCardinalityString>*</targetCardinalityString>
<targetEntity>4DACD18E-19A3-40F5-224C-A03B5AEB3CAF</targetEntity>
<transferable>true</transferable>
<deleteRule>NO ACTION</deleteRule>
</Relation>