<?xml version = '1.0' encoding = 'UTF-8'?>
<Relation class="oracle.dbtools.crest.model.design.logical.Relation" name="Relation_6" directorySegmentName="seg_0" id="BD15194D-CCED-3169-41D5-87684C324F07">
<createdBy>Benjamin</createdBy>
<createdTime>2025-10-04 21:41:56 UTC</createdTime>
<ownerDesignName>mec-im_DB</ownerDesignName>
<engineerTo>
<item key="B1AF5C42-AEDA-4144-D974-4A3982245D0E" value="true"/>
</engineerTo>
<sourcePk>2EAC5A17-599A-4B89-72CD-EE3CD79A7A1B</sourcePk>
<identifying>false</identifying>
<optionalSource>true</optionalSource>
<optionalTarget>false</optionalTarget>
<sourceCardinality>1</sourceCardinality>
<sourceEntity>5B73505A-6A1D-1770-6901-8795DF8FC779</sourceEntity>
<targetCardinalityString>*</targetCardinalityString>
<targetEntity>939067D4-5B22-FE66-3EED-FE59E009A466</targetEntity>
<transferable>true</transferable>
<deleteRule>NO ACTION</deleteRule>
</Relation>