<?xml version = '1.0' encoding = 'UTF-8'?>
<Relation class="oracle.dbtools.crest.model.design.logical.Relation" name="Relation_80" directorySegmentName="seg_0" id="C02B6ADD-7E5C-3BB8-3930-3288E7CC91FD">
<createdBy>Benjamin</createdBy>
<createdTime>2025-10-05 23:13:15 UTC</createdTime>
<ownerDesignName>mec-im_DB</ownerDesignName>
<engineerTo>
<item key="B1AF5C42-AEDA-4144-D974-4A3982245D0E" value="true"/>
</engineerTo>
<sourcePk>F1A2AC75-9D3D-9CD3-02FE-0313469FC69A</sourcePk>
<identifying>false</identifying>
<optionalSource>true</optionalSource>
<optionalTarget>false</optionalTarget>
<sourceCardinality>1</sourceCardinality>
<sourceEntity>CD810BD4-8707-DF09-9215-44F35830A677</sourceEntity>
<targetCardinalityString>*</targetCardinalityString>
<targetEntity>A97F6C52-F500-538A-68D6-BF8685A9E62E</targetEntity>
<transferable>true</transferable>
<deleteRule>NO ACTION</deleteRule>
</Relation>