<?xml version = '1.0' encoding = 'UTF-8'?>
<Relation class="oracle.dbtools.crest.model.design.logical.Relation" name="Relation_78" directorySegmentName="seg_0" id="C9BE4952-2C57-0370-C2D4-C31D036C24BB">
<createdBy>Benjamin</createdBy>
<createdTime>2025-10-05 23:12:04 UTC</createdTime>
<ownerDesignName>mec-im_DB</ownerDesignName>
<engineerTo>
<item key="B1AF5C42-AEDA-4144-D974-4A3982245D0E" value="true"/>
</engineerTo>
<sourcePk>11DAF88D-4D5A-5006-F15A-4659D2FC9B6C</sourcePk>
<identifying>false</identifying>
<optionalSource>true</optionalSource>
<optionalTarget>false</optionalTarget>
<sourceCardinality>1</sourceCardinality>
<sourceEntity>F4A6534F-81D0-0B45-EAEC-E73F9A9C5445</sourceEntity>
<targetCardinalityString>*</targetCardinalityString>
<targetEntity>A97F6C52-F500-538A-68D6-BF8685A9E62E</targetEntity>
<transferable>true</transferable>
<deleteRule>NO ACTION</deleteRule>
</Relation>