<?xml version = '1.0' encoding = 'UTF-8'?>
<Relation class="oracle.dbtools.crest.model.design.logical.Relation" name="Relation_29" directorySegmentName="seg_0" id="CCA2A985-9277-C7D8-76B8-929583514C50">
<createdBy>Benjamin</createdBy>
<createdTime>2025-10-05 16:11:52 UTC</createdTime>
<ownerDesignName>mec-im_DB</ownerDesignName>
<engineerTo>
<item key="B1AF5C42-AEDA-4144-D974-4A3982245D0E" value="true"/>
</engineerTo>
<sourcePk>3C9BE05D-A2B0-F5D3-A341-6638C20BC991</sourcePk>
<identifying>false</identifying>
<optionalSource>true</optionalSource>
<optionalTarget>false</optionalTarget>
<sourceCardinality>1</sourceCardinality>
<sourceEntity>64482EE6-CE4E-12C3-344A-4CA6B7F20B80</sourceEntity>
<targetCardinalityString>*</targetCardinalityString>
<targetEntity>8D9E642A-00D2-19EA-3B52-6891A6BB87B3</targetEntity>
<transferable>true</transferable>
<deleteRule>NO ACTION</deleteRule>
</Relation>