<?xml version = '1.0' encoding = 'UTF-8'?>
<Relation class="oracle.dbtools.crest.model.design.logical.Relation" name="Relation_40" directorySegmentName="seg_0" id="D033689F-9E82-7D33-BCAF-DDEA0B88D167">
<createdBy>Benjamin</createdBy>
<createdTime>2025-10-05 19:17:20 UTC</createdTime>
<ownerDesignName>mec-im_DB</ownerDesignName>
<engineerTo>
<item key="B1AF5C42-AEDA-4144-D974-4A3982245D0E" value="true"/>
</engineerTo>
<sourcePk>784A7E79-D8A3-2EA3-4433-584015AFF57F</sourcePk>
<identifying>false</identifying>
<optionalSource>true</optionalSource>
<optionalTarget>false</optionalTarget>
<sourceCardinality>1</sourceCardinality>
<sourceEntity>8F639870-6F92-A848-A8BC-B5DF649F5E61</sourceEntity>
<targetCardinalityString>*</targetCardinalityString>
<targetEntity>FB5616A0-3E93-FACD-5B6A-785D76D7819F</targetEntity>
<transferable>true</transferable>
<deleteRule>NO ACTION</deleteRule>
</Relation>