<?xml version = '1.0' encoding = 'UTF-8'?>
<Relation class="oracle.dbtools.crest.model.design.logical.Relation" name="Relation_34" directorySegmentName="seg_0" id="D3095F4E-3A71-8A90-7541-CC520FEAA957">
<createdBy>Benjamin</createdBy>
<createdTime>2025-10-05 17:52:50 UTC</createdTime>
<ownerDesignName>mec-im_DB</ownerDesignName>
<engineerTo>
<item key="B1AF5C42-AEDA-4144-D974-4A3982245D0E" value="true"/>
</engineerTo>
<sourcePk>F3A9E280-5FA0-818B-B1A3-FAF5F99F8AAA</sourcePk>
<identifying>false</identifying>
<optionalSource>true</optionalSource>
<optionalTarget>false</optionalTarget>
<sourceCardinality>1</sourceCardinality>
<sourceEntity>1851E50F-4380-4BB2-E52B-EE89E8EAC777</sourceEntity>
<targetCardinalityString>*</targetCardinalityString>
<targetEntity>3177ED20-8797-608E-5E75-52EE1899838C</targetEntity>
<transferable>true</transferable>
<deleteRule>NO ACTION</deleteRule>
</Relation>