<?xml version = '1.0' encoding = 'UTF-8'?>
<Relation class="oracle.dbtools.crest.model.design.logical.Relation" name="Relation_41" directorySegmentName="seg_0" id="D58BAC1A-DDB1-DDC4-AEE1-E51DF0CB8EFE">
<createdBy>Benjamin</createdBy>
<createdTime>2025-10-05 19:20:42 UTC</createdTime>
<ownerDesignName>mec-im_DB</ownerDesignName>
<engineerTo>
<item key="B1AF5C42-AEDA-4144-D974-4A3982245D0E" value="true"/>
</engineerTo>
<sourcePk>8E636E6E-7BA6-9FE1-7F38-7DB08073A12F</sourcePk>
<identifying>false</identifying>
<optionalSource>true</optionalSource>
<optionalTarget>false</optionalTarget>
<sourceCardinality>1</sourceCardinality>
<sourceEntity>A4395FB2-1242-E683-2281-D62E00EB0484</sourceEntity>
<targetCardinalityString>*</targetCardinalityString>
<targetEntity>359AA365-D265-AA2E-E610-03FC4142F049</targetEntity>
<transferable>true</transferable>
<deleteRule>NO ACTION</deleteRule>
</Relation>