<?xml version = '1.0' encoding = 'UTF-8'?>
<Relation class="oracle.dbtools.crest.model.design.logical.Relation" name="Relation_75" directorySegmentName="seg_0" id="D73DD8F4-CA20-3897-D441-8496BF0163A7">
<createdBy>Benjamin</createdBy>
<createdTime>2025-10-05 23:01:46 UTC</createdTime>
<ownerDesignName>mec-im_DB</ownerDesignName>
<engineerTo>
<item key="B1AF5C42-AEDA-4144-D974-4A3982245D0E" value="true"/>
</engineerTo>
<sourcePk>2BB9D7D9-7DAA-4AB6-DDC0-7C03081ABCC4</sourcePk>
<identifying>false</identifying>
<optionalSource>true</optionalSource>
<optionalTarget>false</optionalTarget>
<sourceCardinality>1</sourceCardinality>
<sourceEntity>F96B7117-AE71-BF71-9A47-65579D029E64</sourceEntity>
<targetCardinalityString>*</targetCardinalityString>
<targetEntity>CE74B307-F3EE-6A4D-E862-FB0FEB7B4D51</targetEntity>
<transferable>true</transferable>
<deleteRule>NO ACTION</deleteRule>
</Relation>