<?xml version = '1.0' encoding = 'UTF-8'?>
<Relation class="oracle.dbtools.crest.model.design.logical.Relation" name="Relation_50" directorySegmentName="seg_0" id="DCBFFFD6-EBE1-A4B8-108E-02417A755F08">
<createdBy>Benjamin</createdBy>
<createdTime>2025-10-05 20:01:19 UTC</createdTime>
<ownerDesignName>mec-im_DB</ownerDesignName>
<engineerTo>
<item key="B1AF5C42-AEDA-4144-D974-4A3982245D0E" value="true"/>
</engineerTo>
<sourcePk>A594FDBA-D9D0-D6A1-9029-69F3015EC655</sourcePk>
<identifying>false</identifying>
<optionalSource>true</optionalSource>
<optionalTarget>false</optionalTarget>
<sourceCardinality>1</sourceCardinality>
<sourceEntity>359AA365-D265-AA2E-E610-03FC4142F049</sourceEntity>
<targetCardinalityString>*</targetCardinalityString>
<targetEntity>EEDCA6E9-F57C-EC61-EEC6-A71B4DFB5AE1</targetEntity>
<transferable>true</transferable>
<deleteRule>NO ACTION</deleteRule>
</Relation>