<?xml version = '1.0' encoding = 'UTF-8'?>
<Relation class="oracle.dbtools.crest.model.design.logical.Relation" name="Relation_52" directorySegmentName="seg_0" id="EC9B87FF-8D7C-D4A7-3608-372256B6FA4B">
<createdBy>Benjamin</createdBy>
<createdTime>2025-10-05 20:07:07 UTC</createdTime>
<ownerDesignName>mec-im_DB</ownerDesignName>
<engineerTo>
<item key="B1AF5C42-AEDA-4144-D974-4A3982245D0E" value="true"/>
</engineerTo>
<sourcePk>45FC09A8-C0C8-E2B6-F7BA-C2C87F1765CB</sourcePk>
<identifying>false</identifying>
<optionalSource>true</optionalSource>
<optionalTarget>false</optionalTarget>
<sourceCardinality>1</sourceCardinality>
<sourceEntity>2F292C91-0BC1-81EA-FE46-48509BF1007F</sourceEntity>
<targetCardinalityString>*</targetCardinalityString>
<targetEntity>EEDCA6E9-F57C-EC61-EEC6-A71B4DFB5AE1</targetEntity>
<transferable>true</transferable>
<deleteRule>NO ACTION</deleteRule>
</Relation>