<?xml version = '1.0' encoding = 'UTF-8'?>
<Relation class="oracle.dbtools.crest.model.design.logical.Relation" name="Relation_49" directorySegmentName="seg_0" id="EE742045-9119-3F59-CD61-2DAB439E1512">
<createdBy>Benjamin</createdBy>
<createdTime>2025-10-05 19:55:42 UTC</createdTime>
<ownerDesignName>mec-im_DB</ownerDesignName>
<engineerTo>
<item key="B1AF5C42-AEDA-4144-D974-4A3982245D0E" value="true"/>
</engineerTo>
<sourcePk>5A319B08-21CD-3E70-311C-92BE3F98E481</sourcePk>
<identifying>false</identifying>
<optionalSource>true</optionalSource>
<optionalTarget>false</optionalTarget>
<sourceCardinality>1</sourceCardinality>
<sourceEntity>C8F2709A-B827-FA02-5F69-621265FADB86</sourceEntity>
<targetCardinalityString>*</targetCardinalityString>
<targetEntity>27A32F6A-C594-FB8E-AE85-36A126099875</targetEntity>
<transferable>true</transferable>
<deleteRule>NO ACTION</deleteRule>
</Relation>