<?xml version = '1.0' encoding = 'UTF-8'?>
<Relation class="oracle.dbtools.crest.model.design.logical.Relation" name="Relation_36" directorySegmentName="seg_0" id="F16A95CE-B780-1D1A-699F-ED2C0EBCF48C">
<createdBy>Benjamin</createdBy>
<createdTime>2025-10-05 17:58:24 UTC</createdTime>
<ownerDesignName>mec-im_DB</ownerDesignName>
<engineerTo>
<item key="B1AF5C42-AEDA-4144-D974-4A3982245D0E" value="true"/>
</engineerTo>
<sourcePk>AB4899F2-2679-92CC-5ACF-89D900734FC1</sourcePk>
<identifying>false</identifying>
<optionalSource>true</optionalSource>
<optionalTarget>false</optionalTarget>
<sourceCardinality>1</sourceCardinality>
<sourceEntity>4A540F3C-69AD-5F1C-8EC1-9FBD90391353</sourceEntity>
<targetCardinalityString>*</targetCardinalityString>
<targetEntity>15EBD628-2733-B70F-BA00-9DA83A2BA4D4</targetEntity>
<transferable>true</transferable>
<deleteRule>NO ACTION</deleteRule>
</Relation>