<?xml version = '1.0' encoding = 'UTF-8'?>
<Relation class="oracle.dbtools.crest.model.design.logical.Relation" name="Relation_72" directorySegmentName="seg_0" id="F45B06C5-72C9-A169-1AA7-18633213DB47">
<createdBy>Benjamin</createdBy>
<createdTime>2025-10-05 22:59:40 UTC</createdTime>
<ownerDesignName>mec-im_DB</ownerDesignName>
<engineerTo>
<item key="B1AF5C42-AEDA-4144-D974-4A3982245D0E" value="true"/>
</engineerTo>
<sourcePk>55B99EAB-C48D-59CB-A795-64C2FADD244F</sourcePk>
<identifying>false</identifying>
<optionalSource>true</optionalSource>
<optionalTarget>false</optionalTarget>
<sourceCardinality>1</sourceCardinality>
<sourceEntity>57455CAD-7CE1-9687-32DC-AB088A912427</sourceEntity>
<targetCardinalityString>*</targetCardinalityString>
<targetEntity>CE74B307-F3EE-6A4D-E862-FB0FEB7B4D51</targetEntity>
<transferable>true</transferable>
<deleteRule>NO ACTION</deleteRule>
</Relation>