<?xml version = '1.0' encoding = 'UTF-8'?>
<Relation class="oracle.dbtools.crest.model.design.logical.Relation" name="Relation_12" directorySegmentName="seg_0" id="F4E7463F-D6F7-5143-32B5-E3AA21116520">
<createdBy>Benjamin</createdBy>
<createdTime>2025-10-04 22:08:53 UTC</createdTime>
<ownerDesignName>mec-im_DB</ownerDesignName>
<engineerTo>
<item key="B1AF5C42-AEDA-4144-D974-4A3982245D0E" value="true"/>
</engineerTo>
<sourcePk>641DEBD1-5D0F-3351-779C-1C261E621BC1</sourcePk>
<identifying>false</identifying>
<optionalSource>true</optionalSource>
<optionalTarget>false</optionalTarget>
<sourceCardinality>1</sourceCardinality>
<sourceEntity>FB5616A0-3E93-FACD-5B6A-785D76D7819F</sourceEntity>
<targetCardinalityString>*</targetCardinalityString>
<targetEntity>359AA365-D265-AA2E-E610-03FC4142F049</targetEntity>
<transferable>true</transferable>
<deleteRule>NO ACTION</deleteRule>
</Relation>