<?xml version = '1.0' encoding = 'UTF-8'?>
<Relation class="oracle.dbtools.crest.model.design.logical.Relation" name="Relation_15" directorySegmentName="seg_0" id="FDB45836-7A60-DA32-C55E-3055246035A8">
<createdBy>Benjamin</createdBy>
<createdTime>2025-10-04 22:18:11 UTC</createdTime>
<ownerDesignName>mec-im_DB</ownerDesignName>
<engineerTo>
<item key="B1AF5C42-AEDA-4144-D974-4A3982245D0E" value="true"/>
</engineerTo>
<sourcePk>3DDB263F-1A57-5CD2-5195-DEE03E1DD831</sourcePk>
<identifying>false</identifying>
<optionalSource>true</optionalSource>
<optionalTarget>false</optionalTarget>
<sourceCardinality>1</sourceCardinality>
<sourceEntity>17FB89AD-5981-2970-BA66-64EFF95089B8</sourceEntity>
<targetCardinalityString>1</targetCardinalityString>
<targetEntity>1851E50F-4380-4BB2-E52B-EE89E8EAC777</targetEntity>
<transferable>true</transferable>
<deleteRule>NO ACTION</deleteRule>
</Relation>