<?xml version = '1.0' encoding = 'UTF-8'?>
<Diagram class="oracle.dbtools.crest.swingui.relational.DPVRelational" name="Relational_1" id="E8F2A520-43EB-E849-8E69-F37FB6FAED3C">
<createdBy>bdiazo</createdBy>
<modifiedBy>bdiazo</modifiedBy>
<createdTime>2025-10-03 19:58:45 UTC</createdTime>
<autoRoute>false</autoRoute>
<boxInbox>true</boxInbox>
<showLegend>false</showLegend>
<showLabels>false</showLabels>
<showRelAttributes>false</showRelAttributes>
<gridEnabled>false</gridEnabled>
<showGrid>false</showGrid>
<diagramColor>-1</diagramColor>
<display>false</display>
<notation>1</notation>
<objectViews>
<OView class="oracle.dbtools.crest.swingui.relational.TVTable" oid="070285EB-AE72-3CE9-138B-D3D76FFBA226" otype="Table" vid="BCC18271-40AC-DB8F-41F9-4CDC95D9E759">
<hideElementsInCurrentOnly>false</hideElementsInCurrentOnly>
<bounds x="689" y="0" width="298" height="234"/>
</OView>
<OView class="oracle.dbtools.crest.swingui.relational.TVTable" oid="196F424D-122E-CC2D-1C16-01E4BA8DCF4F" otype="Table" vid="6865921D-6BB6-F479-67E5-B06E4654E7D7">
<hideElementsInCurrentOnly>false</hideElementsInCurrentOnly>
<bounds x="0" y="1128" width="235" height="183"/>
</OView>
<OView class="oracle.dbtools.crest.swingui.relational.TVTable" oid="1C987036-F9AB-AC0F-EE8F-428B6E5D4B7E" otype="Table" vid="B6EF55D3-A00A-941C-7DBD-7C85555D1D66">
<hideElementsInCurrentOnly>false</hideElementsInCurrentOnly>
<bounds x="1212" y="346" width="209" height="198"/>
</OView>
<OView class="oracle.dbtools.crest.swingui.relational.TVTable" oid="22F3BFEC-B7F7-9B25-3CEF-072BE40C19F0" otype="Table" vid="35EFC55B-8DAA-BAFC-E48F-383FDE7C48C4">
<hideElementsInCurrentOnly>false</hideElementsInCurrentOnly>
<bounds x="57" y="291" width="260" height="208"/>
</OView>
<OView class="oracle.dbtools.crest.swingui.relational.TVTable" oid="27957C7D-C81F-500A-5CC6-0BD827A7B5E9" otype="Table" vid="6F3E49B8-7E9D-D06F-D998-FEF2704AC3D7">
<hideElementsInCurrentOnly>false</hideElementsInCurrentOnly>
<bounds x="2151" y="1045" width="176" height="76"/>
</OView>
<OView class="oracle.dbtools.crest.swingui.relational.TVTable" oid="2811F8C2-DA5A-1AAE-0934-C4DB86461035" otype="Table" vid="3B5EDC67-3783-944B-54BB-E070263446C9">
<hideElementsInCurrentOnly>false</hideElementsInCurrentOnly>
<bounds x="1908" y="1481" width="215" height="156"/>
</OView>
<OView class="oracle.dbtools.crest.swingui.relational.TVTable" oid="388E7CE7-F56C-D7F2-5D8E-8B6C896E56C2" otype="Table" vid="B0678DBA-D257-449C-9E6E-ED16A40E147A">
<hideElementsInCurrentOnly>false</hideElementsInCurrentOnly>
<bounds x="11" y="851" width="275" height="171"/>
</OView>
<OView class="oracle.dbtools.crest.swingui.relational.TVTable" oid="3C0C62E0-6508-1FEC-ACFC-7A074CD2E04F" otype="Table" vid="198C72DB-11F9-9D0A-3867-8948AB82C774">
<hideElementsInCurrentOnly>false</hideElementsInCurrentOnly>
<bounds x="2218" y="928" width="269" height="199"/>
</OView>
<OView class="oracle.dbtools.crest.swingui.relational.TVTable" oid="4079C4DE-14CD-C2A5-C241-8837E86F1AE9" otype="Table" vid="08B20B71-92A5-D199-A08C-A977ECC29489">
<hideElementsInCurrentOnly>false</hideElementsInCurrentOnly>
<bounds x="901" y="1387" width="199" height="107"/>
</OView>
<OView class="oracle.dbtools.crest.swingui.relational.TVTable" oid="40D1C3A2-AF13-14BA-0EC1-FE31DBAE2405" otype="Table" vid="CA8F753B-904E-4E28-690C-9F14C9C8E1F9">
<hideElementsInCurrentOnly>false</hideElementsInCurrentOnly>
<bounds x="2277" y="1530" width="265" height="147"/>
</OView>
<OView class="oracle.dbtools.crest.swingui.relational.TVTable" oid="482D9CB2-9F1B-FA9C-1A48-D2FCC7756832" otype="Table" vid="19641A22-54C9-C059-005A-843477663851">
<hideElementsInCurrentOnly>false</hideElementsInCurrentOnly>
<bounds x="46" y="562" width="281" height="162"/>
</OView>
<OView class="oracle.dbtools.crest.swingui.relational.TVTable" oid="49AD0666-9ABD-1A45-102E-FD9AB2C1895D" otype="Table" vid="CB0969A9-A686-0FD1-1066-EE8A678F697D">
<hideElementsInCurrentOnly>false</hideElementsInCurrentOnly>
<bounds x="1728" y="203" width="243" height="124"/>
</OView>
<OView class="oracle.dbtools.crest.swingui.relational.TVTable" oid="49F9C355-642B-BC41-67BD-24D7C5E6B1B1" otype="Table" vid="66AEA4A3-D3CC-7FE2-A799-885137367E5F">
<hideElementsInCurrentOnly>false</hideElementsInCurrentOnly>
<bounds x="2433" y="681" width="322" height="118"/>
</OView>
<OView class="oracle.dbtools.crest.swingui.relational.TVTable" oid="4F289308-A8A0-BDA8-9E73-0985D81D1B9B" otype="Table" vid="FF3962B1-B8A3-8356-CAAD-BFF7DE2BD8BC">
<hideElementsInCurrentOnly>false</hideElementsInCurrentOnly>
<bounds x="1022" y="63" width="288" height="204"/>
</OView>
<OView class="oracle.dbtools.crest.swingui.relational.TVTable" oid="605D08F3-FA65-FD65-FF64-CAB4741A2ABB" otype="Table" vid="2874742F-F233-68B6-44F9-732E59186DE1">
<hideElementsInCurrentOnly>false</hideElementsInCurrentOnly>
<bounds x="2004" y="288" width="192" height="128"/>
</OView>
<OView class="oracle.dbtools.crest.swingui.relational.TVTable" oid="6BEDAA37-DA62-1437-A1B9-CC25A36B6A76" otype="Table" vid="EA316DEB-4555-1DC0-AC9B-6D490B49EFF9">
<hideElementsInCurrentOnly>false</hideElementsInCurrentOnly>
<bounds x="2024" y="1231" width="190" height="74"/>
</OView>
<OView class="oracle.dbtools.crest.swingui.relational.TVTable" oid="6D111FA7-034A-EDFB-6C47-85D3C90D71D9" otype="Table" vid="512BBDBD-AF07-D0BA-F53F-9FF062071273">
<hideElementsInCurrentOnly>false</hideElementsInCurrentOnly>
<bounds x="2209" y="8" width="321" height="241"/>
</OView>
<OView class="oracle.dbtools.crest.swingui.relational.TVTable" oid="70C29DDB-51B6-1D3D-4F9E-44046B67822D" otype="Table" vid="9B7E970D-34BF-8849-EBF8-0D03E9AA5C43">
<hideElementsInCurrentOnly>false</hideElementsInCurrentOnly>
<bounds x="126" y="1519" width="299" height="108"/>
</OView>
<OView class="oracle.dbtools.crest.swingui.relational.TVTable" oid="72AECE3B-85AA-219C-45C3-EE87288BEC87" otype="Table" vid="BB693C15-E420-0D77-2F95-6CF37D1EB2BB">
<hideElementsInCurrentOnly>false</hideElementsInCurrentOnly>
<bounds x="2644" y="840" width="142" height="110"/>
</OView>
<OView class="oracle.dbtools.crest.swingui.relational.TVTable" oid="776DE9A8-7F84-6B2F-7CE0-D6A799EB6340" otype="Table" vid="9FC7C8AB-1CC8-8FE2-FA2D-0109832A4069">
<hideElementsInCurrentOnly>false</hideElementsInCurrentOnly>
<bounds x="1672" y="396" width="187" height="94"/>
</OView>
<OView class="oracle.dbtools.crest.swingui.relational.TVTable" oid="79C35AE8-1A08-0BDD-E613-3000C7027B9F" otype="Table" vid="5207756C-0E2D-6A88-8105-AA457103F462">
<hideElementsInCurrentOnly>false</hideElementsInCurrentOnly>
<bounds x="366" y="454" width="340" height="176"/>
</OView>
<OView class="oracle.dbtools.crest.swingui.relational.TVTable" oid="7C8EF0F0-9763-262B-F4DA-5CE7696A5B9A" otype="Table" vid="DDE11960-75BA-18FC-90A4-FBCBCB1E0F74">
<hideElementsInCurrentOnly>false</hideElementsInCurrentOnly>
<bounds x="2552" y="286" width="257" height="130"/>
</OView>
<OView class="oracle.dbtools.crest.swingui.relational.TVTable" oid="94081AEE-D539-6279-7B81-89FC056DDA98" otype="Table" vid="E2A99AD4-DA4B-37E2-7672-3C56AB6D75F2">
<hideElementsInCurrentOnly>false</hideElementsInCurrentOnly>
<bounds x="1467" y="290" width="228" height="105"/>
</OView>
<OView class="oracle.dbtools.crest.swingui.relational.TVTable" oid="9829583C-52DB-F3DD-5EA2-54B9762AB663" otype="Table" vid="4B3C78A1-3423-E616-F1A1-E5C220983B38">
<hideElementsInCurrentOnly>false</hideElementsInCurrentOnly>
<bounds x="2597" y="82" width="291" height="159"/>
</OView>
<OView class="oracle.dbtools.crest.swingui.relational.TVTable" oid="99E98C21-159F-C511-8466-F5D883A49FEB" otype="Table" vid="7E208695-B172-0FD0-768B-9C55BDFD2994">
<hideElementsInCurrentOnly>false</hideElementsInCurrentOnly>
<bounds x="0" y="69" width="219" height="159"/>
</OView>
<OView class="oracle.dbtools.crest.swingui.relational.TVTable" oid="A0DA6861-A382-2E51-50A8-55E425A05B0D" otype="Table" vid="D6AD3146-1E64-7445-ADBA-B8E2A3E32F64">
<hideElementsInCurrentOnly>false</hideElementsInCurrentOnly>
<bounds x="73" y="1336" width="278" height="122"/>
</OView>
<OView class="oracle.dbtools.crest.swingui.relational.TVTable" oid="A2D717C5-7D2F-5AA8-5054-08538F84EA6D" otype="Table" vid="79DD1655-4E25-2807-73EC-56DF7F63DCC8">
<hideElementsInCurrentOnly>false</hideElementsInCurrentOnly>
<bounds x="498" y="1643" width="368" height="131"/>
</OView>
<OView class="oracle.dbtools.crest.swingui.relational.TVTable" oid="A700E456-AF65-29FB-99A3-413B7FF38413" otype="Table" vid="8EF976A6-E016-BD35-A6AA-334F371C4E64">
<hideElementsInCurrentOnly>false</hideElementsInCurrentOnly>
<bounds x="2499" y="490" width="299" height="103"/>
</OView>
<OView class="oracle.dbtools.crest.swingui.relational.TVTable" oid="AA3A6648-FCCC-8E41-79A4-84A9159893EF" otype="Table" vid="B4654450-61F2-38B9-D9C5-64BE52F6919F">
<hideElementsInCurrentOnly>false</hideElementsInCurrentOnly>
<bounds x="497" y="309" width="221" height="104"/>
</OView>
<OView class="oracle.dbtools.crest.swingui.relational.TVTable" oid="AD69846C-C522-13BA-6FCA-E2D59BC75401" otype="Table" vid="CEC9CFEC-002E-2CC2-4ECB-AB8B331590E5">
<hideElementsInCurrentOnly>false</hideElementsInCurrentOnly>
<bounds x="1295" y="4" width="513" height="248"/>
</OView>
<OView class="oracle.dbtools.crest.swingui.relational.TVTable" oid="AF972B4A-C02B-15B2-B665-A4A0EDDC2CC4" otype="Table" vid="7FF7D341-0C06-1478-50F1-5E7F5AD9A51D">
<hideElementsInCurrentOnly>false</hideElementsInCurrentOnly>
<bounds x="1911" y="1117" width="136" height="92"/>
</OView>
<OView class="oracle.dbtools.crest.swingui.relational.TVTable" oid="B30EE27D-9A3D-B092-4977-5027A26E377D" otype="Table" vid="A9F6454C-6650-561F-C747-0F8C67DE69BA">
<hideElementsInCurrentOnly>false</hideElementsInCurrentOnly>
<bounds x="414" y="847" width="249" height="110"/>
</OView>
<OView class="oracle.dbtools.crest.swingui.relational.TVTable" oid="B775C086-E0AF-7E71-10F9-9F02D21141FD" otype="Table" vid="98F63A63-EC21-FBFD-F214-0B8BE6C0AEF6">
<hideElementsInCurrentOnly>false</hideElementsInCurrentOnly>
<bounds x="2418" y="844" width="164" height="93"/>
</OView>
<OView class="oracle.dbtools.crest.swingui.relational.TVTable" oid="B87C8758-B20A-E985-4DCC-EB3574F4C19A" otype="Table" vid="3DED3C96-F741-A7EF-4547-77B26778F4BB">
<hideElementsInCurrentOnly>false</hideElementsInCurrentOnly>
<bounds x="1327" y="1122" width="473" height="248"/>
</OView>
<OView class="oracle.dbtools.crest.swingui.relational.TVTable" oid="BFF7B1D2-EC9A-3199-D161-3CDB1EC40D4C" otype="Table" vid="185ADCAA-F8BA-70F2-3793-C46DE5AE2F1D">
<hideElementsInCurrentOnly>false</hideElementsInCurrentOnly>
<bounds x="320" y="19" width="263" height="173"/>
</OView>
<OView class="oracle.dbtools.crest.swingui.relational.TVTable" oid="C0404F2C-5F2A-09D4-9A20-4FCD41A1D0D6" otype="Table" vid="D106E527-79B3-D2A2-AE0B-24E95410F5F5">
<hideElementsInCurrentOnly>false</hideElementsInCurrentOnly>
<bounds x="476" y="1405" width="380" height="348"/>
</OView>
<OView class="oracle.dbtools.crest.swingui.relational.TVTable" oid="C3BE0C9A-975F-A800-C2A4-4C477F521F3C" otype="Table" vid="42481781-727C-EA44-41C5-9FFAB79A8FF8">
<hideElementsInCurrentOnly>false</hideElementsInCurrentOnly>
<bounds x="2268" y="523" width="184" height="91"/>
</OView>
<OView class="oracle.dbtools.crest.swingui.relational.TVTable" oid="CA4D12D3-2454-0312-DA0E-88DD19D51365" otype="Table" vid="9A66E089-EEDA-39DE-125E-0E28FB958687">
<hideElementsInCurrentOnly>false</hideElementsInCurrentOnly>
<bounds x="1826" y="0" width="369" height="188"/>
</OView>
<OView class="oracle.dbtools.crest.swingui.relational.TVTable" oid="CAD14DFD-F503-5A22-1293-9E48F1879007" otype="Table" vid="5A2C03BF-88AD-ADA0-4216-1174169B3161">
<hideElementsInCurrentOnly>false</hideElementsInCurrentOnly>
<bounds x="1405" y="852" width="362" height="232"/>
</OView>
<OView class="oracle.dbtools.crest.swingui.relational.TVTable" oid="CD6E1CE8-6882-C7FB-DE8D-A922CDE5244C" otype="Table" vid="BEB41E7C-F602-DDEB-608C-236C0A52A468">
<hideElementsInCurrentOnly>false</hideElementsInCurrentOnly>
<bounds x="990" y="535" width="209" height="105"/>
</OView>
<OView class="oracle.dbtools.crest.swingui.relational.TVTable" oid="D4769408-69BF-16ED-B087-B3A88FA335E1" otype="Table" vid="5ABD34C1-F110-446C-5B62-0AB51DC82184">
<hideElementsInCurrentOnly>false</hideElementsInCurrentOnly>
<bounds x="406" y="668" width="216" height="143"/>
</OView>
<OView class="oracle.dbtools.crest.swingui.relational.TVTable" oid="DF9A6E61-7529-DC85-3062-F78A3A6A54A3" otype="Table" vid="0FBC7801-E6F0-FB0A-6C4C-B1CD7852977A">
<hideElementsInCurrentOnly>false</hideElementsInCurrentOnly>
<bounds x="1589" y="602" width="226" height="162"/>
</OView>
<OView class="oracle.dbtools.crest.swingui.relational.TVTable" oid="E4417C2A-F495-B4DF-0954-CAB1814AAD32" otype="Table" vid="23B35736-E824-1EE1-492D-3E2FCDF0C8DF">
<hideElementsInCurrentOnly>false</hideElementsInCurrentOnly>
<bounds x="716" y="663" width="285" height="189"/>
</OView>
<OView class="oracle.dbtools.crest.swingui.relational.TVTable" oid="E46DB026-DA05-2F7B-6047-EAAD18411C56" otype="Table" vid="01E1571E-83D4-1389-5907-420341840621">
<hideElementsInCurrentOnly>false</hideElementsInCurrentOnly>
<bounds x="1861" y="512" width="320" height="162"/>
</OView>
<OView class="oracle.dbtools.crest.swingui.relational.TVTable" oid="E7B11B3D-ADB6-A77A-29A9-5A6C95677CFE" otype="Table" vid="EDEBD378-5975-CAB0-1918-3F5066D90C33">
<hideElementsInCurrentOnly>false</hideElementsInCurrentOnly>
<bounds x="818" y="890" width="399" height="464"/>
</OView>
<OView class="oracle.dbtools.crest.swingui.relational.TVTable" oid="E9B36CD7-5A5C-AB15-3E44-079FCCE738CD" otype="Table" vid="7D701B4D-1ABA-4DB2-5E32-24EF18B7A116">
<hideElementsInCurrentOnly>false</hideElementsInCurrentOnly>
<bounds x="1480" y="1380" width="337" height="121"/>
</OView>
<OView class="oracle.dbtools.crest.swingui.relational.TVTable" oid="EAE227A2-B7CC-1D1E-1F7C-8D9D473902AB" otype="Table" vid="2B71253D-538A-DCF6-3DF9-D821685863FC">
<hideElementsInCurrentOnly>false</hideElementsInCurrentOnly>
<bounds x="471" y="1017" width="243" height="193"/>
</OView>
<OView class="oracle.dbtools.crest.swingui.relational.TVTable" oid="ED37A084-95A3-99D6-9303-67DE7B3E9172" otype="Table" vid="3C7B2317-428E-2259-353B-6C6825B22C00">
<hideElementsInCurrentOnly>false</hideElementsInCurrentOnly>
<bounds x="1232" y="611" width="313" height="240"/>
</OView>
<OView class="oracle.dbtools.crest.swingui.relational.TVTable" oid="EDD340F3-AA1E-CCAE-D70D-8D5218B313B8" otype="Table" vid="B39AF550-050B-4F91-6D77-1C982EDABF24">
<hideElementsInCurrentOnly>false</hideElementsInCurrentOnly>
<bounds x="874" y="397" width="232" height="113"/>
</OView>
<OView class="oracle.dbtools.crest.swingui.relational.TVTable" oid="F31ECB24-B268-AE49-13FD-A98CD08E4DBE" otype="Table" vid="44653B1E-B60A-D3EC-5350-554FBA322339">
<hideElementsInCurrentOnly>false</hideElementsInCurrentOnly>
<bounds x="2122" y="722" width="148" height="98"/>
</OView>
</objectViews>
<connectors>
<Connector class="oracle.dbtools.crest.swingui.relational.TVFKRelation" oid="01BD6F65-6416-C2C9-40B5-4C854C4E85D8" otype="FKIndexAssociation" vid_source="7FF7D341-0C06-1478-50F1-5E7F5AD9A51D" vid_target="5A2C03BF-88AD-ADA0-4216-1174169B3161">
<hideElementsInCurrentOnly>false</hideElementsInCurrentOnly>
<backgroundColor>-16777216</backgroundColor>
<lineWidth>1</lineWidth>
<points>
<point x="1911" y="1129"/>
<point x="1767" y="1042"/>
</points>
</Connector>
<Connector class="oracle.dbtools.crest.swingui.relational.TVFKRelation" oid="03F62CB1-B506-114B-5B6F-4B640283DE6F" otype="FKIndexAssociation" vid_source="BCC18271-40AC-DB8F-41F9-4CDC95D9E759" vid_target="EDEBD378-5975-CAB0-1918-3F5066D90C33">
<hideElementsInCurrentOnly>false</hideElementsInCurrentOnly>
<backgroundColor>-16777216</backgroundColor>
<lineWidth>1</lineWidth>
<points>
<point x="902" y="234"/>
<point x="902" y="890"/>
</points>
</Connector>
<Connector class="oracle.dbtools.crest.swingui.relational.TVFKRelation" oid="089B6FE4-9687-94FE-B5DF-4802A258D231" otype="FKIndexAssociation" vid_source="42481781-727C-EA44-41C5-9FFAB79A8FF8" vid_target="01E1571E-83D4-1389-5907-420341840621">
<hideElementsInCurrentOnly>false</hideElementsInCurrentOnly>
<backgroundColor>-16777216</backgroundColor>
<lineWidth>1</lineWidth>
<points>
<point x="2268" y="568"/>
<point x="2181" y="568"/>
</points>
</Connector>
<Connector class="oracle.dbtools.crest.swingui.relational.TVFKRelation" oid="0EE9263A-202C-BB3C-F90B-828A9623388B" otype="FKIndexAssociation" vid_source="CB0969A9-A686-0FD1-1066-EE8A678F697D" vid_target="9A66E089-EEDA-39DE-125E-0E28FB958687">
<hideElementsInCurrentOnly>false</hideElementsInCurrentOnly>
<backgroundColor>-16777216</backgroundColor>
<lineWidth>1</lineWidth>
<points>
<point x="1898" y="203"/>
<point x="1898" y="188"/>
</points>
</Connector>
<Connector class="oracle.dbtools.crest.swingui.relational.TVFKRelation" oid="0F468C78-8BE6-5808-770A-FE0B0C9F90BE" otype="FKIndexAssociation" vid_source="08B20B71-92A5-D199-A08C-A977ECC29489" vid_target="D106E527-79B3-D2A2-AE0B-24E95410F5F5">
<hideElementsInCurrentOnly>false</hideElementsInCurrentOnly>
<backgroundColor>-16777216</backgroundColor>
<lineWidth>1</lineWidth>
<points>
<point x="901" y="1449"/>
<point x="856" y="1449"/>
</points>
</Connector>
<Connector class="oracle.dbtools.crest.swingui.relational.TVFKRelation" oid="18974AA8-8565-FC08-9347-6FDD4564E29E" otype="FKIndexAssociation" vid_source="CA8F753B-904E-4E28-690C-9F14C9C8E1F9" vid_target="198C72DB-11F9-9D0A-3867-8948AB82C774">
<hideElementsInCurrentOnly>false</hideElementsInCurrentOnly>
<backgroundColor>-16777216</backgroundColor>
<lineWidth>1</lineWidth>
<points>
<point x="2382" y="1530"/>
<point x="2382" y="1127"/>
</points>
</Connector>
<Connector class="oracle.dbtools.crest.swingui.relational.TVFKRelation" oid="1AE24E30-A9A1-1C28-66B7-DFF516024B96" otype="FKIndexAssociation" vid_source="8EF976A6-E016-BD35-A6AA-334F371C4E64" vid_target="512BBDBD-AF07-D0BA-F53F-9FF062071273">
<hideElementsInCurrentOnly>false</hideElementsInCurrentOnly>
<backgroundColor>-16777216</backgroundColor>
<lineWidth>1</lineWidth>
<points>
<point x="2514" y="490"/>
<point x="2514" y="249"/>
</points>
</Connector>
<Connector class="oracle.dbtools.crest.swingui.relational.TVFKRelation" oid="1B84C168-66C4-8A35-403E-6215A40F062C" otype="FKIndexAssociation" vid_source="B4654450-61F2-38B9-D9C5-64BE52F6919F" vid_target="B39AF550-050B-4F91-6D77-1C982EDABF24">
<hideElementsInCurrentOnly>false</hideElementsInCurrentOnly>
<backgroundColor>-16777216</backgroundColor>
<lineWidth>1</lineWidth>
<points>
<point x="718" y="405"/>
<point x="874" y="405"/>
</points>
</Connector>
<Connector class="oracle.dbtools.crest.swingui.relational.TVFKRelation" oid="1BC22C8B-8C16-D46E-936D-9F4AB0D173DD" otype="FKIndexAssociation" vid_source="B0678DBA-D257-449C-9E6E-ED16A40E147A" vid_target="19641A22-54C9-C059-005A-843477663851">
<hideElementsInCurrentOnly>false</hideElementsInCurrentOnly>
<backgroundColor>-16777216</backgroundColor>
<lineWidth>1</lineWidth>
<points>
<point x="166" y="851"/>
<point x="166" y="724"/>
</points>
</Connector>
<Connector class="oracle.dbtools.crest.swingui.relational.TVFKRelation" oid="1CDEA8BA-7153-38E2-06F5-E7BB33F1FCB8" otype="FKIndexAssociation" vid_source="A9F6454C-6650-561F-C747-0F8C67DE69BA" vid_target="19641A22-54C9-C059-005A-843477663851">
<hideElementsInCurrentOnly>false</hideElementsInCurrentOnly>
<backgroundColor>-16777216</backgroundColor>
<lineWidth>1</lineWidth>
<points>
<point x="463" y="847"/>
<point x="296" y="724"/>
</points>
</Connector>
<Connector class="oracle.dbtools.crest.swingui.relational.TVFKRelation" oid="1FF5DF83-36DF-4A43-4175-CC75E93161A0" otype="FKIndexAssociation" vid_source="EDEBD378-5975-CAB0-1918-3F5066D90C33" vid_target="3DED3C96-F741-A7EF-4547-77B26778F4BB">
<hideElementsInCurrentOnly>false</hideElementsInCurrentOnly>
<backgroundColor>-16777216</backgroundColor>
<lineWidth>1</lineWidth>
<points>
<point x="1217" y="1238"/>
<point x="1327" y="1238"/>
</points>
</Connector>
<Connector class="oracle.dbtools.crest.swingui.relational.TVFKRelation" oid="2F48F1DD-A39B-B4CF-FB0F-FE037734E3EE" otype="FKIndexAssociation" vid_source="BCC18271-40AC-DB8F-41F9-4CDC95D9E759" vid_target="B39AF550-050B-4F91-6D77-1C982EDABF24">
<hideElementsInCurrentOnly>false</hideElementsInCurrentOnly>
<backgroundColor>-16777216</backgroundColor>
<lineWidth>1</lineWidth>
<points>
<point x="930" y="234"/>
<point x="930" y="397"/>
</points>
</Connector>
<Connector class="oracle.dbtools.crest.swingui.relational.TVFKRelation" oid="3E8D2CF0-3E10-E678-48D1-F90AAC65535F" otype="FKIndexAssociation" vid_source="BCC18271-40AC-DB8F-41F9-4CDC95D9E759" vid_target="3DED3C96-F741-A7EF-4547-77B26778F4BB">
<hideElementsInCurrentOnly>false</hideElementsInCurrentOnly>
<backgroundColor>-16777216</backgroundColor>
<lineWidth>1</lineWidth>
<points>
<point x="913" y="234"/>
<point x="1483" y="1122"/>
</points>
</Connector>
<Connector class="oracle.dbtools.crest.swingui.relational.TVFKRelation" oid="4182BF37-802A-0833-DA41-D721CC6674C1" otype="FKIndexAssociation" vid_source="512BBDBD-AF07-D0BA-F53F-9FF062071273" vid_target="9FC7C8AB-1CC8-8FE2-FA2D-0109832A4069">
<hideElementsInCurrentOnly>false</hideElementsInCurrentOnly>
<backgroundColor>-16777216</backgroundColor>
<lineWidth>1</lineWidth>
<points>
<point x="2209" y="212"/>
<point x="1855" y="396"/>
</points>
</Connector>
<Connector class="oracle.dbtools.crest.swingui.relational.TVFKRelation" oid="47C68B25-6603-FA0B-667B-7FB34DD20350" otype="FKIndexAssociation" vid_source="D106E527-79B3-D2A2-AE0B-24E95410F5F5" vid_target="6865921D-6BB6-F479-67E5-B06E4654E7D7">
<hideElementsInCurrentOnly>false</hideElementsInCurrentOnly>
<backgroundColor>-16777216</backgroundColor>
<lineWidth>1</lineWidth>
<points>
<point x="476" y="1454"/>
<point x="235" y="1296"/>
</points>
</Connector>
<Connector class="oracle.dbtools.crest.swingui.relational.TVFKRelation" oid="4802D39B-5C05-795A-5195-1A6F4C178A5C" otype="FKIndexAssociation" vid_source="512BBDBD-AF07-D0BA-F53F-9FF062071273" vid_target="01E1571E-83D4-1389-5907-420341840621">
<hideElementsInCurrentOnly>false</hideElementsInCurrentOnly>
<backgroundColor>-16777216</backgroundColor>
<lineWidth>1</lineWidth>
<points>
<point x="2279" y="249"/>
<point x="2081" y="512"/>
</points>
</Connector>
<Connector class="oracle.dbtools.crest.swingui.relational.TVFKRelation" oid="4D2AB17A-319A-C890-C122-C285B77DCF85" otype="FKIndexAssociation" vid_source="185ADCAA-F8BA-70F2-3793-C46DE5AE2F1D" vid_target="BCC18271-40AC-DB8F-41F9-4CDC95D9E759">
<hideElementsInCurrentOnly>false</hideElementsInCurrentOnly>
<backgroundColor>-16777216</backgroundColor>
<lineWidth>1</lineWidth>
<points>
<point x="583" y="105"/>
<point x="689" y="105"/>
</points>
</Connector>
<Connector class="oracle.dbtools.crest.swingui.relational.TVFKRelation" oid="552C07C0-A083-AB25-D81B-F651DFDF79D7" otype="FKIndexAssociation" vid_source="7D701B4D-1ABA-4DB2-5E32-24EF18B7A116" vid_target="3DED3C96-F741-A7EF-4547-77B26778F4BB">
<hideElementsInCurrentOnly>false</hideElementsInCurrentOnly>
<backgroundColor>-16777216</backgroundColor>
<lineWidth>1</lineWidth>
<points>
<point x="1640" y="1380"/>
<point x="1640" y="1370"/>
</points>
</Connector>
<Connector class="oracle.dbtools.crest.swingui.relational.TVFKRelation" oid="5AB4DEC6-2ACD-D3DB-46E0-1CC9029755D3" otype="FKIndexAssociation" vid_source="BCC18271-40AC-DB8F-41F9-4CDC95D9E759" vid_target="23B35736-E824-1EE1-492D-3E2FCDF0C8DF">
<hideElementsInCurrentOnly>false</hideElementsInCurrentOnly>
<backgroundColor>-16777216</backgroundColor>
<lineWidth>1</lineWidth>
<points>
<point x="851" y="234"/>
<point x="851" y="663"/>
</points>
</Connector>
<Connector class="oracle.dbtools.crest.swingui.relational.TVFKRelation" oid="60979C34-3786-2633-F859-98E0E7613EA5" otype="FKIndexAssociation" vid_source="512BBDBD-AF07-D0BA-F53F-9FF062071273" vid_target="4B3C78A1-3423-E616-F1A1-E5C220983B38">
<hideElementsInCurrentOnly>false</hideElementsInCurrentOnly>
<backgroundColor>-16777216</backgroundColor>
<lineWidth>1</lineWidth>
<points>
<point x="2530" y="161"/>
<point x="2597" y="161"/>
</points>
</Connector>
<Connector class="oracle.dbtools.crest.swingui.relational.TVFKRelation" oid="62406D89-BCD3-99B8-A051-B7F96716F0B3" otype="FKIndexAssociation" vid_source="9B7E970D-34BF-8849-EBF8-0D03E9AA5C43" vid_target="D6AD3146-1E64-7445-ADBA-B8E2A3E32F64">
<hideElementsInCurrentOnly>false</hideElementsInCurrentOnly>
<backgroundColor>-16777216</backgroundColor>
<lineWidth>1</lineWidth>
<points>
<point x="238" y="1519"/>
<point x="238" y="1458"/>
</points>
</Connector>
<Connector class="oracle.dbtools.crest.swingui.relational.TVFKRelation" oid="65C7FAA3-EE0C-35E7-62AB-26AF25EC702B" otype="FKIndexAssociation" vid_source="2874742F-F233-68B6-44F9-732E59186DE1" vid_target="9A66E089-EEDA-39DE-125E-0E28FB958687">
<hideElementsInCurrentOnly>false</hideElementsInCurrentOnly>
<backgroundColor>-16777216</backgroundColor>
<lineWidth>1</lineWidth>
<points>
<point x="2099" y="288"/>
<point x="2099" y="188"/>
</points>
</Connector>
<Connector class="oracle.dbtools.crest.swingui.relational.TVFKRelation" oid="69EFA4F8-F703-A180-B60A-9BA57519419E" otype="FKIndexAssociation" vid_source="BB693C15-E420-0D77-2F95-6CF37D1EB2BB" vid_target="66AEA4A3-D3CC-7FE2-A799-885137367E5F">
<hideElementsInCurrentOnly>false</hideElementsInCurrentOnly>
<backgroundColor>-16777216</backgroundColor>
<lineWidth>1</lineWidth>
<points>
<point x="2699" y="840"/>
<point x="2699" y="799"/>
</points>
</Connector>
<Connector class="oracle.dbtools.crest.swingui.relational.TVFKRelation" oid="72B954CE-FC91-95F1-A2C0-124EA3223CFD" otype="FKIndexAssociation" vid_source="5ABD34C1-F110-446C-5B62-0AB51DC82184" vid_target="19641A22-54C9-C059-005A-843477663851">
<hideElementsInCurrentOnly>false</hideElementsInCurrentOnly>
<backgroundColor>-16777216</backgroundColor>
<lineWidth>1</lineWidth>
<points>
<point x="406" y="696"/>
<point x="327" y="696"/>
</points>
</Connector>
<Connector class="oracle.dbtools.crest.swingui.relational.TVFKRelation" oid="73DB7C95-1B46-0196-F765-A237665A9277" otype="FKIndexAssociation" vid_source="BCC18271-40AC-DB8F-41F9-4CDC95D9E759" vid_target="4B3C78A1-3423-E616-F1A1-E5C220983B38">
<hideElementsInCurrentOnly>false</hideElementsInCurrentOnly>
<backgroundColor>-16777216</backgroundColor>
<lineWidth>1</lineWidth>
<points>
<point x="987" y="188"/>
<point x="2597" y="143"/>
</points>
</Connector>
<Connector class="oracle.dbtools.crest.swingui.relational.TVFKRelation" oid="75807754-8F22-09E4-B5A1-59C605D3F857" otype="FKIndexAssociation" vid_source="D106E527-79B3-D2A2-AE0B-24E95410F5F5" vid_target="3DED3C96-F741-A7EF-4547-77B26778F4BB">
<hideElementsInCurrentOnly>false</hideElementsInCurrentOnly>
<backgroundColor>-16777216</backgroundColor>
<lineWidth>1</lineWidth>
<points>
<point x="856" y="1508"/>
<point x="1327" y="1333"/>
</points>
</Connector>
<Connector class="oracle.dbtools.crest.swingui.relational.TVFKRelation" oid="7BA910AF-A71D-6031-B89B-D92ABABF78E4" otype="FKIndexAssociation" vid_source="EDEBD378-5975-CAB0-1918-3F5066D90C33" vid_target="23B35736-E824-1EE1-492D-3E2FCDF0C8DF">
<hideElementsInCurrentOnly>false</hideElementsInCurrentOnly>
<backgroundColor>-16777216</backgroundColor>
<lineWidth>1</lineWidth>
<points>
<point x="924" y="890"/>
<point x="924" y="852"/>
</points>
</Connector>
<Connector class="oracle.dbtools.crest.swingui.relational.TVFKRelation" oid="7EF3BAF4-6B00-7E79-A04B-1D1274A3D302" otype="FKIndexAssociation" vid_source="BEB41E7C-F602-DDEB-608C-236C0A52A468" vid_target="EDEBD378-5975-CAB0-1918-3F5066D90C33">
<hideElementsInCurrentOnly>false</hideElementsInCurrentOnly>
<backgroundColor>-16777216</backgroundColor>
<lineWidth>1</lineWidth>
<points>
<point x="1094" y="640"/>
<point x="1094" y="890"/>
</points>
</Connector>
<Connector class="oracle.dbtools.crest.swingui.relational.TVFKRelation" oid="83625F9E-1087-CA7C-A1E7-20B68D1472EE" otype="FKIndexAssociation" vid_source="D6AD3146-1E64-7445-ADBA-B8E2A3E32F64" vid_target="6865921D-6BB6-F479-67E5-B06E4654E7D7">
<hideElementsInCurrentOnly>false</hideElementsInCurrentOnly>
<backgroundColor>-16777216</backgroundColor>
<lineWidth>1</lineWidth>
<points>
<point x="150" y="1336"/>
<point x="150" y="1311"/>
</points>
</Connector>
<Connector class="oracle.dbtools.crest.swingui.relational.TVFKRelation" oid="884D3680-8B80-A3F9-2E67-D026ADE55109" otype="FKIndexAssociation" vid_source="3B5EDC67-3783-944B-54BB-E070263446C9" vid_target="198C72DB-11F9-9D0A-3867-8948AB82C774">
<hideElementsInCurrentOnly>false</hideElementsInCurrentOnly>
<backgroundColor>-16777216</backgroundColor>
<lineWidth>1</lineWidth>
<points>
<point x="2064" y="1481"/>
<point x="2319" y="1127"/>
</points>
</Connector>
<Connector class="oracle.dbtools.crest.swingui.relational.TVFKRelation" oid="943552BB-910F-FB50-C0EE-35F440A893DE" otype="FKIndexAssociation" vid_source="35EFC55B-8DAA-BAFC-E48F-383FDE7C48C4" vid_target="7E208695-B172-0FD0-768B-9C55BDFD2994">
<hideElementsInCurrentOnly>false</hideElementsInCurrentOnly>
<backgroundColor>-16777216</backgroundColor>
<lineWidth>1</lineWidth>
<points>
<point x="138" y="291"/>
<point x="138" y="228"/>
</points>
</Connector>
<Connector class="oracle.dbtools.crest.swingui.relational.TVFKRelation" oid="967A75B7-2E7C-85A8-E74F-AF4A984D4FBE" otype="FKIndexAssociation" vid_source="DDE11960-75BA-18FC-90A4-FBCBCB1E0F74" vid_target="4B3C78A1-3423-E616-F1A1-E5C220983B38">
<hideElementsInCurrentOnly>false</hideElementsInCurrentOnly>
<backgroundColor>-16777216</backgroundColor>
<lineWidth>1</lineWidth>
<points>
<point x="2703" y="286"/>
<point x="2703" y="241"/>
</points>
</Connector>
<Connector class="oracle.dbtools.crest.swingui.relational.TVFKRelation" oid="98CCC9D7-904F-FC2D-949E-7AD67A6F040F" otype="FKIndexAssociation" vid_source="EA316DEB-4555-1DC0-AC9B-6D490B49EFF9" vid_target="5A2C03BF-88AD-ADA0-4216-1174169B3161">
<hideElementsInCurrentOnly>false</hideElementsInCurrentOnly>
<backgroundColor>-16777216</backgroundColor>
<lineWidth>1</lineWidth>
<points>
<point x="2053" y="1231"/>
<point x="1767" y="1069"/>
</points>
</Connector>
<Connector class="oracle.dbtools.crest.swingui.relational.TVFKRelation" oid="A03276D5-EDD9-ADCA-9331-0439FD195068" otype="FKIndexAssociation" vid_source="BCC18271-40AC-DB8F-41F9-4CDC95D9E759" vid_target="5A2C03BF-88AD-ADA0-4216-1174169B3161">
<hideElementsInCurrentOnly>false</hideElementsInCurrentOnly>
<backgroundColor>-16777216</backgroundColor>
<lineWidth>1</lineWidth>
<points>
<point x="940" y="234"/>
<point x="1484" y="852"/>
</points>
</Connector>
<Connector class="oracle.dbtools.crest.swingui.relational.TVFKRelation" oid="AACF5674-91CC-7F3A-0634-B150468EF96F" otype="FKIndexAssociation" vid_source="35EFC55B-8DAA-BAFC-E48F-383FDE7C48C4" vid_target="BCC18271-40AC-DB8F-41F9-4CDC95D9E759">
<hideElementsInCurrentOnly>false</hideElementsInCurrentOnly>
<backgroundColor>-16777216</backgroundColor>
<lineWidth>1</lineWidth>
<points>
<point x="317" y="339"/>
<point x="689" y="150"/>
</points>
</Connector>
<Connector class="oracle.dbtools.crest.swingui.relational.TVFKRelation" oid="AF7AE1E4-F101-1328-43AF-0AA7D4529241" otype="FKIndexAssociation" vid_source="198C72DB-11F9-9D0A-3867-8948AB82C774" vid_target="01E1571E-83D4-1389-5907-420341840621">
<hideElementsInCurrentOnly>false</hideElementsInCurrentOnly>
<backgroundColor>-16777216</backgroundColor>
<lineWidth>1</lineWidth>
<points>
<point x="2276" y="928"/>
<point x="2082" y="674"/>
</points>
</Connector>
<Connector class="oracle.dbtools.crest.swingui.relational.TVFKRelation" oid="AF874040-D4ED-C89F-4ACC-5F01A012193D" otype="FKIndexAssociation" vid_source="79DD1655-4E25-2807-73EC-56DF7F63DCC8" vid_target="D106E527-79B3-D2A2-AE0B-24E95410F5F5">
<hideElementsInCurrentOnly>false</hideElementsInCurrentOnly>
<backgroundColor>-16777216</backgroundColor>
<lineWidth>1</lineWidth>
<points>
<point x="498" y="1698"/>
<point x="856" y="1698"/>
</points>
</Connector>
<Connector class="oracle.dbtools.crest.swingui.relational.TVFKRelation" oid="B9BEE975-0DD9-5DB6-1B75-D27EC54F5915" otype="FKIndexAssociation" vid_source="5A2C03BF-88AD-ADA0-4216-1174169B3161" vid_target="EDEBD378-5975-CAB0-1918-3F5066D90C33">
<hideElementsInCurrentOnly>false</hideElementsInCurrentOnly>
<backgroundColor>-16777216</backgroundColor>
<lineWidth>1</lineWidth>
<points>
<point x="1405" y="987"/>
<point x="1217" y="987"/>
</points>
</Connector>
<Connector class="oracle.dbtools.crest.swingui.relational.TVFKRelation" oid="BC16C188-45E6-65B9-80C2-585095348126" otype="FKIndexAssociation" vid_source="9A66E089-EEDA-39DE-125E-0E28FB958687" vid_target="512BBDBD-AF07-D0BA-F53F-9FF062071273">
<hideElementsInCurrentOnly>false</hideElementsInCurrentOnly>
<backgroundColor>-16777216</backgroundColor>
<lineWidth>1</lineWidth>
<points>
<point x="2195" y="98"/>
<point x="2209" y="98"/>
</points>
</Connector>
<Connector class="oracle.dbtools.crest.swingui.relational.TVFKRelation" oid="BC2002C3-0F75-C418-0566-801A10234B9A" otype="FKIndexAssociation" vid_source="5A2C03BF-88AD-ADA0-4216-1174169B3161" vid_target="66AEA4A3-D3CC-7FE2-A799-885137367E5F">
<hideElementsInCurrentOnly>false</hideElementsInCurrentOnly>
<backgroundColor>-16777216</backgroundColor>
<lineWidth>1</lineWidth>
<points>
<point x="1767" y="927"/>
<point x="2433" y="776"/>
</points>
</Connector>
<Connector class="oracle.dbtools.crest.swingui.relational.TVFKRelation" oid="BD8DCA66-D35D-73CD-068F-2DE7BC351FDF" otype="FKIndexAssociation" vid_source="44653B1E-B60A-D3EC-5350-554FBA322339" vid_target="01E1571E-83D4-1389-5907-420341840621">
<hideElementsInCurrentOnly>false</hideElementsInCurrentOnly>
<backgroundColor>-16777216</backgroundColor>
<lineWidth>1</lineWidth>
<points>
<point x="2151" y="722"/>
<point x="2151" y="674"/>
</points>
</Connector>
<Connector class="oracle.dbtools.crest.swingui.relational.TVFKRelation" oid="C578B668-4551-A2A2-5C1C-295F0E9C6C35" otype="FKIndexAssociation" vid_source="BCC18271-40AC-DB8F-41F9-4CDC95D9E759" vid_target="19641A22-54C9-C059-005A-843477663851">
<hideElementsInCurrentOnly>false</hideElementsInCurrentOnly>
<backgroundColor>-16777216</backgroundColor>
<lineWidth>1</lineWidth>
<points>
<point x="693" y="234"/>
<point x="286" y="562"/>
</points>
</Connector>
<Connector class="oracle.dbtools.crest.swingui.relational.TVFKRelation" oid="CA5A3AF1-645F-9992-E466-CE4E3484DD3A" otype="FKIndexAssociation" vid_source="BCC18271-40AC-DB8F-41F9-4CDC95D9E759" vid_target="5207756C-0E2D-6A88-8105-AA457103F462">
<hideElementsInCurrentOnly>false</hideElementsInCurrentOnly>
<backgroundColor>-16777216</backgroundColor>
<lineWidth>1</lineWidth>
<points>
<point x="697" y="234"/>
<point x="697" y="454"/>
</points>
</Connector>
<Connector class="oracle.dbtools.crest.swingui.relational.TVFKRelation" oid="D24548AF-36D1-6CB3-8973-0501FFD00E39" otype="FKIndexAssociation" vid_source="BCC18271-40AC-DB8F-41F9-4CDC95D9E759" vid_target="3C7B2317-428E-2259-353B-6C6825B22C00">
<hideElementsInCurrentOnly>false</hideElementsInCurrentOnly>
<backgroundColor>-16777216</backgroundColor>
<lineWidth>1</lineWidth>
<points>
<point x="942" y="234"/>
<point x="1280" y="611"/>
</points>
</Connector>
<Connector class="oracle.dbtools.crest.swingui.relational.TVFKRelation" oid="D25B3902-C90E-CB07-9FDB-C8710D6A75D6" otype="FKIndexAssociation" vid_source="512BBDBD-AF07-D0BA-F53F-9FF062071273" vid_target="5A2C03BF-88AD-ADA0-4216-1174169B3161">
<hideElementsInCurrentOnly>false</hideElementsInCurrentOnly>
<backgroundColor>-16777216</backgroundColor>
<lineWidth>1</lineWidth>
<points>
<point x="2257" y="249"/>
<point x="1694" y="852"/>
</points>
</Connector>
<Connector class="oracle.dbtools.crest.swingui.relational.TVFKRelation" oid="D41A0C10-5C72-4071-F507-9BEAE07E5DD5" otype="FKIndexAssociation" vid_source="BCC18271-40AC-DB8F-41F9-4CDC95D9E759" vid_target="01E1571E-83D4-1389-5907-420341840621">
<hideElementsInCurrentOnly>false</hideElementsInCurrentOnly>
<backgroundColor>-16777216</backgroundColor>
<lineWidth>1</lineWidth>
<points>
<point x="987" y="176"/>
<point x="1861" y="528"/>
</points>
</Connector>
<Connector class="oracle.dbtools.crest.swingui.relational.TVFKRelation" oid="D5EFDA55-3FCC-7D75-445D-9294C85E4ACF" otype="FKIndexAssociation" vid_source="2B71253D-538A-DCF6-3DF9-D821685863FC" vid_target="EDEBD378-5975-CAB0-1918-3F5066D90C33">
<hideElementsInCurrentOnly>false</hideElementsInCurrentOnly>
<backgroundColor>-16777216</backgroundColor>
<lineWidth>1</lineWidth>
<points>
<point x="714" y="1128"/>
<point x="818" y="1128"/>
</points>
</Connector>
<Connector class="oracle.dbtools.crest.swingui.relational.TVFKRelation" oid="E235F6F6-FD14-5A81-1FBE-0EB9A544930A" otype="FKIndexAssociation" vid_source="D106E527-79B3-D2A2-AE0B-24E95410F5F5" vid_target="D6AD3146-1E64-7445-ADBA-B8E2A3E32F64">
<hideElementsInCurrentOnly>false</hideElementsInCurrentOnly>
<backgroundColor>-16777216</backgroundColor>
<lineWidth>1</lineWidth>
<points>
<point x="476" y="1431"/>
<point x="351" y="1431"/>
</points>
</Connector>
<Connector class="oracle.dbtools.crest.swingui.relational.TVFKRelation" oid="E64E78C1-DE49-02C3-F461-7C49BACC1449" otype="FKIndexAssociation" vid_source="BCC18271-40AC-DB8F-41F9-4CDC95D9E759" vid_target="CEC9CFEC-002E-2CC2-4ECB-AB8B331590E5">
<hideElementsInCurrentOnly>false</hideElementsInCurrentOnly>
<backgroundColor>-16777216</backgroundColor>
<lineWidth>1</lineWidth>
<points>
<point x="987" y="119"/>
<point x="1295" y="119"/>
</points>
</Connector>
<Connector class="oracle.dbtools.crest.swingui.relational.TVFKRelation" oid="E92783E4-1434-91C3-5216-FAF7D3DA5CDE" otype="FKIndexAssociation" vid_source="98F63A63-EC21-FBFD-F214-0B8BE6C0AEF6" vid_target="66AEA4A3-D3CC-7FE2-A799-885137367E5F">
<hideElementsInCurrentOnly>false</hideElementsInCurrentOnly>
<backgroundColor>-16777216</backgroundColor>
<lineWidth>1</lineWidth>
<points>
<point x="2507" y="844"/>
<point x="2507" y="799"/>
</points>
</Connector>
<Connector class="oracle.dbtools.crest.swingui.relational.TVFKRelation" oid="EA50B1A9-E639-736C-EFA2-89A8352000A0" otype="FKIndexAssociation" vid_source="E2A99AD4-DA4B-37E2-7672-3C56AB6D75F2" vid_target="CEC9CFEC-002E-2CC2-4ECB-AB8B331590E5">
<hideElementsInCurrentOnly>false</hideElementsInCurrentOnly>
<backgroundColor>-16777216</backgroundColor>
<lineWidth>1</lineWidth>
<points>
<point x="1581" y="290"/>
<point x="1581" y="252"/>
</points>
</Connector>
<Connector class="oracle.dbtools.crest.swingui.relational.TVFKRelation" oid="EB79BFDD-3A6E-18FC-479E-0510ABC38BD2" otype="FKIndexAssociation" vid_source="B6EF55D3-A00A-941C-7DBD-7C85555D1D66" vid_target="B39AF550-050B-4F91-6D77-1C982EDABF24">
<hideElementsInCurrentOnly>false</hideElementsInCurrentOnly>
<backgroundColor>-16777216</backgroundColor>
<lineWidth>1</lineWidth>
<points>
<point x="1212" y="453"/>
<point x="1106" y="453"/>
</points>
</Connector>
<Connector class="oracle.dbtools.crest.swingui.relational.TVFKRelation" oid="EC10E32D-4CDB-1C9D-9670-AB6EA817FB75" otype="FKIndexAssociation" vid_source="6F3E49B8-7E9D-D06F-D998-FEF2704AC3D7" vid_target="5A2C03BF-88AD-ADA0-4216-1174169B3161">
<hideElementsInCurrentOnly>false</hideElementsInCurrentOnly>
<backgroundColor>-16777216</backgroundColor>
<lineWidth>1</lineWidth>
<points>
<point x="2151" y="1049"/>
<point x="1767" y="1049"/>
</points>
</Connector>
<Connector class="oracle.dbtools.crest.swingui.relational.TVFKRelation" oid="F95FEEE7-6889-7642-B748-9FF2B9DDB5EE" otype="FKIndexAssociation" vid_source="BCC18271-40AC-DB8F-41F9-4CDC95D9E759" vid_target="FF3962B1-B8A3-8356-CAAD-BFF7DE2BD8BC">
<hideElementsInCurrentOnly>false</hideElementsInCurrentOnly>
<backgroundColor>-16777216</backgroundColor>
<lineWidth>1</lineWidth>
<points>
<point x="987" y="148"/>
<point x="1022" y="148"/>
</points>
</Connector>
<Connector class="oracle.dbtools.crest.swingui.relational.TVFKRelation" oid="FBF3142A-CD75-EB37-0670-806D30D15323" otype="FKIndexAssociation" vid_source="0FBC7801-E6F0-FB0A-6C4C-B1CD7852977A" vid_target="01E1571E-83D4-1389-5907-420341840621">
<hideElementsInCurrentOnly>false</hideElementsInCurrentOnly>
<backgroundColor>-16777216</backgroundColor>
<lineWidth>1</lineWidth>
<points>
<point x="1815" y="638"/>
<point x="1861" y="638"/>
</points>
</Connector>
<Connector class="oracle.dbtools.crest.swingui.relational.TVFKRelation" oid="FC9BC0FD-FCB3-159E-7128-BC0C5D3F02CB" otype="FKIndexAssociation" vid_source="9A66E089-EEDA-39DE-125E-0E28FB958687" vid_target="CEC9CFEC-002E-2CC2-4ECB-AB8B331590E5">
<hideElementsInCurrentOnly>false</hideElementsInCurrentOnly>
<backgroundColor>-16777216</backgroundColor>
<lineWidth>1</lineWidth>
<points>
<point x="1826" y="96"/>
<point x="1808" y="96"/>
</points>
</Connector>
<Connector class="oracle.dbtools.crest.swingui.relational.TVFKRelation" oid="FF9D32E7-250F-A49D-C1AE-A5B4DC47F874" otype="FKIndexAssociation" vid_source="EDEBD378-5975-CAB0-1918-3F5066D90C33" vid_target="01E1571E-83D4-1389-5907-420341840621">
<hideElementsInCurrentOnly>false</hideElementsInCurrentOnly>
<backgroundColor>-16777216</backgroundColor>
<lineWidth>1</lineWidth>
<points>
<point x="1217" y="1016"/>
<point x="1867" y="674"/>
</points>
</Connector>
</connectors>
</Diagram>